{
  "implementation": "JNI",
  "durationSec": 120.079900427,
  "finalMetrics": {
    "setCommands": 959780,
    "getCommands": 3842368,
    "getHits": 3074477,
    "getMisses": 767891,
    "setErrors": 0,
    "getErrors": 0,
    "setLatencies": {
      "count": 959780,
      "min": 0.101333,
      "max": 8.404387,
      "mean": 0.8628722231761361,
      "stdDev": 0.6275465493428948,
      "p50": 0.5731865,
      "p90": 1.7649776000000001,
      "p95": 1.9472796999999993,
      "p99": 2.3681455399999995
    },
    "getHitLatencies": {
      "count": 3074477,
      "min": 0.100455,
      "max": 8.654591,
      "mean": 0.8955784001639793,
      "stdDev": 0.6646618249006997,
      "p50": 0.584217,
      "p90": 1.8525816,
      "p95": 2.0327962,
      "p99": 2.3177890299999997
    },
    "getMissLatencies": {
      "count": 767891,
      "min": 0.079027,
      "max": 7.836243,
      "mean": 0.8734954586953269,
      "stdDev": 0.6704188150700979,
      "p50": 0.5677025,
      "p90": 1.8744684,
      "p95": 2.0360378999999997,
      "p99": 2.295548
    },
    "timestamp": 1756219677113
  },
  "checkpoints": [
    {
      "setCommands": 239790,
      "getCommands": 960188,
      "getHits": 768335,
      "getMisses": 191853,
      "setErrors": 0,
      "getErrors": 0,
      "setLatencies": {
        "count": 239791,
        "min": 0.101333,
        "max": 6.741406,
        "mean": 0.8914268324040538,
        "stdDev": 0.6582054331697628,
        "p50": 0.632505,
        "p90": 1.7815556000000001,
        "p95": 2.01387605,
        "p99": 2.586960629999999
      },
      "getHitLatencies": {
        "count": 768416,
        "min": 0.107204,
        "max": 8.120283,
        "mean": 0.9221892282487524,
        "stdDev": 0.6933773738989624,
        "p50": 0.5945225,
        "p90": 1.926985,
        "p95": 2.0953367499999995,
        "p99": 2.5429167699999997
      },
      "getMissLatencies": {
        "count": 191880,
        "min": 0.082924,
        "max": 7.594362,
        "mean": 0.9033578914373618,
        "stdDev": 0.7010051332921555,
        "p50": 0.580387,
        "p90": 1.9203813,
        "p95": 2.0615777,
        "p99": 2.7896481799999986
      },
      "timestamp": 1756219587059
    },
    {
      "setCommands": 479745,
      "getCommands": 1920209,
      "getHits": 1536760,
      "getMisses": 383449,
      "setErrors": 0,
      "getErrors": 0,
      "setLatencies": {
        "count": 479745,
        "min": 0.101333,
        "max": 7.428498,
        "mean": 0.8818126830524488,
        "stdDev": 0.6441117229322352,
        "p50": 0.581665,
        "p90": 1.7497608,
        "p95": 1.9677576999999997,
        "p99": 2.42637553
      },
      "getHitLatencies": {
        "count": 1536767,
        "min": 0.101458,
        "max": 8.654591,
        "mean": 0.9134980561015401,
        "stdDev": 0.6792860879287071,
        "p50": 0.5884015,
        "p90": 1.857933,
        "p95": 2.0607066499999998,
        "p99": 2.34262363
      },
      "getMissLatencies": {
        "count": 383454,
        "min": 0.079326,
        "max": 7.836243,
        "mean": 0.8925827165553168,
        "stdDev": 0.6860868372077379,
        "p50": 0.5563425,
        "p90": 1.8762645000000002,
        "p95": 2.026562899999999,
        "p99": 2.4510932100000002
      },
      "timestamp": 1756219617054
    },
    {
      "setCommands": 719508,
      "getCommands": 2880447,
      "getHits": 2304732,
      "getMisses": 575715,
      "setErrors": 0,
      "getErrors": 0,
      "setLatencies": {
        "count": 719508,
        "min": 0.101333,
        "max": 7.428498,
        "mean": 0.8678195028991953,
        "stdDev": 0.6320817271853165,
        "p50": 0.5817645,
        "p90": 1.7390851,
        "p95": 1.9677576999999997,
        "p99": 2.3767258699999996
      },
      "getHitLatencies": {
        "count": 2304745,
        "min": 0.100455,
        "max": 8.654591,
        "mean": 0.9001308343278664,
        "stdDev": 0.6686685160635675,
        "p50": 0.5867795,
        "p90": 1.8337949,
        "p95": 2.0253662999999995,
        "p99": 2.3177890299999997
      },
      "getMissLatencies": {
        "count": 575718,
        "min": 0.079326,
        "max": 7.836243,
        "mean": 0.8784520003960329,
        "stdDev": 0.6748394966803233,
        "p50": 0.5640974999999999,
        "p90": 1.8594768000000004,
        "p95": 2.0114533,
        "p99": 2.25749085
      },
      "timestamp": 1756219647055
    },
    {
      "setCommands": 959344,
      "getCommands": 3840611,
      "getHits": 3073058,
      "getMisses": 767553,
      "setErrors": 0,
      "getErrors": 0,
      "setLatencies": {
        "count": 959344,
        "min": 0.101333,
        "max": 7.673521,
        "mean": 0.862828338242582,
        "stdDev": 0.6274609930527147,
        "p50": 0.5731865,
        "p90": 1.7649776000000001,
        "p95": 1.9472796999999993,
        "p99": 2.3681455399999995
      },
      "getHitLatencies": {
        "count": 3073073,
        "min": 0.100455,
        "max": 8.654591,
        "mean": 0.8955428244229615,
        "stdDev": 0.6646407354033753,
        "p50": 0.584217,
        "p90": 1.8525816,
        "p95": 2.0327962,
        "p99": 2.3177890299999997
      },
      "getMissLatencies": {
        "count": 767555,
        "min": 0.079027,
        "max": 7.836243,
        "mean": 0.8734364945430795,
        "stdDev": 0.670391249799235,
        "p50": 0.5677025,
        "p90": 1.8744684,
        "p95": 2.0360378999999997,
        "p99": 2.295548
      },
      "timestamp": 1756219677054
    },
    {
      "setCommands": 959780,
      "getCommands": 3842368,
      "getHits": 3074477,
      "getMisses": 767891,
      "setErrors": 0,
      "getErrors": 0,
      "setLatencies": {
        "count": 959780,
        "min": 0.101333,
        "max": 8.404387,
        "mean": 0.8628722231761361,
        "stdDev": 0.6275465493428948,
        "p50": 0.5731865,
        "p90": 1.7649776000000001,
        "p95": 1.9472796999999993,
        "p99": 2.3681455399999995
      },
      "getHitLatencies": {
        "count": 3074477,
        "min": 0.100455,
        "max": 8.654591,
        "mean": 0.8955784001639793,
        "stdDev": 0.6646618249006997,
        "p50": 0.584217,
        "p90": 1.8525816,
        "p95": 2.0327962,
        "p99": 2.3177890299999997
      },
      "getMissLatencies": {
        "count": 767891,
        "min": 0.079027,
        "max": 7.836243,
        "mean": 0.8734954586953269,
        "stdDev": 0.6704188150700979,
        "p50": 0.5677025,
        "p90": 1.8744684,
        "p95": 2.0360378999999997,
        "p99": 2.295548
      },
      "timestamp": 1756219677113
    }
  ],
  "resourceCheckpoints": [
    {
      "timestamp": 1756219587061,
      "processCpuLoad": 17.323637942261776,
      "systemCpuLoad": 15.287605817234642,
      "availableProcessors": 4,
      "usedMemory": 1999,
      "totalMemory": 4096,
      "maxMemory": 4096,
      "heapUsed": 1994,
      "heapCommitted": 4096,
      "heapMax": 4096,
      "nonHeapUsed": 13,
      "usedPhysicalMemory": 48869,
      "totalPhysicalMemory": 126507
    },
    {
      "timestamp": 1756219617058,
      "processCpuLoad": 16.840572149036998,
      "systemCpuLoad": 14.943153409708485,
      "availableProcessors": 4,
      "usedMemory": 1887,
      "totalMemory": 4096,
      "maxMemory": 4096,
      "heapUsed": 1884,
      "heapCommitted": 4096,
      "heapMax": 4096,
      "nonHeapUsed": 17,
      "usedPhysicalMemory": 48880,
      "totalPhysicalMemory": 126507
    },
    {
      "timestamp": 1756219647058,
      "processCpuLoad": 16.930410744215408,
      "systemCpuLoad": 14.69397527424691,
      "availableProcessors": 4,
      "usedMemory": 1713,
      "totalMemory": 4096,
      "maxMemory": 4096,
      "heapUsed": 1708,
      "heapCommitted": 4096,
      "heapMax": 4096,
      "nonHeapUsed": 17,
      "usedPhysicalMemory": 48877,
      "totalPhysicalMemory": 126507
    },
    {
      "timestamp": 1756219677056,