[2m2026-03-16T16:19:36.905196Z[0m [33m WARN[0m [2mlogger_core[0m[2m:[0m run_with_timeout - request timed out after 50ms
[2m2026-03-16T16:19:36.905216Z[0m [33m WARN[0m [2mlogger_core[0m[2m:[0m send_command - DIAG TIMEOUT: cmd=DEL(3035000000000000000000000000000000000000...) timeout=50ms
[2m2026-03-16T16:19:36.905254Z[0m [33m WARN[0m [2mglide_rs::jni_client[0m[2m:[0m DIAG cb=1378807 ERROR_CALLBACK: thread=glide-jni-callback-1 error_code=2 msg=timed out    
[2m2026-03-16T16:19:36.906513Z[0m [33m WARN[0m [2mlogger_core[0m[2m:[0m run_with_timeout - request timed out after 50ms
[2m2026-03-16T16:19:36.906521Z[0m [33m WARN[0m [2mlogger_core[0m[2m:[0m send_command - DIAG TIMEOUT: cmd=DEL(1899000000000000000000000000000000000000...) timeout=50ms
[2m2026-03-16T16:19:36.906547Z[0m [33m WARN[0m [2mglide_rs::jni_client[0m[2m:[0m DIAG cb=1378808 ERROR_CALLBACK: thread=glide-jni-callback-0 error_code=2 msg=timed out    
[2m2026-03-16T16:19:36.916213Z[0m [33m WARN[0m [2mlogger_core[0m[2m:[0m run_with_timeout - request timed out after 50ms
[2m2026-03-16T16:19:36.916224Z[0m [33m WARN[0m [2mlogger_core[0m[2m:[0m send_command - DIAG TIMEOUT: cmd=DEL(8856500000000000000000000000000000000000...) timeout=50ms
[2m2026-03-16T16:19:36.916234Z[0m [33m WARN[0m [2mlogger_core[0m[2m:[0m run_with_timeout - request timed out after 50ms
[2m2026-03-16T16:19:36.916237Z[0m [33m WARN[0m [2mlogger_core[0m[2m:[0m send_command - DIAG TIMEOUT: cmd=DEL(2667100000000000000000000000000000000000...) timeout=50ms
[2m2026-03-16T16:19:36.916244Z[0m [33m WARN[0m [2mlogger_core[0m[2m:[0m run_with_timeout - request timed out after 50ms
[2m2026-03-16T16:19:36.916246Z[0m [33m WARN[0m [2mlogger_core[0m[2m:[0m send_command - DIAG TIMEOUT: cmd=DEL(5989800000000000000000000000000000000000...) timeout=50ms
[2m2026-03-16T16:19:36.916253Z[0m [33m WARN[0m [2mglide_rs::jni_client[0m[2m:[0m DIAG cb=1378812 ERROR_CALLBACK: thread=glide-jni-callback-1 error_code=2 msg=timed out    
[2m2026-03-16T16:19:36.916270Z[0m [33m WARN[0m [2mglide_rs::jni_client[0m[2m:[0m DIAG cb=1378810 ERROR_CALLBACK: thread=glide-jni-callback-0 error_code=2 msg=timed out    
[2m2026-03-16T16:19:36.916306Z[0m [33m WARN[0m [2mglide_rs::jni_client[0m[2m:[0m DIAG cb=1378811 ERROR_CALLBACK: thread=glide-jni-callback-1 error_code=2 msg=timed out    
[2m2026-03-16T16:19:36.917087Z[0m [33m WARN[0m [2mlogger_core[0m[2m:[0m run_with_timeout - request timed out after 50ms
[2m2026-03-16T16:19:36.917094Z[0m [33m WARN[0m [2mlogger_core[0m[2m:[0m send_command - DIAG TIMEOUT: cmd=DEL(8469600000000000000000000000000000000000...) timeout=50ms
[2m2026-03-16T16:19:36.917110Z[0m [33m WARN[0m [2mglide_rs::jni_client[0m[2m:[0m DIAG cb=1378819 ERROR_CALLBACK: thread=glide-jni-callback-0 error_code=2 msg=timed out    
[2m2026-03-16T16:19:36.917168Z[0m [33m WARN[0m [2mlogger_core[0m[2m:[0m run_with_timeout - request timed out after 50ms
[2m2026-03-16T16:19:36.917173Z[0m [33m WARN[0m [2mlogger_core[0m[2m:[0m send_command - DIAG TIMEOUT: cmd=DEL(1284100000000000000000000000000000000000...) timeout=50ms
[2m2026-03-16T16:19:36.917181Z[0m [33m WARN[0m [2mlogger_core[0m[2m:[0m run_with_timeout - request timed out after 50ms
[2m2026-03-16T16:19:36.917184Z[0m [33m WARN[0m [2mlogger_core[0m[2m:[0m send_command - DIAG TIMEOUT: cmd=DEL(3211900000000000000000000000000000000000...) timeout=50ms
[2m2026-03-16T16:19:36.917190Z[0m [33m WARN[0m [2mlogger_core[0m[2m:[0m run_with_timeout - request timed out after 50ms
[2m2026-03-16T16:19:36.917189Z[0m [33m WARN[0m [2mglide_rs::jni_client[0m[2m:[0m DIAG cb=1378813 ERROR_CALLBACK: thread=glide-jni-callback-1 error_code=2 msg=timed out    
[2m2026-03-16T16:19:36.917193Z[0m [33m WARN[0m [2mlogger_core[0m[2m:[0m send_command - DIAG TIMEOUT: cmd=DEL(2440400000000000000000000000000000000000...) timeout=50ms
[2m2026-03-16T16:19:36.917191Z[0m [33m WARN[0m [2mglide_rs::jni_client[0m[2m:[0m DIAG cb=1378818 ERROR_CALLBACK: thread=glide-jni-callback-0 error_code=2 msg=timed out    
[2m2026-03-16T16:19:36.917206Z[0m [33m WARN[0m [2mlogger_core[0m[2m:[0m run_with_timeout - request timed out after 50ms
[2m2026-03-16T16:19:36.917209Z[0m [33m WARN[0m [2mlogger_core[0m[2m:[0m send_command - DIAG TIMEOUT: cmd=DEL(8490100000000000000000000000000000000000...) timeout=50ms
[2m2026-03-16T16:19:36.917220Z[0m [33m WARN[0m [2mglide_rs::jni_client[0m[2m:[0m DIAG cb=1378816 ERROR_CALLBACK: thread=glide-jni-callback-1 error_code=2 msg=timed out    
[2m2026-03-16T16:19:36.917220Z[0m [33m WARN[0m [2mglide_rs::jni_client[0m[2m:[0m DIAG cb=1378815 ERROR_CALLBACK: thread=glide-jni-callback-0 error_code=2 msg=timed out    
[2m2026-03-16T16:19:36.917242Z[0m [33m WARN[0m [2mlogger_core[0m[2m:[0m run_with_timeout - request timed out after 50ms
[2m2026-03-16T16:19:36.917245Z[0m [33m WARN[0m [2mlogger_core[0m[2m:[0m send_command - DIAG TIMEOUT: cmd=DEL(3531300000000000000000000000000000000000...) timeout=50ms
[2m2026-03-16T16:19:36.917255Z[0m [33m WARN[0m [2mglide_rs::jni_client[0m[2m:[0m DIAG cb=1378817 ERROR_CALLBACK: thread=glide-jni-callback-1 error_code=2 msg=timed out    
[2m2026-03-16T16:19:36.917774Z[0m [33m WARN[0m [2mlogger_core[0m[2m:[0m run_with_timeout - request timed out after 50ms
[2m2026-03-16T16:19:36.917780Z[0m [33m WARN[0m [2mlogger_core[0m[2m:[0m send_command - DIAG TIMEOUT: cmd=DEL(2376100000000000000000000000000000000000...) timeout=50ms
[2m2026-03-16T16:19:36.917796Z[0m [33m WARN[0m [2mglide_rs::jni_client[0m[2m:[0m DIAG cb=1378820 ERROR_CALLBACK: thread=glide-jni-callback-0 error_code=2 msg=timed out    
[2m2026-03-16T16:19:36.921355Z[0m [33m WARN[0m [2mlogger_core[0m[2m:[0m run_with_timeout - request timed out after 50ms
[2m2026-03-16T16:19:36.921365Z[0m [33m WARN[0m [2mlogger_core[0m[2m:[0m send_command - DIAG TIMEOUT: cmd=DEL(3437800000000000000000000000000000000000...) timeout=50ms
[2m2026-03-16T16:19:36.921389Z[0m [33m WARN[0m [2mglide_rs::jni_client[0m[2m:[0m DIAG cb=1378821 ERROR_CALLBACK: thread=glide-jni-callback-1 error_code=2 msg=timed out    
[2m2026-03-16T16:19:36.923697Z[0m [33m WARN[0m [2mlogger_core[0m[2m:[0m run_with_timeout - request timed out after 50ms
[2m2026-03-16T16:19:36.923707Z[0m [33m WARN[0m [2mlogger_core[0m[2m:[0m send_command - DIAG TIMEOUT: cmd=DEL(2114000000000000000000000000000000000000...) timeout=50ms
[2m2026-03-16T16:19:36.923724Z[0m [33m WARN[0m [2mlogger_core[0m[2m:[0m run_with_timeout - request timed out after 50ms
[2m2026-03-16T16:19:36.923727Z[0m [33m WARN[0m [2mlogger_core[0m[2m:[0m send_command - DIAG TIMEOUT: cmd=DEL(1990800000000000000000000000000000000000...) timeout=50ms
[2m2026-03-16T16:19:36.923733Z[0m [33m WARN[0m [2mlogger_core[0m[2m:[0m run_with_timeout - request timed out after 50ms
[2m2026-03-16T16:19:36.923731Z[0m [33m WARN[0m [2mglide_rs::jni_client[0m[2m:[0m DIAG cb=1378822 ERROR_CALLBACK: thread=glide-jni-callback-0 error_code=2 msg=timed out    
[2m2026-03-16T16:19:36.923736Z[0m [33m WARN[0m [2mlogger_core[0m[2m:[0m send_command - DIAG TIMEOUT: cmd=DEL(5719200000000000000000000000000000000000...) timeout=50ms
[2m2026-03-16T16:19:36.923743Z[0m [33m WARN[0m [2mlogger_core[0m[2m:[0m run_with_timeout - request timed out after 50ms
[2m2026-03-16T16:19:36.923741Z[0m [33m WARN[0m [2mglide_rs::jni_client[0m[2m:[0m DIAG cb=1378825 ERROR_CALLBACK: thread=glide-jni-callback-1 error_code=2 msg=timed out    
[2m2026-03-16T16:19:36.923748Z[0m [33m WARN[0m [2mlogger_core[0m[2m:[0m send_command - DIAG TIMEOUT: cmd=DEL(1847400000000000000000000000000000000000...) timeout=50ms
[2m2026-03-16T16:19:36.923764Z[0m [33m WARN[0m [2mglide_rs::jni_client[0m[2m:[0m DIAG cb=1378823 ERROR_CALLBACK: thread=glide-jni-callback-0 error_code=2 msg=timed out    
[2m2026-03-16T16:19:36.923779Z[0m [33m WARN[0m [2mglide_rs::jni_client[0m[2m:[0m DIAG cb=1378824 ERROR_CALLBACK: thread=glide-jni-callback-1 error_code=2 msg=timed out    
[2m2026-03-16T16:19:36.924911Z[0m [33m WARN[0m [2mlogger_core[0m[2m:[0m run_with_timeout - request timed out after 50ms
[2m2026-03-16T16:19:36.924920Z[0m [33m WARN[0m [2mlogger_core[0m[2m:[0m send_command - DIAG TIMEOUT: cmd=DEL(5647200000000000000000000000000000000000...) timeout=50ms
[2m2026-03-16T16:19:36.924948Z[0m [33m WARN[0m [2mlogger_core[0m[2m:[0m run_with_timeout - request timed out after 50ms
[2m2026-03-16T16:19:36.924946Z[0m [33m WARN[0m [2mglide_rs::jni_client[0m[2m:[0m DIAG cb=1378827 ERROR_CALLBACK: thread=glide-jni-callback-0 error_code=2 msg=timed out    
[2m2026-03-16T16:19:36.924952Z[0m [33m WARN[0m [2mlogger_core[0m[2m:[0m send_command - DIAG TIMEOUT: cmd=DEL(5119500000000000000000000000000000000000...) timeout=50ms
[2m2026-03-16T16:19:36.924976Z[0m [33m WARN[0m [2mglide_rs::jni_client[0m[2m:[0m DIAG cb=1378826 ERROR_CALLBACK: thread=glide-jni-callback-1 error_code=2 msg=timed out    
[2m2026-03-16T16:19:36.925764Z[0m [33m WARN[0m [2mlogger_core[0m[2m:[0m run_with_timeout - request timed out after 50ms
[2m2026-03-16T16:19:36.925771Z[0m [33m WARN[0m [2mlogger_core[0m[2m:[0m send_command - DIAG TIMEOUT: cmd=DEL(6842200000000000000000000000000000000000...) timeout=50ms
[2m2026-03-16T16:19:36.925782Z[0m [33m WARN[0m [2mlogger_core[0m[2m:[0m run_with_timeout - request timed out after 50ms
[2m2026-03-16T16:19:36.925785Z[0m [33m WARN[0m [2mlogger_core[0m[2m:[0m send_command - DIAG TIMEOUT: cmd=DEL(1430000000000000000000000000000000000000...) timeout=50ms
[2m2026-03-16T16:19:36.925790Z[0m [33m WARN[0m [2mlogger_core[0m[2m:[0m run_with_timeout - request timed out after 50ms
[2m2026-03-16T16:19:36.925793Z[0m [33m WARN[0m [2mlogger_core[0m[2m:[0m send_command - DIAG TIMEOUT: cmd=DEL(5143400000000000000000000000000000000000...) timeout=50ms
[2m2026-03-16T16:19:36.925793Z[0m [33m WARN[0m [2mglide_rs::jni_client[0m[2m:[0m DIAG cb=1378835 ERROR_CALLBACK: thread=glide-jni-callback-0 error_code=2 msg=timed out    
[2m2026-03-16T16:19:36.925798Z[0m [33m WARN[0m [2mlogger_core[0m[2m:[0m run_with_timeout - request timed out after 50ms
[2m2026-03-16T16:19:36.925802Z[0m [33m WARN[0m [2mlogger_core[0m[2m:[0m send_command - DIAG TIMEOUT: cmd=DEL(4537500000000000000000000000000000000000...) timeout=50ms
[2m2026-03-16T16:19:36.925802Z[0m [33m WARN[0m [2mglide_rs::jni_client[0m[2m:[0m DIAG cb=1378828 ERROR_CALLBACK: thread=glide-jni-callback-1 error_code=2 msg=timed out    
[2m2026-03-16T16:19:36.925808Z[0m [33m WARN[0m [2mlogger_core[0m[2m:[0m run_with_timeout - request timed out after 50ms
[2m2026-03-16T16:19:36.925810Z[0m [33m WARN[0m [2mlogger_core[0m[2m:[0m send_command - DIAG TIMEOUT: cmd=DEL(8506500000000000000000000000000000000000...) timeout=50ms
[2m2026-03-16T16:19:36.925831Z[0m [33m WARN[0m [2mglide_rs::jni_client[0m[2m:[0m DIAG cb=1378829 ERROR_CALLBACK: thread=glide-jni-callback-0 error_code=2 msg=timed out    
[2m2026-03-16T16:19:36.925834Z[0m [33m WARN[0m [2mglide_rs::jni_client[0m[2m:[0m DIAG cb=1378830 ERROR_CALLBACK: thread=glide-jni-callback-1 error_code=2 msg=timed out    
[2m2026-03-16T16:19:36.925846Z[0m [33m WARN[0m [2mglide_rs::jni_client[0m[2m:[0m DIAG cb=1378831 ERROR_CALLBACK: thread=glide-jni-callback-0 error_code=2 msg=timed out    
[2m2026-03-16T16:19:36.926761Z[0m [33m WARN[0m [2mlogger_core[0m[2m:[0m run_with_timeout - request timed out after 50ms
[2m2026-03-16T16:19:36.989743Z[0m [33m WARN[0m [2mlogger_core[0m[2m:[0m send_command - DIAG TIMEOUT: cmd=DEL(2666500000000000000000000000000000000000...) timeout=50ms
[2m2026-03-16T16:19:36.989795Z[0m [33m WARN[0m [2mglide_rs::jni_client[0m[2m:[0m DIAG cb=1378841 ERROR_CALLBACK: thread=glide-jni-callback-1 error_code=2 msg=timed out    
[2m2026-03-16T16:19:36.989918Z[0m [33m WARN[0m [2mlogger_core[0m[2m:[0m run_with_timeout - request timed out after 50ms
[2m2026-03-16T16:19:36.989926Z[0m [33m WARN[0m [2mlogger_core[0m[2m:[0m send_command - DIAG TIMEOUT: cmd=DEL(8044900000000000000000000000000000000000...) timeout=50ms
[2m2026-03-16T16:19:36.989940Z[0m [33m WARN[0m [2mlogger_core[0m[2m:[0m run_with_timeout - request timed out after 50ms
[2m2026-03-16T16:19:36.989944Z[0m [33m WARN[0m [2mlogger_core[0m[2m:[0m send_command - DIAG TIMEOUT: cmd=DEL(9347500000000000000000000000000000000000...) timeout=50ms
[2m2026-03-16T16:19:36.989951Z[0m [33m WARN[0m [2mlogger_core[0m[2m:[0m run_with_timeout - request timed out after 50ms
[2m2026-03-16T16:19:36.989954Z[0m [33m WARN[0m [2mglide_rs::jni_client[0m[2m:[0m DIAG cb=1378832 ERROR_CALLBACK: thread=glide-jni-callback-0 error_code=2 msg=timed out    
[2m2026-03-16T16:19:36.989957Z[0m [33m WARN[0m [2mlogger_core[0m[2m:[0m send_command - DIAG TIMEOUT: cmd=DEL(1605500000000000000000000000000000000000...) timeout=50ms
[2m2026-03-16T16:19:36.989958Z[0m [33m WARN[0m [2mglide_rs::jni_client[0m[2m:[0m DIAG cb=1378833 ERROR_CALLBACK: thread=glide-jni-callback-1 error_code=2 msg=timed out    
[2m2026-03-16T16:19:36.989965Z[0m [33m WARN[0m [2mlogger_core[0m[2m:[0m run_with_timeout - request timed out after 50ms
[2m2026-03-16T16:19:36.989969Z[0m [33m WARN[0m [2mlogger_core[0m[2m:[0m send_command - DIAG TIMEOUT: cmd=DEL(3539100000000000000000000000000000000000...) timeout=50ms
[2m2026-03-16T16:19:36.989976Z[0m [33m WARN[0m [2mlogger_core[0m[2m:[0m run_with_timeout - request timed out after 50ms
[2m2026-03-16T16:19:36.989979Z[0m [33m WARN[0m [2mlogger_core[0m[2m:[0m send_command - DIAG TIMEOUT: cmd=DEL(8852300000000000000000000000000000000000...) timeout=50ms
[2m2026-03-16T16:19:36.989987Z[0m [33m WARN[0m [2mlogger_core[0m[2m:[0m run_with_timeout - request timed out after 50ms
[2m2026-03-16T16:19:36.989988Z[0m [33m WARN[0m [2mglide_rs::jni_client[0m[2m:[0m DIAG cb=1378834 ERROR_CALLBACK: thread=glide-jni-callback-1 error_code=2 msg=timed out    
[2m2026-03-16T16:19:36.989994Z[0m [33m WARN[0m [2mlogger_core[0m[2m:[0m send_command - DIAG TIMEOUT: cmd=DEL(8211100000000000000000000000000000000000...) timeout=50ms
[2m2026-03-16T16:19:36.989998Z[0m [33m WARN[0m [2mglide_rs::jni_client[0m[2m:[0m DIAG cb=1378836 ERROR_CALLBACK: thread=glide-jni-callback-0 error_code=2 msg=timed out    
[2m2026-03-16T16:19:36.990002Z[0m [33m WARN[0m [2mlogger_core[0m[2m:[0m run_with_timeout - request timed out after 50ms
[2m2026-03-16T16:19:36.990006Z[0m [33m WARN[0m [2mlogger_core[0m[2m:[0m send_command - DIAG TIMEOUT: cmd=DEL(4497300000000000000000000000000000000000...) timeout=50ms
[2m2026-03-16T16:19:36.990013Z[0m [33m WARN[0m [2mlogger_core[0m[2m:[0m run_with_timeout - request timed out after 50ms
[2m2026-03-16T16:19:36.990014Z[0m [33m WARN[0m [2mglide_rs::jni_client[0m[2m:[0m DIAG cb=1378837 ERROR_CALLBACK: thread=glide-jni-callback-0 error_code=2 msg=timed out    
[2m2026-03-16T16:19:36.990017Z[0m [33m WARN[0m [2mlogger_core[0m[2m:[0m send_command - DIAG TIMEOUT: cmd=DEL(8973700000000000000000000000000000000000...) timeout=50ms
[2m2026-03-16T16:19:36.990025Z[0m [33m WARN[0m [2mlogger_core[0m[2m:[0m run_with_timeout - request timed out after 50ms
[2m2026-03-16T16:19:36.990029Z[0m [33m WARN[0m [2mlogger_core[0m[2m:[0m send_command - DIAG TIMEOUT: cmd=DEL(6125600000000000000000000000000000000000...) timeout=50ms
[2m2026-03-16T16:19:36.990032Z[0m [33m WARN[0m [2mglide_rs::jni_client[0m[2m:[0m DIAG cb=1378838 ERROR_CALLBACK: thread=glide-jni-callback-0 error_code=2 msg=timed out    
[2m2026-03-16T16:19:36.990048Z[0m [33m WARN[0m [2mglide_rs::jni_client[0m[2m:[0m DIAG cb=1378839 ERROR_CALLBACK: thread=glide-jni-callback-0 error_code=2 msg=timed out    
[2m2026-03-16T16:19:36.990051Z[0m [33m WARN[0m [2mglide_rs::jni_client[0m[2m:[0m DIAG cb=1378840 ERROR_CALLBACK: thread=glide-jni-callback-1 error_code=2 msg=timed out    
[2m2026-03-16T16:19:36.990065Z[0m [33m WARN[0m [2mglide_rs::jni_client[0m[2m:[0m DIAG cb=1378843 ERROR_CALLBACK: thread=glide-jni-callback-0 error_code=2 msg=timed out    
[2m2026-03-16T16:19:36.991258Z[0m [33m WARN[0m [2mlogger_core[0m[2m:[0m run_with_timeout - request timed out after 50ms
[2m2026-03-16T16:19:36.991269Z[0m [33m WARN[0m [2mlogger_core[0m[2m:[0m send_command - DIAG TIMEOUT: cmd=DEL(5304600000000000000000000000000000000000...) timeout=50ms
[2m2026-03-16T16:19:36.991296Z[0m [33m WARN[0m [2mglide_rs::jni_client[0m[2m:[0m DIAG cb=1378894 ERROR_CALLBACK: thread=glide-jni-callback-1 error_code=2 msg=timed out    
[2m2026-03-16T16:19:36.991360Z[0m [33m WARN[0m [2mredis::cluster_async[0m[2m:[0m DIAG poll_complete: pending_queue=3 in_flight=293917 shed=0 new=3 done=7 cancelled=1 retry=0 refresh=0 reconnect=0
[2m2026-03-16T16:19:36.991893Z[0m [33m WARN[0m [2mlogger_core[0m[2m:[0m run_with_timeout - request timed out after 50ms
[2m2026-03-16T16:19:36.991899Z[0m [33m WARN[0m [2mlogger_core[0m[2m:[0m send_command - DIAG TIMEOUT: cmd=DEL(9997600000000000000000000000000000000000...) timeout=50ms
[2m2026-03-16T16:19:36.991907Z[0m [33m WARN[0m [2mlogger_core[0m[2m:[0m run_with_timeout - request timed out after 50ms
[2m2026-03-16T16:19:36.991910Z[0m [33m WARN[0m [2mlogger_core[0m[2m:[0m send_command - DIAG TIMEOUT: cmd=DEL(5670700000000000000000000000000000000000...) timeout=50ms
[2m2026-03-16T16:19:36.991915Z[0m [33m WARN[0m [2mlogger_core[0m[2m:[0m run_with_timeout - request timed out after 50ms
[2m2026-03-16T16:19:36.991918Z[0m [33m WARN[0m [2mlogger_core[0m[2m:[0m send_command - DIAG TIMEOUT: cmd=DEL(3286600000000000000000000000000000000000...) timeout=50ms
[2m2026-03-16T16:19:36.991919Z[0m [33m WARN[0m [2mglide_rs::jni_client[0m[2m:[0m DIAG cb=1378842 ERROR_CALLBACK: thread=glide-jni-callback-0 error_code=2 msg=timed out    
[2m2026-03-16T16:19:36.991923Z[0m [33m WARN[0m [2mlogger_core[0m[2m:[0m run_with_timeout - request timed out after 50ms
[2m2026-03-16T16:19:36.991923Z[0m [33m WARN[0m [2mglide_rs::jni_client[0m[2m:[0m DIAG cb=1378844 ERROR_CALLBACK: thread=glide-jni-callback-1 error_code=2 msg=timed out    
[2m2026-03-16T16:19:36.991927Z[0m [33m WARN[0m [2mlogger_core[0m[2m:[0m send_command - DIAG TIMEOUT: cmd=DEL(5882600000000000000000000000000000000000...) timeout=50ms
[2m2026-03-16T16:19:36.991934Z[0m [33m WARN[0m [2mlogger_core[0m[2m:[0m run_with_timeout - request timed out after 50ms
[2m2026-03-16T16:19:36.991937Z[0m [33m WARN[0m [2mlogger_core[0m[2m:[0m send_command - DIAG TIMEOUT: cmd=DEL(2213100000000000000000000000000000000000...) timeout=50ms
[2m2026-03-16T16:19:36.991942Z[0m [33m WARN[0m [2mlogger_core[0m[2m:[0m run_with_timeout - request timed out after 50ms
[2m2026-03-16T16:19:36.991945Z[0m [33m WARN[0m [2mlogger_core[0m[2m:[0m send_command - DIAG TIMEOUT: cmd=DEL(8017300000000000000000000000000000000000...) timeout=50ms
[2m2026-03-16T16:19:36.991949Z[0m [33m WARN[0m [2mglide_rs::jni_client[0m[2m:[0m DIAG cb=1378845 ERROR_CALLBACK: thread=glide-jni-callback-1 error_code=2 msg=timed out    
[2m2026-03-16T16:19:36.991950Z[0m [33m WARN[0m [2mlogger_core[0m[2m:[0m run_with_timeout - request timed out after 50ms
[2m2026-03-16T16:19:36.991950Z[0m [33m WARN[0m [2mglide_rs::jni_client[0m[2m:[0m DIAG cb=1378846 ERROR_CALLBACK: thread=glide-jni-callback-0 error_code=2 msg=timed out    
[2m2026-03-16T16:19:36.991954Z[0m [33m WARN[0m [2mlogger_core[0m[2m:[0m send_command - DIAG TIMEOUT: cmd=DEL(9796000000000000000000000000000000000000...) timeout=50ms
[2m2026-03-16T16:19:36.991960Z[0m [33m WARN[0m [2mlogger_core[0m[2m:[0m run_with_timeout - request timed out after 50ms
[2m2026-03-16T16:19:36.991961Z[0m [33m WARN[0m [2mglide_rs::jni_client[0m[2m:[0m DIAG cb=1378847 ERROR_CALLBACK: thread=glide-jni-callback-1 error_code=2 msg=timed out    
[2m2026-03-16T16:19:36.991962Z[0m [33m WARN[0m [2mlogger_core[0m[2m:[0m send_command - DIAG TIMEOUT: cmd=DEL(8765000000000000000000000000000000000000...) timeout=50ms
[2m2026-03-16T16:19:36.991966Z[0m [33m WARN[0m [2mglide_rs::jni_client[0m[2m:[0m DIAG cb=1378848 ERROR_CALLBACK: thread=glide-jni-callback-0 error_code=2 msg=timed out    
[2m2026-03-16T16:19:36.991968Z[0m [33m WARN[0m [2mlogger_core[0m[2m:[0m run_with_timeout - request timed out after 50ms
[2m2026-03-16T16:19:36.991971Z[0m [33m WARN[0m [2mlogger_core[0m[2m:[0m send_command - DIAG TIMEOUT: cmd=DEL(4606700000000000000000000000000000000000...) timeout=50ms
[2m2026-03-16T16:19:36.991974Z[0m [33m WARN[0m [2mglide_rs::jni_client[0m[2m:[0m DIAG cb=1378849 ERROR_CALLBACK: thread=glide-jni-callback-1 error_code=2 msg=timed out    
[2m2026-03-16T16:19:36.991976Z[0m [33m WARN[0m [2mlogger_core[0m[2m:[0m run_with_timeout - request timed out after 50ms
[2m2026-03-16T16:19:36.991979Z[0m [33m WARN[0m [2mlogger_core[0m[2m:[0m send_command - DIAG TIMEOUT: cmd=DEL(3027900000000000000000000000000000000000...) timeout=50ms
[2m2026-03-16T16:19:36.991982Z[0m [33m WARN[0m [2mglide_rs::jni_client[0m[2m:[0m DIAG cb=1378850 ERROR_CALLBACK: thread=glide-jni-callback-0 error_code=2 msg=timed out    
[2m2026-03-16T16:19:36.991985Z[0m [33m WARN[0m [2mlogger_core[0m[2m:[0m run_with_timeout - request timed out after 50ms
[2m2026-03-16T16:19:36.991989Z[0m [33m WARN[0m [2mlogger_core[0m[2m:[0m send_command - DIAG TIMEOUT: cmd=DEL(8690900000000000000000000000000000000000...) timeout=50ms
[2m2026-03-16T16:19:36.991988Z[0m [33m WARN[0m [2mglide_rs::jni_client[0m[2m:[0m DIAG cb=1378851 ERROR_CALLBACK: thread=glide-jni-callback-1 error_code=2 msg=timed out    
[2m2026-03-16T16:19:36.991999Z[0m [33m WARN[0m [2mglide_rs::jni_client[0m[2m:[0m DIAG cb=1378852 ERROR_CALLBACK: thread=glide-jni-callback-0 error_code=2 msg=timed out    
[2m2026-03-16T16:19:36.992006Z[0m [33m WARN[0m [2mglide_rs::jni_client[0m[2m:[0m DIAG cb=1378853 ERROR_CALLBACK: thread=glide-jni-callback-1 error_code=2 msg=timed out    
[2m2026-03-16T16:19:36.992023Z[0m [33m WARN[0m [2mlogger_core[0m[2m:[0m run_with_timeout - request timed out after 50ms
[2m2026-03-16T16:19:36.992032Z[0m [33m WARN[0m [2mlogger_core[0m[2m:[0m send_command - DIAG TIMEOUT: cmd=DEL(1039000000000000000000000000000000000000...) timeout=50ms
[2m2026-03-16T16:19:36.992038Z[0m [33m WARN[0m [2mlogger_core[0m[2m:[0m run_with_timeout - request timed out after 50ms
[2m2026-03-16T16:19:36.992041Z[0m [33m WARN[0m [2mlogger_core[0m[2m:[0m send_command - DIAG TIMEOUT: cmd=DEL(9805000000000000000000000000000000000000...) timeout=50ms
[2m2026-03-16T16:19:36.992044Z[0m [33m WARN[0m [2mglide_rs::jni_client[0m[2m:[0m DIAG cb=1378855 ERROR_CALLBACK: thread=glide-jni-callback-0 error_code=2 msg=timed out    
[2m2026-03-16T16:19:36.992051Z[0m [33m WARN[0m [2mglide_rs::jni_client[0m[2m:[0m DIAG cb=1378854 ERROR_CALLBACK: thread=glide-jni-callback-1 error_code=2 msg=timed out    
[2m2026-03-16T16:19:36.992073Z[0m [33m WARN[0m [2mlogger_core[0m[2m:[0m run_with_timeout - request timed out after 50ms
[2m2026-03-16T16:19:36.992078Z[0m [33m WARN[0m [2mlogger_core[0m[2m:[0m send_command - DIAG TIMEOUT: cmd=DEL(1663700000000000000000000000000000000000...) timeout=50ms
[2m2026-03-16T16:19:36.992085Z[0m [33m WARN[0m [2mlogger_core[0m[2m:[0m run_with_timeout - request timed out after 50ms
[2m2026-03-16T16:19:36.992087Z[0m [33m WARN[0m [2mlogger_core[0m[2m:[0m send_command - DIAG TIMEOUT: cmd=DEL(7096000000000000000000000000000000000000...) timeout=50ms
[2m2026-03-16T16:19:36.992089Z[0m [33m WARN[0m [2mglide_rs::jni_client[0m[2m:[0m DIAG cb=1378856 ERROR_CALLBACK: thread=glide-jni-callback-0 error_code=2 msg=timed out    
[2m2026-03-16T16:19:36.992092Z[0m [33m WARN[0m [2mglide_rs::jni_client[0m[2m:[0m DIAG cb=1378857 ERROR_CALLBACK: thread=glide-jni-callback-1 error_code=2 msg=timed out    
[2m2026-03-16T16:19:36.992118Z[0m [33m WARN[0m [2mlogger_core[0m[2m:[0m run_with_timeout - request timed out after 50ms
[2m2026-03-16T16:19:36.992122Z[0m [33m WARN[0m [2mlogger_core[0m[2m:[0m send_command - DIAG TIMEOUT: cmd=DEL(9232300000000000000000000000000000000000...) timeout=50ms
[2m2026-03-16T16:19:36.992131Z[0m [33m WARN[0m [2mlogger_core[0m[2m:[0m run_with_timeout - request timed out after 50ms
[2m2026-03-16T16:19:36.992145Z[0m [33m WARN[0m [2mlogger_core[0m[2m:[0m send_command - DIAG TIMEOUT: cmd=DEL(6910900000000000000000000000000000000000...) timeout=50ms
[2m2026-03-16T16:19:36.992134Z[0m [33m WARN[0m [2mglide_rs::jni_client[0m[2m:[0m DIAG cb=1378859 ERROR_CALLBACK: thread=glide-jni-callback-1 error_code=2 msg=timed out    
[2m2026-03-16T16:19:36.992160Z[0m [33m WARN[0m [2mglide_rs::jni_client[0m[2m:[0m DIAG cb=1378860 ERROR_CALLBACK: thread=glide-jni-callback-0 error_code=2 msg=timed out    
[2m2026-03-16T16:19:36.992184Z[0m [33m WARN[0m [2mlogger_core[0m[2m:[0m run_with_timeout - request timed out after 50ms
[2m2026-03-16T16:19:36.992191Z[0m [33m WARN[0m [2mlogger_core[0m[2m:[0m send_command - DIAG TIMEOUT: cmd=DEL(3342100000000000000000000000000000000000...) timeout=50ms
[2m2026-03-16T16:19:36.992200Z[0m [33m WARN[0m [2mlogger_core[0m[2m:[0m run_with_timeout - request timed out after 50ms
[2m2026-03-16T16:19:36.992219Z[0m [33m WARN[0m [2mlogger_core[0m[2m:[0m send_command - DIAG TIMEOUT: cmd=DEL(3205500000000000000000000000000000000000...) timeout=50ms
[2m2026-03-16T16:19:36.992204Z[0m [33m WARN[0m [2mglide_rs::jni_client[0m[2m:[0m DIAG cb=1378861 ERROR_CALLBACK: thread=glide-jni-callback-1 error_code=2 msg=timed out    
[2m2026-03-16T16:19:36.992230Z[0m [33m WARN[0m [2mglide_rs::jni_client[0m[2m:[0m DIAG cb=1378863 ERROR_CALLBACK: thread=glide-jni-callback-0 error_code=2 msg=timed out    
[2m2026-03-16T16:19:36.992251Z[0m [33m WARN[0m [2mlogger_core[0m[2m:[0m run_with_timeout - request timed out after 50ms
[2m2026-03-16T16:19:36.992264Z[0m [33m WARN[0m [2mlogger_core[0m[2m:[0m send_command - DIAG TIMEOUT: cmd=DEL(6702000000000000000000000000000000000000...) timeout=50ms
[2m2026-03-16T16:19:36.992272Z[0m [33m WARN[0m [2mlogger_core[0m[2m:[0m run_with_timeout - request timed out after 50ms
[2m2026-03-16T16:19:36.992275Z[0m [33m WARN[0m [2mlogger_core[0m[2m:[0m send_command - DIAG TIMEOUT: cmd=DEL(9343500000000000000000000000000000000000...) timeout=50ms
[2m2026-03-16T16:19:36.992278Z[0m [33m WARN[0m [2mglide_rs::jni_client[0m[2m:[0m DIAG cb=1378864 ERROR_CALLBACK: thread=glide-jni-callback-1 error_code=2 msg=timed out    
[2m2026-03-16T16:19:36.992281Z[0m [33m WARN[0m [2mglide_rs::jni_client[0m[2m:[0m DIAG cb=1378865 ERROR_CALLBACK: thread=glide-jni-callback-0 error_code=2 msg=timed out    
[2m2026-03-16T16:19:36.992304Z[0m [33m WARN[0m [2mlogger_core[0m[2m:[0m run_with_timeout - request timed out after 50ms
[2m2026-03-16T16:19:36.992307Z[0m [33m WARN[0m [2mlogger_core[0m[2m:[0m send_command - DIAG TIMEOUT: cmd=DEL(1039400000000000000000000000000000000000...) timeout=50ms
[2m2026-03-16T16:19:36.992313Z[0m [33m WARN[0m [2mlogger_core[0m[2m:[0m run_with_timeout - request timed out after 50ms
[2m2026-03-16T16:19:36.992316Z[0m [33m WARN[0m [2mlogger_core[0m[2m:[0m send_command - DIAG TIMEOUT: cmd=DEL(4085100000000000000000000000000000000000...) timeout=50ms
[2m2026-03-16T16:19:36.992318Z[0m [33m WARN[0m [2mglide_rs::jni_client[0m[2m:[0m DIAG cb=1378866 ERROR_CALLBACK: thread=glide-jni-callback-0 error_code=2 msg=timed out    
[2m2026-03-16T16:19:36.992329Z[0m [33m WARN[0m [2mglide_rs::jni_client[0m[2m:[0m DIAG cb=1378867 ERROR_CALLBACK: thread=glide-jni-callback-1 error_code=2 msg=timed out    
[2m2026-03-16T16:19:36.992378Z[0m [33m WARN[0m [2mlogger_core[0m[2m:[0m run_with_timeout - request timed out after 50ms
[2m2026-03-16T16:19:36.992382Z[0m [33m WARN[0m [2mlogger_core[0m[2m:[0m send_command - DIAG TIMEOUT: cmd=DEL(5078900000000000000000000000000000000000...) timeout=50ms
[2m2026-03-16T16:19:36.992392Z[0m [33m WARN[0m [2mglide_rs::jni_client[0m[2m:[0m DIAG cb=1378868 ERROR_CALLBACK: thread=glide-jni-callback-0 error_code=2 msg=timed out    
[2m2026-03-16T16:19:36.992412Z[0m [33m WARN[0m [2mlogger_core[0m[2m:[0m run_with_timeout - request timed out after 50ms
[2m2026-03-16T16:19:36.992415Z[0m [33m WARN[0m [2mlogger_core[0m[2m:[0m send_command - DIAG TIMEOUT: cmd=DEL(3056100000000000000000000000000000000000...) timeout=50ms
[2m2026-03-16T16:19:36.992421Z[0m [33m WARN[0m [2mlogger_core[0m[2m:[0m run_with_timeout - request timed out after 50ms
[2m2026-03-16T16:19:36.992424Z[0m [33m WARN[0m [2mlogger_core[0m[2m:[0m send_command - DIAG TIMEOUT: cmd=DEL(3920700000000000000000000000000000000000...) timeout=50ms
[2m2026-03-16T16:19:36.992425Z[0m [33m WARN[0m [2mglide_rs::jni_client[0m[2m:[0m DIAG cb=1378869 ERROR_CALLBACK: thread=glide-jni-callback-1 error_code=2 msg=timed out    
[2m2026-03-16T16:19:36.992433Z[0m [33m WARN[0m [2mglide_rs::jni_client[0m[2m:[0m DIAG cb=1378870 ERROR_CALLBACK: thread=glide-jni-callback-0 error_code=2 msg=timed out    
[2m2026-03-16T16:19:36.992452Z[0m [33m WARN[0m [2mlogger_core[0m[2m:[0m run_with_timeout - request timed out after 50ms
[2m2026-03-16T16:19:36.992456Z[0m [33m WARN[0m [2mlogger_core[0m[2m:[0m send_command - DIAG TIMEOUT: cmd=DEL(4350100000000000000000000000000000000000...) timeout=50ms
[2m2026-03-16T16:19:36.992468Z[0m [33m WARN[0m [2mlogger_core[0m[2m:[0m run_with_timeout - request timed out after 50ms
[2m2026-03-16T16:19:36.992473Z[0m [33m WARN[0m [2mlogger_core[0m[2m:[0m send_command - DIAG TIMEOUT: cmd=DEL(1404300000000000000000000000000000000000...) timeout=50ms
[2m2026-03-16T16:19:36.992477Z[0m [33m WARN[0m [2mglide_rs::jni_client[0m[2m:[0m DIAG cb=1378871 ERROR_CALLBACK: thread=glide-jni-callback-1 error_code=2 msg=timed out    
[2m2026-03-16T16:19:36.992480Z[0m [33m WARN[0m [2mglide_rs::jni_client[0m[2m:[0m DIAG cb=1378872 ERROR_CALLBACK: thread=glide-jni-callback-0 error_code=2 msg=timed out    
[2m2026-03-16T16:19:36.992529Z[0m [33m WARN[0m [2mlogger_core[0m[2m:[0m run_with_timeout - request timed out after 50ms
[2m2026-03-16T16:19:36.992534Z[0m [33m WARN[0m [2mlogger_core[0m[2m:[0m send_command - DIAG TIMEOUT: cmd=DEL(4567000000000000000000000000000000000000...) timeout=50ms
[2m2026-03-16T16:19:36.992543Z[0m [33m WARN[0m [2mlogger_core[0m[2m:[0m run_with_timeout - request timed out after 50ms
[2m2026-03-16T16:19:36.992546Z[0m [33m WARN[0m [2mlogger_core[0m[2m:[0m send_command - DIAG TIMEOUT: cmd=DEL(3497000000000000000000000000000000000000...) timeout=50ms
[2m2026-03-16T16:19:36.992548Z[0m [33m WARN[0m [2mglide_rs::jni_client[0m[2m:[0m DIAG cb=1378873 ERROR_CALLBACK: thread=glide-jni-callback-0 error_code=2 msg=timed out    
[2m2026-03-16T16:19:36.992554Z[0m [33m WARN[0m [2mglide_rs::jni_client[0m[2m:[0m DIAG cb=1378874 ERROR_CALLBACK: thread=glide-jni-callback-1 error_code=2 msg=timed out    
[2m2026-03-16T16:19:36.992578Z[0m [33m WARN[0m [2mlogger_core[0m[2m:[0m run_with_timeout - request timed out after 50ms
[2m2026-03-16T16:19:36.992585Z[0m [33m WARN[0m [2mlogger_core[0m[2m:[0m send_command - DIAG TIMEOUT: cmd=DEL(4182900000000000000000000000000000000000...) timeout=50ms
[2m2026-03-16T16:19:36.992592Z[0m [33m WARN[0m [2mlogger_core[0m[2m:[0m run_with_timeout - request timed out after 50ms
[2m2026-03-16T16:19:36.992595Z[0m [33m WARN[0m [2mlogger_core[0m[2m:[0m send_command - DIAG TIMEOUT: cmd=DEL(4610700000000000000000000000000000000000...) timeout=50ms
[2m2026-03-16T16:19:36.992599Z[0m [33m WARN[0m [2mglide_rs::jni_client[0m[2m:[0m DIAG cb=1378875 ERROR_CALLBACK: thread=glide-jni-callback-0 error_code=2 msg=timed out    
[2m2026-03-16T16:19:36.992616Z[0m [33m WARN[0m [2mglide_rs::jni_client[0m[2m:[0m DIAG cb=1378876 ERROR_CALLBACK: thread=glide-jni-callback-0 error_code=2 msg=timed out    
[2m2026-03-16T16:19:36.992633Z[0m [33m WARN[0m [2mlogger_core[0m[2m:[0m run_with_timeout - request timed out after 50ms
[2m2026-03-16T16:19:36.992638Z[0m [33m WARN[0m [2mlogger_core[0m[2m:[0m send_command - DIAG TIMEOUT: cmd=DEL(3111500000000000000000000000000000000000...) timeout=50ms
[2m2026-03-16T16:19:36.992645Z[0m [33m WARN[0m [2mlogger_core[0m[2m:[0m run_with_timeout - request timed out after 50ms
[2m2026-03-16T16:19:36.992648Z[0m [33m WARN[0m [2mlogger_core[0m[2m:[0m send_command - DIAG TIMEOUT: cmd=DEL(2421600000000000000000000000000000000000...) timeout=50ms
[2m2026-03-16T16:19:36.992653Z[0m [33m WARN[0m [2mglide_rs::jni_client[0m[2m:[0m DIAG cb=1378877 ERROR_CALLBACK: thread=glide-jni-callback-1 error_code=2 msg=timed out    
[2m2026-03-16T16:19:36.992658Z[0m [33m WARN[0m [2mglide_rs::jni_client[0m[2m:[0m DIAG cb=1378879 ERROR_CALLBACK: thread=glide-jni-callback-0 error_code=2 msg=timed out    
[2m2026-03-16T16:19:36.992679Z[0m [33m WARN[0m [2mlogger_core[0m[2m:[0m run_with_timeout - request timed out after 50ms
[2m2026-03-16T16:19:36.992683Z[0m [33m WARN[0m [2mlogger_core[0m[2m:[0m send_command - DIAG TIMEOUT: cmd=DEL(5670000000000000000000000000000000000000...) timeout=50ms
[2m2026-03-16T16:19:36.992692Z[0m [33m WARN[0m [2mlogger_core[0m[2m:[0m run_with_timeout - request timed out after 50ms
[2m2026-03-16T16:19:36.992695Z[0m [33m WARN[0m [2mlogger_core[0m[2m:[0m send_command - DIAG TIMEOUT: cmd=DEL(5496900000000000000000000000000000000000...) timeout=50ms
[2m2026-03-16T16:19:36.992707Z[0m [33m WARN[0m [2mglide_rs::jni_client[0m[2m:[0m DIAG cb=1378878 ERROR_CALLBACK: thread=glide-jni-callback-1 error_code=2 msg=timed out    
[2m2026-03-16T16:19:36.992709Z[0m [33m WARN[0m [2mglide_rs::jni_client[0m[2m:[0m DIAG cb=1378880 ERROR_CALLBACK: thread=glide-jni-callback-0 error_code=2 msg=timed out    
[2m2026-03-16T16:19:36.992730Z[0m [33m WARN[0m [2mlogger_core[0m[2m:[0m run_with_timeout - request timed out after 50ms
[2m2026-03-16T16:19:36.992734Z[0m [33m WARN[0m [2mlogger_core[0m[2m:[0m send_command - DIAG TIMEOUT: cmd=DEL(7887400000000000000000000000000000000000...) timeout=50ms
[2m2026-03-16T16:19:36.992740Z[0m [33m WARN[0m [2mlogger_core[0m[2m:[0m run_with_timeout - request timed out after 50ms
[2m2026-03-16T16:19:36.992744Z[0m [33m WARN[0m [2mlogger_core[0m[2m:[0m send_command - DIAG TIMEOUT: cmd=DEL(6674500000000000000000000000000000000000...) timeout=50ms
[2m2026-03-16T16:19:36.992744Z[0m [33m WARN[0m [2mglide_rs::jni_client[0m[2m:[0m DIAG cb=1378881 ERROR_CALLBACK: thread=glide-jni-callback-1 error_code=2 msg=timed out    
[2m2026-03-16T16:19:36.992750Z[0m [33m WARN[0m [2mglide_rs::jni_client[0m[2m:[0m DIAG cb=1378882 ERROR_CALLBACK: thread=glide-jni-callback-0 error_code=2 msg=timed out    
[2m2026-03-16T16:19:36.992773Z[0m [33m WARN[0m [2mlogger_core[0m[2m:[0m run_with_timeout - request timed out after 50ms
[2m2026-03-16T16:19:36.992777Z[0m [33m WARN[0m [2mlogger_core[0m[2m:[0m send_command - DIAG TIMEOUT: cmd=DEL(1777300000000000000000000000000000000000...) timeout=50ms
[2m2026-03-16T16:19:36.992782Z[0m [33m WARN[0m [2mlogger_core[0m[2m:[0m run_with_timeout - request timed out after 50ms
[2m2026-03-16T16:19:36.992785Z[0m [33m WARN[0m [2mlogger_core[0m[2m:[0m send_command - DIAG TIMEOUT: cmd=DEL(7266700000000000000000000000000000000000...) timeout=50ms
[2m2026-03-16T16:19:36.992789Z[0m [33m WARN[0m [2mglide_rs::jni_client[0m[2m:[0m DIAG cb=1378883 ERROR_CALLBACK: thread=glide-jni-callback-1 error_code=2 msg=timed out    
[2m2026-03-16T16:19:36.992794Z[0m [33m WARN[0m [2mglide_rs::jni_client[0m[2m:[0m DIAG cb=1378884 ERROR_CALLBACK: thread=glide-jni-callback-0 error_code=2 msg=timed out    
[2m2026-03-16T16:19:36.992815Z[0m [33m WARN[0m [2mlogger_core[0m[2m:[0m run_with_timeout - request timed out after 50ms
[2m2026-03-16T16:19:36.992818Z[0m [33m WARN[0m [2mlogger_core[0m[2m:[0m send_command - DIAG TIMEOUT: cmd=DEL(8864300000000000000000000000000000000000...) timeout=50ms
[2m2026-03-16T16:19:36.992825Z[0m [33m WARN[0m [2mlogger_core[0m[2m:[0m run_with_timeout - request timed out after 50ms
[2m2026-03-16T16:19:36.992827Z[0m [33m WARN[0m [2mlogger_core[0m[2m:[0m send_command - DIAG TIMEOUT: cmd=DEL(5886300000000000000000000000000000000000...) timeout=50ms
[2m2026-03-16T16:19:36.992829Z[0m [33m WARN[0m [2mglide_rs::jni_client[0m[2m:[0m DIAG cb=1378885 ERROR_CALLBACK: thread=glide-jni-callback-1 error_code=2 msg=timed out    
[2m2026-03-16T16:19:36.992836Z[0m [33m WARN[0m [2mglide_rs::jni_client[0m[2m:[0m DIAG cb=1378886 ERROR_CALLBACK: thread=glide-jni-callback-0 error_code=2 msg=timed out    
[2m2026-03-16T16:19:36.992858Z[0m [33m WARN[0m [2mlogger_core[0m[2m:[0m run_with_timeout - request timed out after 50ms
[2m2026-03-16T16:19:36.992862Z[0m [33m WARN[0m [2mlogger_core[0m[2m:[0m send_command - DIAG TIMEOUT: cmd=DEL(3933200000000000000000000000000000000000...) timeout=50ms
[2m2026-03-16T16:19:36.992871Z[0m [33m WARN[0m [2mlogger_core[0m[2m:[0m run_with_timeout - request timed out after 50ms
[2m2026-03-16T16:19:36.992873Z[0m [33m WARN[0m [2mglide_rs::jni_client[0m[2m:[0m DIAG cb=1378887 ERROR_CALLBACK: thread=glide-jni-callback-1 error_code=2 msg=timed out    
[2m2026-03-16T16:19:36.992876Z[0m [33m WARN[0m [2mlogger_core[0m[2m:[0m send_command - DIAG TIMEOUT: cmd=DEL(9114000000000000000000000000000000000000...) timeout=50ms
[2m2026-03-16T16:19:36.992891Z[0m [33m WARN[0m [2mglide_rs::jni_client[0m[2m:[0m DIAG cb=1378888 ERROR_CALLBACK: thread=glide-jni-callback-0 error_code=2 msg=timed out    
[2m2026-03-16T16:19:36.992908Z[0m [33m WARN[0m [2mlogger_core[0m[2m:[0m run_with_timeout - request timed out after 50ms
[2m2026-03-16T16:19:36.992911Z[0m [33m WARN[0m [2mlogger_core[0m[2m:[0m send_command - DIAG TIMEOUT: cmd=DEL(7858900000000000000000000000000000000000...) timeout=50ms
[2m2026-03-16T16:19:36.992917Z[0m [33m WARN[0m [2mlogger_core[0m[2m:[0m run_with_timeout - request timed out after 50ms
[2m2026-03-16T16:19:36.992920Z[0m [33m WARN[0m [2mlogger_core[0m[2m:[0m send_command - DIAG TIMEOUT: cmd=DEL(1403000000000000000000000000000000000000...) timeout=50ms
[2m2026-03-16T16:19:36.992923Z[0m [33m WARN[0m [2mglide_rs::jni_client[0m[2m:[0m DIAG cb=1378889 ERROR_CALLBACK: thread=glide-jni-callback-1 error_code=2 msg=timed out    
[2m2026-03-16T16:19:36.992927Z[0m [33m WARN[0m [2mglide_rs::jni_client[0m[2m:[0m DIAG cb=1378890 ERROR_CALLBACK: thread=glide-jni-callback-0 error_code=2 msg=timed out    
[2m2026-03-16T16:19:36.992948Z[0m [33m WARN[0m [2mlogger_core[0m[2m:[0m run_with_timeout - request timed out after 50ms
[2m2026-03-16T16:19:36.992951Z[0m [33m WARN[0m [2mlogger_core[0m[2m:[0m send_command - DIAG TIMEOUT: cmd=DEL(5152200000000000000000000000000000000000...) timeout=50ms
[2m2026-03-16T16:19:36.992957Z[0m [33m WARN[0m [2mlogger_core[0m[2m:[0m run_with_timeout - request timed out after 50ms
[2m2026-03-16T16:19:36.992960Z[0m [33m WARN[0m [2mlogger_core[0m[2m:[0m send_command - DIAG TIMEOUT: cmd=DEL(5565100000000000000000000000000000000000...) timeout=50ms
[2m2026-03-16T16:19:36.992964Z[0m [33m WARN[0m [2mglide_rs::jni_client[0m[2m:[0m DIAG cb=1378891 ERROR_CALLBACK: thread=glide-jni-callback-0 error_code=2 msg=timed out    
[2m2026-03-16T16:19:36.992969Z[0m [33m WARN[0m [2mglide_rs::jni_client[0m[2m:[0m DIAG cb=1378893 ERROR_CALLBACK: thread=glide-jni-callback-1 error_code=2 msg=timed out    
[2m2026-03-16T16:19:36.992988Z[0m [33m WARN[0m [2mlogger_core[0m[2m:[0m run_with_timeout - request timed out after 50ms
[2m2026-03-16T16:19:36.992991Z[0m [33m WARN[0m [2mlogger_core[0m[2m:[0m send_command - DIAG TIMEOUT: cmd=DEL(4808100000000000000000000000000000000000...) timeout=50ms
[2m2026-03-16T16:19:36.993001Z[0m [33m WARN[0m [2mglide_rs::jni_client[0m[2m:[0m DIAG cb=1378892 ERROR_CALLBACK: thread=glide-jni-callback-1 error_code=2 msg=timed out    
[2m2026-03-16T16:19:36.993034Z[0m [33m WARN[0m [2mredis::aio::multiplexed_connection[0m[2m:[0m DIAG send_recv: pipeline channel send took 33692ms (backpressure from slow TCP)
[2m2026-03-16T16:19:36.993038Z[0m [33m WARN[0m [2mredis::aio::multiplexed_connection[0m[2m:[0m DIAG send_recv: pipeline channel send took 33692ms (backpressure from slow TCP)
[2m2026-03-16T16:19:36.993042Z[0m [33m WARN[0m [2mredis::aio::multiplexed_connection[0m[2m:[0m DIAG send_recv: pipeline channel send took 33692ms (backpressure from slow TCP)
[2m2026-03-16T16:19:36.993045Z[0m [33m WARN[0m [2mredis::aio::multiplexed_connection[0m[2m:[0m DIAG send_recv: pipeline channel send took 33692ms (backpressure from slow TCP)
[2m2026-03-16T16:19:36.993048Z[0m [33m WARN[0m [2mredis::aio::multiplexed_connection[0m[2m:[0m DIAG send_recv: pipeline channel send took 33692ms (backpressure from slow TCP)
[2m2026-03-16T16:19:36.993051Z[0m [33m WARN[0m [2mredis::aio::multiplexed_connection[0m[2m:[0m DIAG send_recv: pipeline channel send took 33692ms (backpressure from slow TCP)
[2m2026-03-16T16:19:36.993054Z[0m [33m WARN[0m [2mredis::aio::multiplexed_connection[0m[2m:[0m DIAG send_recv: pipeline channel send took 33691ms (backpressure from slow TCP)
[2m2026-03-16T16:19:36.993057Z[0m [33m WARN[0m [2mredis::aio::multiplexed_connection[0m[2m:[0m DIAG send_recv: pipeline channel send took 33691ms (backpressure from slow TCP)
[2m2026-03-16T16:19:36.993060Z[0m [33m WARN[0m [2mredis::aio::multiplexed_connection[0m[2m:[0m DIAG send_recv: pipeline channel send took 33691ms (backpressure from slow TCP)
[2m2026-03-16T16:19:36.993063Z[0m [33m WARN[0m [2mredis::aio::multiplexed_connection[0m[2m:[0m DIAG send_recv: pipeline channel send took 33688ms (backpressure from slow TCP)
[2m2026-03-16T16:19:36.993067Z[0m [33m WARN[0m [2mredis::aio::multiplexed_connection[0m[2m:[0m DIAG send_recv: pipeline channel send took 33688ms (backpressure from slow TCP)
[2m2026-03-16T16:19:36.993070Z[0m [33m WARN[0m [2mredis::aio::multiplexed_connection[0m[2m:[0m DIAG send_recv: pipeline channel send took 33688ms (backpressure from slow TCP)
[2m2026-03-16T16:19:36.993074Z[0m [33m WARN[0m [2mredis::aio::multiplexed_connection[0m[2m:[0m DIAG send_recv: pipeline channel send took 33688ms (backpressure from slow TCP)
[2m2026-03-16T16:19:36.993077Z[0m [33m WARN[0m [2mredis::aio::multiplexed_connection[0m[2m:[0m DIAG send_recv: pipeline channel send took 33687ms (backpressure from slow TCP)
[2m2026-03-16T16:19:36.993080Z[0m [33m WARN[0m [2mredis::aio::multiplexed_connection[0m[2m:[0m DIAG send_recv: pipeline channel send took 33684ms (backpressure from slow TCP)
[2m2026-03-16T16:19:36.993084Z[0m [33m WARN[0m [2mredis::aio::multiplexed_connection[0m[2m:[0m DIAG send_recv: pipeline channel send took 33684ms (backpressure from slow TCP)
[2m2026-03-16T16:19:36.993088Z[0m [33m WARN[0m [2mredis::aio::multiplexed_connection[0m[2m:[0m DIAG send_recv: pipeline channel send took 33684ms (backpressure from slow TCP)
[2m2026-03-16T16:19:36.993091Z[0m [33m WARN[0m [2mredis::aio::multiplexed_connection[0m[2m:[0m DIAG send_recv: pipeline channel send took 33684ms (backpressure from slow TCP)
[2m2026-03-16T16:19:36.993094Z[0m [33m WARN[0m [2mredis::aio::multiplexed_connection[0m[2m:[0m DIAG send_recv: pipeline channel send took 33683ms (backpressure from slow TCP)
[2m2026-03-16T16:19:36.993097Z[0m [33m WARN[0m [2mredis::aio::multiplexed_connection[0m[2m:[0m DIAG send_recv: pipeline channel send took 33683ms (backpressure from slow TCP)
[2m2026-03-16T16:19:36.993100Z[0m [33m WARN[0m [2mredis::aio::multiplexed_connection[0m[2m:[0m DIAG send_recv: pipeline channel send took 33658ms (backpressure from slow TCP)
[2m2026-03-16T16:19:36.993103Z[0m [33m WARN[0m [2mredis::aio::multiplexed_connection[0m[2m:[0m DIAG send_recv: pipeline channel send took 33658ms (backpressure from slow TCP)
[2m2026-03-16T16:19:36.993106Z[0m [33m WARN[0m [2mredis::aio::multiplexed_connection[0m[2m:[0m DIAG send_recv: pipeline channel send took 33658ms (backpressure from slow TCP)
[2m2026-03-16T16:19:36.993109Z[0m [33m WARN[0m [2mredis::aio::multiplexed_connection[0m[2m:[0m DIAG send_recv: pipeline channel send took 33658ms (backpressure from slow TCP)
[2m2026-03-16T16:19:36.993112Z[0m [33m WARN[0m [2mredis::aio::multiplexed_connection[0m[2m:[0m DIAG send_recv: pipeline channel send took 33658ms (backpressure from slow TCP)
[2m2026-03-16T16:19:36.993115Z[0m [33m WARN[0m [2mredis::aio::multiplexed_connection[0m[2m:[0m DIAG send_recv: pipeline channel send took 33657ms (backpressure from slow TCP)
[2m2026-03-16T16:19:36.993118Z[0m [33m WARN[0m [2mredis::aio::multiplexed_connection[0m[2m:[0m DIAG send_recv: pipeline channel send took 33657ms (backpressure from slow TCP)
[2m2026-03-16T16:19:36.993122Z[0m [33m WARN[0m [2mredis::aio::multiplexed_connection[0m[2m:[0m DIAG send_recv: pipeline channel send took 33654ms (backpressure from slow TCP)
[2m2026-03-16T16:19:36.993124Z[0m [33m WARN[0m [2mredis::aio::multiplexed_connection[0m[2m:[0m DIAG send_recv: pipeline channel send took 33654ms (backpressure from slow TCP)
[2m2026-03-16T16:19:36.993127Z[0m [33m WARN[0m [2mredis::aio::multiplexed_connection[0m[2m:[0m DIAG send_recv: pipeline channel send took 33654ms (backpressure from slow TCP)
[2m2026-03-16T16:19:36.993130Z[0m [33m WARN[0m [2mredis::aio::multiplexed_connection[0m[2m:[0m DIAG send_recv: pipeline channel send took 33654ms (backpressure from slow TCP)
[2m2026-03-16T16:19:36.993133Z[0m [33m WARN[0m [2mredis::aio::multiplexed_connection[0m[2m:[0m DIAG send_recv: pipeline channel send took 33654ms (backpressure from slow TCP)
[2m2026-03-16T16:19:36.993137Z[0m [33m WARN[0m [2mredis::aio::multiplexed_connection[0m[2m:[0m DIAG send_recv: pipeline channel send took 33654ms (backpressure from slow TCP)
[2m2026-03-16T16:19:36.993140Z[0m [33m WARN[0m [2mredis::aio::multiplexed_connection[0m[2m:[0m DIAG send_recv: pipeline channel send took 33651ms (backpressure from slow TCP)
[2m2026-03-16T16:19:36.993144Z[0m [33m WARN[0m [2mredis::aio::multiplexed_connection[0m[2m:[0m DIAG send_recv: pipeline channel send took 33651ms (backpressure from slow TCP)
[2m2026-03-16T16:19:36.993147Z[0m [33m WARN[0m [2mredis::aio::multiplexed_connection[0m[2m:[0m DIAG send_recv: pipeline channel send took 33650ms (backpressure from slow TCP)
[2m2026-03-16T16:19:36.993150Z[0m [33m WARN[0m [2mredis::aio::multiplexed_connection[0m[2m:[0m DIAG send_recv: pipeline channel send took 33650ms (backpressure from slow TCP)
[2m2026-03-16T16:19:36.993153Z[0m [33m WARN[0m [2mredis::aio::multiplexed_connection[0m[2m:[0m DIAG send_recv: pipeline channel send took 33650ms (backpressure from slow TCP)
[2m2026-03-16T16:19:36.993156Z[0m [33m WARN[0m [2mredis::aio::multiplexed_connection[0m[2m:[0m DIAG send_recv: pipeline channel send took 33650ms (backpressure from slow TCP)
[2m2026-03-16T16:19:36.993159Z[0m [33m WARN[0m [2mredis::aio::multiplexed_connection[0m[2m:[0m DIAG send_recv: pipeline channel send took 33650ms (backpressure from slow TCP)
[2m2026-03-16T16:19:36.993162Z[0m [33m WARN[0m [2mredis::aio::multiplexed_connection[0m[2m:[0m DIAG send_recv: pipeline channel send took 33650ms (backpressure from slow TCP)
[2m2026-03-16T16:19:36.993165Z[0m [33m WARN[0m [2mredis::aio::multiplexed_connection[0m[2m:[0m DIAG send_recv: pipeline channel send took 33650ms (backpressure from slow TCP)
[2m2026-03-16T16:19:36.993168Z[0m [33m WARN[0m [2mredis::aio::multiplexed_connection[0m[2m:[0m DIAG send_recv: pipeline channel send took 33650ms (backpressure from slow TCP)
[2m2026-03-16T16:19:36.993171Z[0m [33m WARN[0m [2mredis::aio::multiplexed_connection[0m[2m:[0m DIAG send_recv: pipeline channel send took 33650ms (backpressure from slow TCP)
[2m2026-03-16T16:19:36.993175Z[0m [33m WARN[0m [2mredis::aio::multiplexed_connection[0m[2m:[0m DIAG send_recv: pipeline channel send took 33650ms (backpressure from slow TCP)
[2m2026-03-16T16:19:36.993178Z[0m [33m WARN[0m [2mredis::aio::multiplexed_connection[0m[2m:[0m DIAG send_recv: pipeline channel send took 33650ms (backpressure from slow TCP)
[2m2026-03-16T16:19:36.993181Z[0m [33m WARN[0m [2mredis::aio::multiplexed_connection[0m[2m:[0m DIAG send_recv: pipeline channel send took 33650ms (backpressure from slow TCP)
[2m2026-03-16T16:19:36.993184Z[0m [33m WARN[0m [2mredis::aio::multiplexed_connection[0m[2m:[0m DIAG send_recv: pipeline channel send took 33650ms (backpressure from slow TCP)
[2m2026-03-16T16:19:36.993187Z[0m [33m WARN[0m [2mredis::aio::multiplexed_connection[0m[2m:[0m DIAG send_recv: pipeline channel send took 33650ms (backpressure from slow TCP)
[2m2026-03-16T16:19:36.993191Z[0m [33m WARN[0m [2mredis::aio::multiplexed_connection[0m[2m:[0m DIAG send_recv: pipeline channel send took 33650ms (backpressure from slow TCP)
[2m2026-03-16T16:19:36.993195Z[0m [33m WARN[0m [2mredis::cluster_async[0m[2m:[0m DIAG try_cmd_request: node=shohame-global-data-store-iad-0003-001.shohame-global-data-store-iad.ime4qh.use1.cache.amazonaws.com:6379 elapsed=34162ms ok=true
[2m2026-03-16T16:19:36.993201Z[0m [33m WARN[0m [2mredis::cluster_async[0m[2m:[0m DIAG try_cmd_request: node=shohame-global-data-store-iad-0003-001.shohame-global-data-store-iad.ime4qh.use1.cache.amazonaws.com:6379 elapsed=34162ms ok=true
[2m2026-03-16T16:19:36.993205Z[0m [33m WARN[0m [2mredis::cluster_async[0m[2m:[0m DIAG try_cmd_request: node=shohame-global-data-store-iad-0003-001.shohame-global-data-store-iad.ime4qh.use1.cache.amazonaws.com:6379 elapsed=34162ms ok=true
[2m2026-03-16T16:19:36.993209Z[0m [33m WARN[0m [2mredis::cluster_async[0m[2m:[0m DIAG try_cmd_request: node=shohame-global-data-store-iad-0003-001.shohame-global-data-store-iad.ime4qh.use1.cache.amazonaws.com:6379 elapsed=34162ms ok=true
[2m2026-03-16T16:19:36.993213Z[0m [33m WARN[0m [2mredis::cluster_async[0m[2m:[0m DIAG try_cmd_request: node=shohame-global-data-store-iad-0003-001.shohame-global-data-store-iad.ime4qh.use1.cache.amazonaws.com:6379 elapsed=34162ms ok=true
[2m2026-03-16T16:19:36.993217Z[0m [33m WARN[0m [2mredis::cluster_async[0m[2m:[0m DIAG try_cmd_request: node=shohame-global-data-store-iad-0003-001.shohame-global-data-store-iad.ime4qh.use1.cache.amazonaws.com:6379 elapsed=34162ms ok=true
[2m2026-03-16T16:19:36.993222Z[0m [33m WARN[0m [2mredis::cluster_async[0m[2m:[0m DIAG try_cmd_request: node=shohame-global-data-store-iad-0003-001.shohame-global-data-store-iad.ime4qh.use1.cache.amazonaws.com:6379 elapsed=34162ms ok=true
[2m2026-03-16T16:19:36.993225Z[0m [33m WARN[0m [2mredis::cluster_async[0m[2m:[0m DIAG try_cmd_request: node=shohame-global-data-store-iad-0003-001.shohame-global-data-store-iad.ime4qh.use1.cache.amazonaws.com:6379 elapsed=34162ms ok=true
[2m2026-03-16T16:19:36.993229Z[0m [33m WARN[0m [2mredis::cluster_async[0m[2m:[0m DIAG try_cmd_request: node=shohame-global-data-store-iad-0003-001.shohame-global-data-store-iad.ime4qh.use1.cache.amazonaws.com:6379 elapsed=34161ms ok=true
[2m2026-03-16T16:19:36.993233Z[0m [33m WARN[0m [2mredis::cluster_async[0m[2m:[0m DIAG try_cmd_request: node=shohame-global-data-store-iad-0003-001.shohame-global-data-store-iad.ime4qh.use1.cache.amazonaws.com:6379 elapsed=34161ms ok=true
[2m2026-03-16T16:19:36.993237Z[0m [33m WARN[0m [2mredis::cluster_async[0m[2m:[0m DIAG try_cmd_request: node=shohame-global-data-store-iad-0003-001.shohame-global-data-store-iad.ime4qh.use1.cache.amazonaws.com:6379 elapsed=34161ms ok=true
[2m2026-03-16T16:19:36.993241Z[0m [33m WARN[0m [2mredis::cluster_async[0m[2m:[0m DIAG try_cmd_request: node=shohame-global-data-store-iad-0003-001.shohame-global-data-store-iad.ime4qh.use1.cache.amazonaws.com:6379 elapsed=34161ms ok=true
[2m2026-03-16T16:19:36.993244Z[0m [33m WARN[0m [2mredis::cluster_async[0m[2m:[0m DIAG try_cmd_request: node=shohame-global-data-store-iad-0003-001.shohame-global-data-store-iad.ime4qh.use1.cache.amazonaws.com:6379 elapsed=34161ms ok=true
[2m2026-03-16T16:19:36.993248Z[0m [33m WARN[0m [2mredis::cluster_async[0m[2m:[0m DIAG try_cmd_request: node=shohame-global-data-store-iad-0003-001.shohame-global-data-store-iad.ime4qh.use1.cache.amazonaws.com:6379 elapsed=34161ms ok=true
[2m2026-03-16T16:19:36.993252Z[0m [33m WARN[0m [2mredis::cluster_async[0m[2m:[0m DIAG try_cmd_request: node=shohame-global-data-store-iad-0003-001.shohame-global-data-store-iad.ime4qh.use1.cache.amazonaws.com:6379 elapsed=34156ms ok=true
[2m2026-03-16T16:19:36.993256Z[0m [33m WARN[0m [2mredis::cluster_async[0m[2m:[0m DIAG try_cmd_request: node=shohame-global-data-store-iad-0003-001.shohame-global-data-store-iad.ime4qh.use1.cache.amazonaws.com:6379 elapsed=34156ms ok=true
[2m2026-03-16T16:19:36.993260Z[0m [33m WARN[0m [2mredis::cluster_async[0m[2m:[0m DIAG try_cmd_request: node=shohame-global-data-store-iad-0003-001.shohame-global-data-store-iad.ime4qh.use1.cache.amazonaws.com:6379 elapsed=34156ms ok=true
[2m2026-03-16T16:19:36.993264Z[0m [33m WARN[0m [2mredis::cluster_async[0m[2m:[0m DIAG try_cmd_request: node=shohame-global-data-store-iad-0003-001.shohame-global-data-store-iad.ime4qh.use1.cache.amazonaws.com:6379 elapsed=34156ms ok=true
[2m2026-03-16T16:19:36.993268Z[0m [33m WARN[0m [2mredis::cluster_async[0m[2m:[0m DIAG try_cmd_request: node=shohame-global-data-store-iad-0003-001.shohame-global-data-store-iad.ime4qh.use1.cache.amazonaws.com:6379 elapsed=34156ms ok=true
[2m2026-03-16T16:19:36.993272Z[0m [33m WARN[0m [2mredis::cluster_async[0m[2m:[0m DIAG try_cmd_request: node=shohame-global-data-store-iad-0003-001.shohame-global-data-store-iad.ime4qh.use1.cache.amazonaws.com:6379 elapsed=34155ms ok=true
[2m2026-03-16T16:19:36.993276Z[0m [33m WARN[0m [2mredis::cluster_async[0m[2m:[0m DIAG try_cmd_request: node=shohame-global-data-store-iad-0003-001.shohame-global-data-store-iad.ime4qh.use1.cache.amazonaws.com:6379 elapsed=34155ms ok=true
[2m2026-03-16T16:19:36.993280Z[0m [33m WARN[0m [2mredis::cluster_async[0m[2m:[0m DIAG try_cmd_request: node=shohame-global-data-store-iad-0003-001.shohame-global-data-store-iad.ime4qh.use1.cache.amazonaws.com:6379 elapsed=34155ms ok=true
[2m2026-03-16T16:19:36.993284Z[0m [33m WARN[0m [2mredis::cluster_async[0m[2m:[0m DIAG try_cmd_request: node=shohame-global-data-store-iad-0003-001.shohame-global-data-store-iad.ime4qh.use1.cache.amazonaws.com:6379 elapsed=34155ms ok=true
[2m2026-03-16T16:19:36.993288Z[0m [33m WARN[0m [2mredis::cluster_async[0m[2m:[0m DIAG try_cmd_request: node=shohame-global-data-store-iad-0003-001.shohame-global-data-store-iad.ime4qh.use1.cache.amazonaws.com:6379 elapsed=34155ms ok=true
[2m2026-03-16T16:19:36.993291Z[0m [33m WARN[0m [2mredis::cluster_async[0m[2m:[0m DIAG try_cmd_request: node=shohame-global-data-store-iad-0003-001.shohame-global-data-store-iad.ime4qh.use1.cache.amazonaws.com:6379 elapsed=34155ms ok=true
[2m2026-03-16T16:19:36.993295Z[0m [33m WARN[0m [2mredis::cluster_async[0m[2m:[0m DIAG try_cmd_request: node=shohame-global-data-store-iad-0003-001.shohame-global-data-store-iad.ime4qh.use1.cache.amazonaws.com:6379 elapsed=34155ms ok=true
[2m2026-03-16T16:19:36.993299Z[0m [33m WARN[0m [2mredis::cluster_async[0m[2m:[0m DIAG try_cmd_request: node=shohame-global-data-store-iad-0003-001.shohame-global-data-store-iad.ime4qh.use1.cache.amazonaws.com:6379 elapsed=34155ms ok=true
[2m2026-03-16T16:19:36.993303Z[0m [33m WARN[0m [2mredis::cluster_async[0m[2m:[0m DIAG try_cmd_request: node=shohame-global-data-store-iad-0003-001.shohame-global-data-store-iad.ime4qh.use1.cache.amazonaws.com:6379 elapsed=34155ms ok=true
[2m2026-03-16T16:19:36.993307Z[0m [33m WARN[0m [2mredis::cluster_async[0m[2m:[0m DIAG try_cmd_request: node=shohame-global-data-store-iad-0003-001.shohame-global-data-store-iad.ime4qh.use1.cache.amazonaws.com:6379 elapsed=34155ms ok=true
[2m2026-03-16T16:19:36.993311Z[0m [33m WARN[0m [2mredis::cluster_async[0m[2m:[0m DIAG try_cmd_request: node=shohame-global-data-store-iad-0003-001.shohame-global-data-store-iad.ime4qh.use1.cache.amazonaws.com:6379 elapsed=34155ms ok=true
[2m2026-03-16T16:19:36.993315Z[0m [33m WARN[0m [2mredis::cluster_async[0m[2m:[0m DIAG try_cmd_request: node=shohame-global-data-store-iad-0003-001.shohame-global-data-store-iad.ime4qh.use1.cache.amazonaws.com:6379 elapsed=34155ms ok=true
[2m2026-03-16T16:19:36.993319Z[0m [33m WARN[0m [2mredis::cluster_async[0m[2m:[0m DIAG try_cmd_request: node=shohame-global-data-store-iad-0003-001.shohame-global-data-store-iad.ime4qh.use1.cache.amazonaws.com:6379 elapsed=34151ms ok=true
[2m2026-03-16T16:19:36.993323Z[0m [33m WARN[0m [2mredis::cluster_async[0m[2m:[0m DIAG try_cmd_request: node=shohame-global-data-store-iad-0003-001.shohame-global-data-store-iad.ime4qh.use1.cache.amazonaws.com:6379 elapsed=34151ms ok=true
[2m2026-03-16T16:19:36.993327Z[0m [33m WARN[0m [2mredis::cluster_async[0m[2m:[0m DIAG try_cmd_request: node=shohame-global-data-store-iad-0003-001.shohame-global-data-store-iad.ime4qh.use1.cache.amazonaws.com:6379 elapsed=34149ms ok=true
[2m2026-03-16T16:19:36.993331Z[0m [33m WARN[0m [2mredis::cluster_async[0m[2m:[0m DIAG try_cmd_request: node=shohame-global-data-store-iad-0003-001.shohame-global-data-store-iad.ime4qh.use1.cache.amazonaws.com:6379 elapsed=34149ms ok=true
[2m2026-03-16T16:19:36.993335Z[0m [33m WARN[0m [2mredis::cluster_async[0m[2m:[0m DIAG try_cmd_request: node=shohame-global-data-store-iad-0003-001.shohame-global-data-store-iad.ime4qh.use1.cache.amazonaws.com:6379 elapsed=34148ms ok=true
[2m2026-03-16T16:19:36.993340Z[0m [33m WARN[0m [2mredis::cluster_async[0m[2m:[0m DIAG try_cmd_request: node=shohame-global-data-store-iad-0003-001.shohame-global-data-store-iad.ime4qh.use1.cache.amazonaws.com:6379 elapsed=34148ms ok=true
[2m2026-03-16T16:19:36.993344Z[0m [33m WARN[0m [2mredis::cluster_async[0m[2m:[0m DIAG try_cmd_request: node=shohame-global-data-store-iad-0003-001.shohame-global-data-store-iad.ime4qh.use1.cache.amazonaws.com:6379 elapsed=34148ms ok=true
[2m2026-03-16T16:19:36.993348Z[0m [33m WARN[0m [2mredis::cluster_async[0m[2m:[0m DIAG try_cmd_request: node=shohame-global-data-store-iad-0003-001.shohame-global-data-store-iad.ime4qh.use1.cache.amazonaws.com:6379 elapsed=34148ms ok=true
[2m2026-03-16T16:19:36.993352Z[0m [33m WARN[0m [2mredis::cluster_async[0m[2m:[0m DIAG try_cmd_request: node=shohame-global-data-store-iad-0003-001.shohame-global-data-store-iad.ime4qh.use1.cache.amazonaws.com:6379 elapsed=34148ms ok=true
[2m2026-03-16T16:19:36.993355Z[0m [33m WARN[0m [2mredis::cluster_async[0m[2m:[0m DIAG try_cmd_request: node=shohame-global-data-store-iad-0003-001.shohame-global-data-store-iad.ime4qh.use1.cache.amazonaws.com:6379 elapsed=34147ms ok=true
[2m2026-03-16T16:19:36.993358Z[0m [33m WARN[0m [2mredis::cluster_async[0m[2m:[0m DIAG try_cmd_request: node=shohame-global-data-store-iad-0003-001.shohame-global-data-store-iad.ime4qh.use1.cache.amazonaws.com:6379 elapsed=34147ms ok=true
[2m2026-03-16T16:19:36.993362Z[0m [33m WARN[0m [2mredis::cluster_async[0m[2m:[0m DIAG try_cmd_request: node=shohame-global-data-store-iad-0003-001.shohame-global-data-store-iad.ime4qh.use1.cache.amazonaws.com:6379 elapsed=34147ms ok=true
[2m2026-03-16T16:19:36.993366Z[0m [33m WARN[0m [2mredis::cluster_async[0m[2m:[0m DIAG try_cmd_request: node=shohame-global-data-store-iad-0003-001.shohame-global-data-store-iad.ime4qh.use1.cache.amazonaws.com:6379 elapsed=34147ms ok=true
[2m2026-03-16T16:19:36.993369Z[0m [33m WARN[0m [2mredis::cluster_async[0m[2m:[0m DIAG try_cmd_request: node=shohame-global-data-store-iad-0003-001.shohame-global-data-store-iad.ime4qh.use1.cache.amazonaws.com:6379 elapsed=34147ms ok=true
[2m2026-03-16T16:19:36.993373Z[0m [33m WARN[0m [2mredis::cluster_async[0m[2m:[0m DIAG try_cmd_request: node=shohame-global-data-store-iad-0003-001.shohame-global-data-store-iad.ime4qh.use1.cache.amazonaws.com:6379 elapsed=34147ms ok=true
[2m2026-03-16T16:19:36.993377Z[0m [33m WARN[0m [2mredis::cluster_async[0m[2m:[0m DIAG try_cmd_request: node=shohame-global-data-store-iad-0003-001.shohame-global-data-store-iad.ime4qh.use1.cache.amazonaws.com:6379 elapsed=34147ms ok=true
[2m2026-03-16T16:19:36.993381Z[0m [33m WARN[0m [2mredis::cluster_async[0m[2m:[0m DIAG try_cmd_request: node=shohame-global-data-store-iad-0003-001.shohame-global-data-store-iad.ime4qh.use1.cache.amazonaws.com:6379 elapsed=34147ms ok=true
[2m2026-03-16T16:19:36.993385Z[0m [33m WARN[0m [2mredis::cluster_async[0m[2m:[0m DIAG try_cmd_request: node=shohame-global-data-store-iad-0003-001.shohame-global-data-store-iad.ime4qh.use1.cache.amazonaws.com:6379 elapsed=34147ms ok=true
[2m2026-03-16T16:19:36.993389Z[0m [33m WARN[0m [2mredis::cluster_async[0m[2m:[0m DIAG try_cmd_request: node=shohame-global-data-store-iad-0003-001.shohame-global-data-store-iad.ime4qh.use1.cache.amazonaws.com:6379 elapsed=34120ms ok=true
[2m2026-03-16T16:19:36.993395Z[0m [33m WARN[0m [2mredis::cluster_async[0m[2m:[0m DIAG try_cmd_request: node=shohame-global-data-store-iad-0003-001.shohame-global-data-store-iad.ime4qh.use1.cache.amazonaws.com:6379 elapsed=34120ms ok=true
[2m2026-03-16T16:19:36.993401Z[0m [33m WARN[0m [2mredis::cluster_async[0m[2m:[0m DIAG try_cmd_request: node=shohame-global-data-store-iad-0003-001.shohame-global-data-store-iad.ime4qh.use1.cache.amazonaws.com:6379 elapsed=34120ms ok=true
[2m2026-03-16T16:19:36.993406Z[0m [33m WARN[0m [2mredis::cluster_async[0m[2m:[0m DIAG try_cmd_request: node=shohame-global-data-store-iad-0003-001.shohame-global-data-store-iad.ime4qh.use1.cache.amazonaws.com:6379 elapsed=34120ms ok=true
[2m2026-03-16T16:19:36.993412Z[0m [33m WARN[0m [2mredis::cluster_async[0m[2m:[0m DIAG try_cmd_request: node=shohame-global-data-store-iad-0003-001.shohame-global-data-store-iad.ime4qh.use1.cache.amazonaws.com:6379 elapsed=34120ms ok=true
[2m2026-03-16T16:19:36.993418Z[0m [33m WARN[0m [2mredis::cluster_async[0m[2m:[0m DIAG try_cmd_request: node=shohame-global-data-store-iad-0003-001.shohame-global-data-store-iad.ime4qh.use1.cache.amazonaws.com:6379 elapsed=34120ms ok=true
[2m2026-03-16T16:19:36.993431Z[0m [33m WARN[0m [2mredis::cluster_async[0m[2m:[0m DIAG try_cmd_request: node=shohame-global-data-store-iad-0003-001.shohame-global-data-store-iad.ime4qh.use1.cache.amazonaws.com:6379 elapsed=34120ms ok=true
[2m2026-03-16T16:19:36.993437Z[0m [33m WARN[0m [2mredis::cluster_async[0m[2m:[0m DIAG try_cmd_request: node=shohame-global-data-store-iad-0003-001.shohame-global-data-store-iad.ime4qh.use1.cache.amazonaws.com:6379 elapsed=34120ms ok=true
[2m2026-03-16T16:19:36.993850Z[0m [33m WARN[0m [2mredis::cluster_async[0m[2m:[0m DIAG poll_complete: pending_queue=21 in_flight=293842 shed=0 new=21 done=57 cancelled=39 retry=0 refresh=0 reconnect=0
[2m2026-03-16T16:19:36.994272Z[0m [33m WARN[0m [2mredis::aio::multiplexed_connection[0m[2m:[0m DIAG send_recv: pipeline channel send took 33651ms (backpressure from slow TCP)
[2m2026-03-16T16:19:36.994281Z[0m [33m WARN[0m [2mredis::aio::multiplexed_connection[0m[2m:[0m DIAG send_recv: pipeline channel send took 33651ms (backpressure from slow TCP)
[2m2026-03-16T16:19:36.994285Z[0m [33m WARN[0m [2mredis::aio::multiplexed_connection[0m[2m:[0m DIAG send_recv: pipeline channel send took 33651ms (backpressure from slow TCP)
[2m2026-03-16T16:19:36.994289Z[0m [33m WARN[0m [2mredis::aio::multiplexed_connection[0m[2m:[0m DIAG send_recv: pipeline channel send took 33650ms (backpressure from slow TCP)
[2m2026-03-16T16:19:36.994293Z[0m [33m WARN[0m [2mredis::aio::multiplexed_connection[0m[2m:[0m DIAG send_recv: pipeline channel send took 33649ms (backpressure from slow TCP)
[2m2026-03-16T16:19:36.994296Z[0m [33m WARN[0m [2mredis::aio::multiplexed_connection[0m[2m:[0m DIAG send_recv: pipeline channel send took 33649ms (backpressure from slow TCP)
[2m2026-03-16T16:19:36.994300Z[0m [33m WARN[0m [2mredis::aio::multiplexed_connection[0m[2m:[0m DIAG send_recv: pipeline channel send took 33644ms (backpressure from slow TCP)
[2m2026-03-16T16:19:36.994303Z[0m [33m WARN[0m [2mredis::aio::multiplexed_connection[0m[2m:[0m DIAG send_recv: pipeline channel send took 33644ms (backpressure from slow TCP)
[2m2026-03-16T16:19:36.994307Z[0m [33m WARN[0m [2mredis::aio::multiplexed_connection[0m[2m:[0m DIAG send_recv: pipeline channel send took 33642ms (backpressure from slow TCP)
[2m2026-03-16T16:19:36.994311Z[0m [33m WARN[0m [2mredis::aio::multiplexed_connection[0m[2m:[0m DIAG send_recv: pipeline channel send took 33642ms (backpressure from slow TCP)
[2m2026-03-16T16:19:36.994315Z[0m [33m WARN[0m [2mredis::aio::multiplexed_connection[0m[2m:[0m DIAG send_recv: pipeline channel send took 33642ms (backpressure from slow TCP)
[2m2026-03-16T16:19:36.994322Z[0m [33m WARN[0m [2mredis::aio::multiplexed_connection[0m[2m:[0m DIAG send_recv: pipeline channel send took 33642ms (backpressure from slow TCP)
[2m2026-03-16T16:19:36.994326Z[0m [33m WARN[0m [2mredis::aio::multiplexed_connection[0m[2m:[0m DIAG send_recv: pipeline channel send took 33641ms (backpressure from slow TCP)
[2m2026-03-16T16:19:36.994330Z[0m [33m WARN[0m [2mredis::aio::multiplexed_connection[0m[2m:[0m DIAG send_recv: pipeline channel send took 33641ms (backpressure from slow TCP)
[2m2026-03-16T16:19:36.994334Z[0m [33m WARN[0m [2mredis::aio::multiplexed_connection[0m[2m:[0m DIAG send_recv: pipeline channel send took 33641ms (backpressure from slow TCP)
[2m2026-03-16T16:19:36.994338Z[0m [33m WARN[0m [2mredis::aio::multiplexed_connection[0m[2m:[0m DIAG send_recv: pipeline channel send took 33641ms (backpressure from slow TCP)
[2m2026-03-16T16:19:36.994345Z[0m [33m WARN[0m [2mredis::aio::multiplexed_connection[0m[2m:[0m DIAG send_recv: pipeline channel send took 33641ms (backpressure from slow TCP)
[2m2026-03-16T16:19:36.994348Z[0m [33m WARN[0m [2mredis::aio::multiplexed_connection[0m[2m:[0m DIAG send_recv: pipeline channel send took 33641ms (backpressure from slow TCP)
[2m2026-03-16T16:19:36.994351Z[0m [33m WARN[0m [2mredis::aio::multiplexed_connection[0m[2m:[0m DIAG send_recv: pipeline channel send took 33641ms (backpressure from slow TCP)
[2m2026-03-16T16:19:36.994353Z[0m [33m WARN[0m [2mredis::aio::multiplexed_connection[0m[2m:[0m DIAG send_recv: pipeline channel send took 33641ms (backpressure from slow TCP)
[2m2026-03-16T16:19:36.994356Z[0m [33m WARN[0m [2mredis::aio::multiplexed_connection[0m[2m:[0m DIAG send_recv: pipeline channel send took 33641ms (backpressure from slow TCP)
[2m2026-03-16T16:19:36.994359Z[0m [33m WARN[0m [2mredis::aio::multiplexed_connection[0m[2m:[0m DIAG send_recv: pipeline channel send took 33641ms (backpressure from slow TCP)
[2m2026-03-16T16:19:36.994363Z[0m [33m WARN[0m [2mredis::aio::multiplexed_connection[0m[2m:[0m DIAG send_recv: pipeline channel send took 33641ms (backpressure from slow TCP)
[2m2026-03-16T16:19:36.994366Z[0m [33m WARN[0m [2mredis::aio::multiplexed_connection[0m[2m:[0m DIAG send_recv: pipeline channel send took 33640ms (backpressure from slow TCP)
[2m2026-03-16T16:19:36.994369Z[0m [33m WARN[0m [2mredis::aio::multiplexed_connection[0m[2m:[0m DIAG send_recv: pipeline channel send took 33638ms (backpressure from slow TCP)
[2m2026-03-16T16:19:36.994372Z[0m [33m WARN[0m [2mredis::aio::multiplexed_connection[0m[2m:[0m DIAG send_recv: pipeline channel send took 33638ms (backpressure from slow TCP)
[2m2026-03-16T16:19:36.994376Z[0m [33m WARN[0m [2mredis::aio::multiplexed_connection[0m[2m:[0m DIAG send_recv: pipeline channel send took 33637ms (backpressure from slow TCP)
[2m2026-03-16T16:19:36.994378Z[0m [33m WARN[0m [2mredis::aio::multiplexed_connection[0m[2m:[0m DIAG send_recv: pipeline channel send took 33635ms (backpressure from slow TCP)
[2m2026-03-16T16:19:36.994381Z[0m [33m WARN[0m [2mredis::aio::multiplexed_connection[0m[2m:[0m DIAG send_recv: pipeline channel send took 33633ms (backpressure from slow TCP)
[2m2026-03-16T16:19:36.994384Z[0m [33m WARN[0m [2mredis::aio::multiplexed_connection[0m[2m:[0m DIAG send_recv: pipeline channel send took 33633ms (backpressure from slow TCP)
[2m2026-03-16T16:19:36.994387Z[0m [33m WARN[0m [2mredis::aio::multiplexed_connection[0m[2m:[0m DIAG send_recv: pipeline channel send took 33633ms (backpressure from slow TCP)
[2m2026-03-16T16:19:36.994389Z[0m [33m WARN[0m [2mredis::aio::multiplexed_connection[0m[2m:[0m DIAG send_recv: pipeline channel send took 33633ms (backpressure from slow TCP)
[2m2026-03-16T16:19:36.994392Z[0m [33m WARN[0m [2mredis::aio::multiplexed_connection[0m[2m:[0m DIAG send_recv: pipeline channel send took 33633ms (backpressure from slow TCP)
[2m2026-03-16T16:19:36.994395Z[0m [33m WARN[0m [2mredis::aio::multiplexed_connection[0m[2m:[0m DIAG send_recv: pipeline channel send took 33633ms (backpressure from slow TCP)
[2m2026-03-16T16:19:36.994398Z[0m [33m WARN[0m [2mredis::aio::multiplexed_connection[0m[2m:[0m DIAG send_recv: pipeline channel send took 33633ms (backpressure from slow TCP)
[2m2026-03-16T16:19:36.994402Z[0m [33m WARN[0m [2mredis::aio::multiplexed_connection[0m[2m:[0m DIAG send_recv: pipeline channel send took 33633ms (backpressure from slow TCP)
[2m2026-03-16T16:19:36.994404Z[0m [33m WARN[0m [2mredis::aio::multiplexed_connection[0m[2m:[0m DIAG send_recv: pipeline channel send took 33633ms (backpressure from slow TCP)
[2m2026-03-16T16:19:36.994407Z[0m [33m WARN[0m [2mredis::aio::multiplexed_connection[0m[2m:[0m DIAG send_recv: pipeline channel send took 33633ms (backpressure from slow TCP)
[2m2026-03-16T16:19:36.994410Z[0m [33m WARN[0m [2mredis::aio::multiplexed_connection[0m[2m:[0m DIAG send_recv: pipeline channel send took 33614ms (backpressure from slow TCP)
[2m2026-03-16T16:19:36.994413Z[0m [33m WARN[0m [2mredis::aio::multiplexed_connection[0m[2m:[0m DIAG send_recv: pipeline channel send took 33614ms (backpressure from slow TCP)
[2m2026-03-16T16:19:36.994416Z[0m [33m WARN[0m [2mredis::aio::multiplexed_connection[0m[2m:[0m DIAG send_recv: pipeline channel send took 33608ms (backpressure from slow TCP)
[2m2026-03-16T16:19:36.994419Z[0m [33m WARN[0m [2mredis::aio::multiplexed_connection[0m[2m:[0m DIAG send_recv: pipeline channel send took 33608ms (backpressure from slow TCP)
[2m2026-03-16T16:19:36.994422Z[0m [33m WARN[0m [2mredis::aio::multiplexed_connection[0m[2m:[0m DIAG send_recv: pipeline channel send took 33607ms (backpressure from slow TCP)
[2m2026-03-16T16:19:36.994425Z[0m [33m WARN[0m [2mredis::aio::multiplexed_connection[0m[2m:[0m DIAG send_recv: pipeline channel send took 33607ms (backpressure from slow TCP)
[2m2026-03-16T16:19:36.994429Z[0m [33m WARN[0m [2mredis::aio::multiplexed_connection[0m[2m:[0m DIAG send_recv: pipeline channel send took 33607ms (backpressure from slow TCP)
[2m2026-03-16T16:19:36.994432Z[0m [33m WARN[0m [2mredis::aio::multiplexed_connection[0m[2m:[0m DIAG send_recv: pipeline channel send took 33607ms (backpressure from slow TCP)
[2m2026-03-16T16:19:36.994436Z[0m [33m WARN[0m [2mredis::aio::multiplexed_connection[0m[2m:[0m DIAG send_recv: pipeline channel send took 33607ms (backpressure from slow TCP)
[2m2026-03-16T16:19:36.994439Z[0m [33m WARN[0m [2mredis::aio::multiplexed_connection[0m[2m:[0m DIAG send_recv: pipeline channel send took 33607ms (backpressure from slow TCP)
[2m2026-03-16T16:19:36.994443Z[0m [33m WARN[0m [2mredis::aio::multiplexed_connection[0m[2m:[0m DIAG send_recv: pipeline channel send took 33605ms (backpressure from slow TCP)
[2m2026-03-16T16:19:36.994447Z[0m [33m WARN[0m [2mredis::aio::multiplexed_connection[0m[2m:[0m DIAG send_recv: pipeline channel send took 33605ms (backpressure from slow TCP)
[2m2026-03-16T16:19:36.994677Z[0m [33m WARN[0m [2mredis::aio::multiplexed_connection[0m[2m:[0m DIAG send_recv: pipeline channel send took 33605ms (backpressure from slow TCP)
[2m2026-03-16T16:19:36.994683Z[0m [33m WARN[0m [2mredis::aio::multiplexed_connection[0m[2m:[0m DIAG send_recv: pipeline channel send took 33605ms (backpressure from slow TCP)
[2m2026-03-16T16:19:36.994685Z[0m [33m WARN[0m [2mredis::aio::multiplexed_connection[0m[2m:[0m DIAG send_recv: pipeline channel send took 33605ms (backpressure from slow TCP)
[2m2026-03-16T16:19:36.994688Z[0m [33m WARN[0m [2mredis::aio::multiplexed_connection[0m[2m:[0m DIAG send_recv: pipeline channel send took 33605ms (backpressure from slow TCP)
[2m2026-03-16T16:19:36.994691Z[0m [33m WARN[0m [2mredis::aio::multiplexed_connection[0m[2m:[0m DIAG send_recv: pipeline channel send took 33604ms (backpressure from slow TCP)
[2m2026-03-16T16:19:36.994693Z[0m [33m WARN[0m [2mredis::aio::multiplexed_connection[0m[2m:[0m DIAG send_recv: pipeline channel send took 33600ms (backpressure from slow TCP)
[2m2026-03-16T16:19:36.994696Z[0m [33m WARN[0m [2mredis::aio::multiplexed_connection[0m[2m:[0m DIAG send_recv: pipeline channel send took 33600ms (backpressure from slow TCP)
[2m2026-03-16T16:19:36.994699Z[0m [33m WARN[0m [2mredis::aio::multiplexed_connection[0m[2m:[0m DIAG send_recv: pipeline channel send took 33600ms (backpressure from slow TCP)
[2m2026-03-16T16:19:36.994701Z[0m [33m WARN[0m [2mredis::aio::multiplexed_connection[0m[2m:[0m DIAG send_recv: pipeline channel send took 33600ms (backpressure from slow TCP)
[2m2026-03-16T16:19:36.994704Z[0m [33m WARN[0m [2mredis::aio::multiplexed_connection[0m[2m:[0m DIAG send_recv: pipeline channel send took 33600ms (backpressure from slow TCP)
[2m2026-03-16T16:19:36.994707Z[0m [33m WARN[0m [2mredis::aio::multiplexed_connection[0m[2m:[0m DIAG send_recv: pipeline channel send took 33600ms (backpressure from slow TCP)
[2m2026-03-16T16:19:36.994710Z[0m [33m WARN[0m [2mredis::aio::multiplexed_connection[0m[2m:[0m DIAG send_recv: pipeline channel send took 33600ms (backpressure from slow TCP)
[2m2026-03-16T16:19:36.994712Z[0m [33m WARN[0m [2mredis::aio::multiplexed_connection[0m[2m:[0m DIAG send_recv: pipeline channel send took 33600ms (backpressure from slow TCP)
[2m2026-03-16T16:19:36.994715Z[0m [33m WARN[0m [2mredis::aio::multiplexed_connection[0m[2m:[0m DIAG send_recv: pipeline channel send took 33600ms (backpressure from slow TCP)
[2m2026-03-16T16:19:36.994719Z[0m [33m WARN[0m [2mredis::aio::multiplexed_connection[0m[2m:[0m DIAG send_recv: pipeline channel send took 33600ms (backpressure from slow TCP)
[2m2026-03-16T16:19:36.994721Z[0m [33m WARN[0m [2mredis::aio::multiplexed_connection[0m[2m:[0m DIAG send_recv: pipeline channel send took 33600ms (backpressure from slow TCP)
[2m2026-03-16T16:19:36.994724Z[0m [33m WARN[0m [2mredis::aio::multiplexed_connection[0m[2m:[0m DIAG send_recv: pipeline channel send took 33600ms (backpressure from slow TCP)
[2m2026-03-16T16:19:36.994728Z[0m [33m WARN[0m [2mredis::aio::multiplexed_connection[0m[2m:[0m DIAG send_recv: pipeline channel send took 33600ms (backpressure from slow TCP)
[2m2026-03-16T16:19:36.994731Z[0m [33m WARN[0m [2mredis::aio::multiplexed_connection[0m[2m:[0m DIAG send_recv: pipeline channel send took 33600ms (backpressure from slow TCP)
[2m2026-03-16T16:19:36.994734Z[0m [33m WARN[0m [2mredis::aio::multiplexed_connection[0m[2m:[0m DIAG send_recv: pipeline channel send took 33599ms (backpressure from slow TCP)
[2m2026-03-16T16:19:36.994737Z[0m [33m WARN[0m [2mredis::aio::multiplexed_connection[0m[2m:[0m DIAG send_recv: pipeline channel send took 33599ms (backpressure from slow TCP)
[2m2026-03-16T16:19:36.994740Z[0m [33m WARN[0m [2mredis::aio::multiplexed_connection[0m[2m:[0m DIAG send_recv: pipeline channel send took 33599ms (backpressure from slow TCP)
[2m2026-03-16T16:19:36.994742Z[0m [33m WARN[0m [2mredis::aio::multiplexed_connection[0m[2m:[0m DIAG send_recv: pipeline channel send took 33592ms (backpressure from slow TCP)
[2m2026-03-16T16:19:36.994745Z[0m [33m WARN[0m [2mredis::aio::multiplexed_connection[0m[2m:[0m DIAG send_recv: pipeline channel send took 33592ms (backpressure from slow TCP)
[2m2026-03-16T16:19:36.994748Z[0m [33m WARN[0m [2mredis::aio::multiplexed_connection[0m[2m:[0m DIAG send_recv: pipeline channel send took 33592ms (backpressure from slow TCP)
[2m2026-03-16T16:19:36.994751Z[0m [33m WARN[0m [2mredis::aio::multiplexed_connection[0m[2m:[0m DIAG send_recv: pipeline channel send took 33592ms (backpressure from slow TCP)
[2m2026-03-16T16:19:36.994754Z[0m [33m WARN[0m [2mredis::aio::multiplexed_connection[0m[2m:[0m DIAG send_recv: pipeline channel send took 33592ms (backpressure from slow TCP)
[2m2026-03-16T16:19:36.994757Z[0m [33m WARN[0m [2mredis::aio::multiplexed_connection[0m[2m:[0m DIAG send_recv: pipeline channel send took 33592ms (backpressure from slow TCP)
[2m2026-03-16T16:19:36.994760Z[0m [33m WARN[0m [2mredis::aio::multiplexed_connection[0m[2m:[0m DIAG send_recv: pipeline channel send took 33591ms (backpressure from slow TCP)
[2m2026-03-16T16:19:36.994763Z[0m [33m WARN[0m [2mredis::aio::multiplexed_connection[0m[2m:[0m DIAG send_recv: pipeline channel send took 33591ms (backpressure from slow TCP)
[2m2026-03-16T16:19:36.994765Z[0m [33m WARN[0m [2mredis::aio::multiplexed_connection[0m[2m:[0m DIAG send_recv: pipeline channel send took 33591ms (backpressure from slow TCP)
[2m2026-03-16T16:19:36.994768Z[0m [33m WARN[0m [2mredis::aio::multiplexed_connection[0m[2m:[0m DIAG send_recv: pipeline channel send took 33591ms (backpressure from slow TCP)
[2m2026-03-16T16:19:36.994770Z[0m [33m WARN[0m [2mredis::aio::multiplexed_connection[0m[2m:[0m DIAG send_recv: pipeline channel send took 33591ms (backpressure from slow TCP)
[2m2026-03-16T16:19:36.994773Z[0m [33m WARN[0m [2mredis::aio::multiplexed_connection[0m[2m:[0m DIAG send_recv: pipeline channel send took 33591ms (backpressure from slow TCP)
[2m2026-03-16T16:19:36.994775Z[0m [33m WARN[0m [2mredis::aio::multiplexed_connection[0m[2m:[0m DIAG send_recv: pipeline channel send took 33591ms (backpressure from slow TCP)
[2m2026-03-16T16:19:36.994778Z[0m [33m WARN[0m [2mredis::aio::multiplexed_connection[0m[2m:[0m DIAG send_recv: pipeline channel send took 33590ms (backpressure from slow TCP)
[2m2026-03-16T16:19:36.994781Z[0m [33m WARN[0m [2mredis::aio::multiplexed_connection[0m[2m:[0m DIAG send_recv: pipeline channel send took 33590ms (backpressure from slow TCP)
[2m2026-03-16T16:19:36.994784Z[0m [33m WARN[0m [2mredis::aio::multiplexed_connection[0m[2m:[0m DIAG send_recv: pipeline channel send took 33590ms (backpressure from slow TCP)
[2m2026-03-16T16:19:36.994787Z[0m [33m WARN[0m [2mredis::aio::multiplexed_connection[0m[2m:[0m DIAG send_recv: pipeline channel send took 33590ms (backpressure from slow TCP)
[2m2026-03-16T16:19:36.994789Z[0m [33m WARN[0m [2mredis::aio::multiplexed_connection[0m[2m:[0m DIAG send_recv: pipeline channel send took 33589ms (backpressure from slow TCP)
[2m2026-03-16T16:19:36.994792Z[0m [33m WARN[0m [2mredis::aio::multiplexed_connection[0m[2m:[0m DIAG send_recv: pipeline channel send took 33589ms (backpressure from slow TCP)
[2m2026-03-16T16:19:36.994795Z[0m [33m WARN[0m [2mredis::aio::multiplexed_connection[0m[2m:[0m DIAG send_recv: pipeline channel send took 33586ms (backpressure from slow TCP)
[2m2026-03-16T16:19:36.994797Z[0m [33m WARN[0m [2mredis::aio::multiplexed_connection[0m[2m:[0m DIAG send_recv: pipeline channel send took 33585ms (backpressure from slow TCP)
[2m2026-03-16T16:19:36.994800Z[0m [33m WARN[0m [2mredis::aio::multiplexed_connection[0m[2m:[0m DIAG send_recv: pipeline channel send took 33585ms (backpressure from slow TCP)
[2m2026-03-16T16:19:36.994803Z[0m [33m WARN[0m [2mredis::aio::multiplexed_connection[0m[2m:[0m DIAG send_recv: pipeline channel send took 33584ms (backpressure from slow TCP)
[2m2026-03-16T16:19:36.994805Z[0m [33m WARN[0m [2mredis::aio::multiplexed_connection[0m[2m:[0m DIAG send_recv: pipeline channel send took 33584ms (backpressure from slow TCP)
[2m2026-03-16T16:19:36.994808Z[0m [33m WARN[0m [2mredis::aio::multiplexed_connection[0m[2m:[0m DIAG send_recv: pipeline channel send took 33584ms (backpressure from slow TCP)
[2m2026-03-16T16:19:36.994811Z[0m [33m WARN[0m [2mredis::aio::multiplexed_connection[0m[2m:[0m DIAG send_recv: pipeline channel send took 33583ms (backpressure from slow TCP)
[2m2026-03-16T16:19:36.994813Z[0m [33m WARN[0m [2mredis::aio::multiplexed_connection[0m[2m:[0m DIAG send_recv: pipeline channel send took 33583ms (backpressure from slow TCP)
[2m2026-03-16T16:19:36.994816Z[0m [33m WARN[0m [2mredis::aio::multiplexed_connection[0m[2m:[0m DIAG send_recv: pipeline channel send took 33583ms (backpressure from slow TCP)
[2m2026-03-16T16:19:36.995018Z[0m [33m WARN[0m [2mredis::aio::multiplexed_connection[0m[2m:[0m DIAG send_recv: pipeline channel send took 33582ms (backpressure from slow TCP)
[2m2026-03-16T16:19:36.995022Z[0m [33m WARN[0m [2mredis::aio::multiplexed_connection[0m[2m:[0m DIAG send_recv: pipeline channel send took 33582ms (backpressure from slow TCP)
[2m2026-03-16T16:19:36.995024Z[0m [33m WARN[0m [2mredis::aio::multiplexed_connection[0m[2m:[0m DIAG send_recv: pipeline channel send took 33582ms (backpressure from slow TCP)
[2m2026-03-16T16:19:36.995027Z[0m [33m WARN[0m [2mredis::aio::multiplexed_connection[0m[2m:[0m DIAG send_recv: pipeline channel send took 33558ms (backpressure from slow TCP)
[2m2026-03-16T16:19:36.995030Z[0m [33m WARN[0m [2mredis::aio::multiplexed_connection[0m[2m:[0m DIAG send_recv: pipeline channel send took 33558ms (backpressure from slow TCP)
[2m2026-03-16T16:19:36.995033Z[0m [33m WARN[0m [2mredis::aio::multiplexed_connection[0m[2m:[0m DIAG send_recv: pipeline channel send took 33558ms (backpressure from slow TCP)
[2m2026-03-16T16:19:36.995035Z[0m [33m WARN[0m [2mredis::aio::multiplexed_connection[0m[2m:[0m DIAG send_recv: pipeline channel send took 33558ms (backpressure from slow TCP)
[2m2026-03-16T16:19:36.995038Z[0m [33m WARN[0m [2mredis::aio::multiplexed_connection[0m[2m:[0m DIAG send_recv: pipeline channel send took 33558ms (backpressure from slow TCP)
[2m2026-03-16T16:19:36.995041Z[0m [33m WARN[0m [2mredis::aio::multiplexed_connection[0m[2m:[0m DIAG send_recv: pipeline channel send took 33557ms (backpressure from slow TCP)
[2m2026-03-16T16:19:36.995043Z[0m [33m WARN[0m [2mredis::aio::multiplexed_connection[0m[2m:[0m DIAG send_recv: pipeline channel send took 33557ms (backpressure from slow TCP)
[2m2026-03-16T16:19:36.995046Z[0m [33m WARN[0m [2mredis::aio::multiplexed_connection[0m[2m:[0m DIAG send_recv: pipeline channel send took 33556ms (backpressure from slow TCP)
[2m2026-03-16T16:19:36.995048Z[0m [33m WARN[0m [2mredis::aio::multiplexed_connection[0m[2m:[0m DIAG send_recv: pipeline channel send took 33556ms (backpressure from slow TCP)
[2m2026-03-16T16:19:36.995051Z[0m [33m WARN[0m [2mredis::aio::multiplexed_connection[0m[2m:[0m DIAG send_recv: pipeline channel send took 33554ms (backpressure from slow TCP)
[2m2026-03-16T16:19:36.995053Z[0m [33m WARN[0m [2mredis::aio::multiplexed_connection[0m[2m:[0m DIAG send_recv: pipeline channel send took 33554ms (backpressure from slow TCP)
[2m2026-03-16T16:19:36.995056Z[0m [33m WARN[0m [2mredis::aio::multiplexed_connection[0m[2m:[0m DIAG send_recv: pipeline channel send took 33554ms (backpressure from slow TCP)
[2m2026-03-16T16:19:36.995058Z[0m [33m WARN[0m [2mredis::aio::multiplexed_connection[0m[2m:[0m DIAG send_recv: pipeline channel send took 33553ms (backpressure from slow TCP)
[2m2026-03-16T16:19:36.995061Z[0m [33m WARN[0m [2mredis::aio::multiplexed_connection[0m[2m:[0m DIAG send_recv: pipeline channel send took 33553ms (backpressure from slow TCP)
[2m2026-03-16T16:19:36.995063Z[0m [33m WARN[0m [2mredis::aio::multiplexed_connection[0m[2m:[0m DIAG send_recv: pipeline channel send took 33553ms (backpressure from slow TCP)
[2m2026-03-16T16:19:36.995066Z[0m [33m WARN[0m [2mredis::aio::multiplexed_connection[0m[2m:[0m DIAG send_recv: pipeline channel send took 33550ms (backpressure from slow TCP)
[2m2026-03-16T16:19:36.995069Z[0m [33m WARN[0m [2mredis::aio::multiplexed_connection[0m[2m:[0m DIAG send_recv: pipeline channel send took 33550ms (backpressure from slow TCP)
[2m2026-03-16T16:19:36.995071Z[0m [33m WARN[0m [2mredis::aio::multiplexed_connection[0m[2m:[0m DIAG send_recv: pipeline channel send took 33549ms (backpressure from slow TCP)
[2m2026-03-16T16:19:36.995074Z[0m [33m WARN[0m [2mredis::aio::multiplexed_connection[0m[2m:[0m DIAG send_recv: pipeline channel send took 33549ms (backpressure from slow TCP)
[2m2026-03-16T16:19:36.995077Z[0m [33m WARN[0m [2mredis::aio::multiplexed_connection[0m[2m:[0m DIAG send_recv: pipeline channel send took 33549ms (backpressure from slow TCP)
[2m2026-03-16T16:19:36.995079Z[0m [33m WARN[0m [2mredis::aio::multiplexed_connection[0m[2m:[0m DIAG send_recv: pipeline channel send took 33549ms (backpressure from slow TCP)
[2m2026-03-16T16:19:36.995082Z[0m [33m WARN[0m [2mredis::aio::multiplexed_connection[0m[2m:[0m DIAG send_recv: pipeline channel send took 33549ms (backpressure from slow TCP)
[2m2026-03-16T16:19:36.995085Z[0m [33m WARN[0m [2mredis::aio::multiplexed_connection[0m[2m:[0m DIAG send_recv: pipeline channel send took 33549ms (backpressure from slow TCP)
[2m2026-03-16T16:19:36.995088Z[0m [33m WARN[0m [2mredis::aio::multiplexed_connection[0m[2m:[0m DIAG send_recv: pipeline channel send took 33549ms (backpressure from slow TCP)
[2m2026-03-16T16:19:36.995091Z[0m [33m WARN[0m [2mredis::aio::multiplexed_connection[0m[2m:[0m DIAG send_recv: pipeline channel send took 33549ms (backpressure from slow TCP)
[2m2026-03-16T16:19:36.995093Z[0m [33m WARN[0m [2mredis::aio::multiplexed_connection[0m[2m:[0m DIAG send_recv: pipeline channel send took 33549ms (backpressure from slow TCP)
[2m2026-03-16T16:19:36.995096Z[0m [33m WARN[0m [2mredis::aio::multiplexed_connection[0m[2m:[0m DIAG send_recv: pipeline channel send took 33549ms (backpressure from slow TCP)
[2m2026-03-16T16:19:36.995098Z[0m [33m WARN[0m [2mredis::aio::multiplexed_connection[0m[2m:[0m DIAG send_recv: pipeline channel send took 33549ms (backpressure from slow TCP)
[2m2026-03-16T16:19:36.995101Z[0m [33m WARN[0m [2mredis::aio::multiplexed_connection[0m[2m:[0m DIAG send_recv: pipeline channel send took 33548ms (backpressure from slow TCP)
[2m2026-03-16T16:19:36.995104Z[0m [33m WARN[0m [2mredis::aio::multiplexed_connection[0m[2m:[0m DIAG send_recv: pipeline channel send took 33548ms (backpressure from slow TCP)
[2m2026-03-16T16:19:36.995107Z[0m [33m WARN[0m [2mredis::aio::multiplexed_connection[0m[2m:[0m DIAG send_recv: pipeline channel send took 33548ms (backpressure from slow TCP)
[2m2026-03-16T16:19:36.995110Z[0m [33m WARN[0m [2mredis::aio::multiplexed_connection[0m[2m:[0m DIAG send_recv: pipeline channel send took 33548ms (backpressure from slow TCP)
[2m2026-03-16T16:19:36.995113Z[0m [33m WARN[0m [2mredis::aio::multiplexed_connection[0m[2m:[0m DIAG send_recv: pipeline channel send took 33548ms (backpressure from slow TCP)
[2m2026-03-16T16:19:36.995115Z[0m [33m WARN[0m [2mredis::aio::multiplexed_connection[0m[2m:[0m DIAG send_recv: pipeline channel send took 33548ms (backpressure from slow TCP)
[2m2026-03-16T16:19:36.995119Z[0m [33m WARN[0m [2mredis::aio::multiplexed_connection[0m[2m:[0m DIAG send_recv: pipeline channel send took 33548ms (backpressure from slow TCP)
[2m2026-03-16T16:19:36.995121Z[0m [33m WARN[0m [2mredis::aio::multiplexed_connection[0m[2m:[0m DIAG send_recv: pipeline channel send took 33541ms (backpressure from slow TCP)
[2m2026-03-16T16:19:36.995124Z[0m [33m WARN[0m [2mredis::aio::multiplexed_connection[0m[2m:[0m DIAG send_recv: pipeline channel send took 33541ms (backpressure from slow TCP)
[2m2026-03-16T16:19:36.995127Z[0m [33m WARN[0m [2mredis::aio::multiplexed_connection[0m[2m:[0m DIAG send_recv: pipeline channel send took 33541ms (backpressure from slow TCP)
[2m2026-03-16T16:19:36.995129Z[0m [33m WARN[0m [2mredis::aio::multiplexed_connection[0m[2m:[0m DIAG send_recv: pipeline channel send took 33541ms (backpressure from slow TCP)
[2m2026-03-16T16:19:36.995132Z[0m [33m WARN[0m [2mredis::aio::multiplexed_connection[0m[2m:[0m DIAG send_recv: pipeline channel send took 33541ms (backpressure from slow TCP)
[2m2026-03-16T16:19:36.995135Z[0m [33m WARN[0m [2mredis::aio::multiplexed_connection[0m[2m:[0m DIAG send_recv: pipeline channel send took 33541ms (backpressure from slow TCP)
[2m2026-03-16T16:19:36.995137Z[0m [33m WARN[0m [2mredis::aio::multiplexed_connection[0m[2m:[0m DIAG send_recv: pipeline channel send took 33540ms (backpressure from slow TCP)
[2m2026-03-16T16:19:36.995140Z[0m [33m WARN[0m [2mredis::aio::multiplexed_connection[0m[2m:[0m DIAG send_recv: pipeline channel send took 33540ms (backpressure from slow TCP)
[2m2026-03-16T16:19:36.995143Z[0m [33m WARN[0m [2mredis::aio::multiplexed_connection[0m[2m:[0m DIAG send_recv: pipeline channel send took 33540ms (backpressure from slow TCP)
[2m2026-03-16T16:19:36.995145Z[0m [33m WARN[0m [2mredis::aio::multiplexed_connection[0m[2m:[0m DIAG send_recv: pipeline channel send took 33540ms (backpressure from slow TCP)
[2m2026-03-16T16:19:36.995149Z[0m [33m WARN[0m [2mredis::aio::multiplexed_connection[0m[2m:[0m DIAG send_recv: pipeline channel send took 33540ms (backpressure from slow TCP)
[2m2026-03-16T16:19:36.995151Z[0m [33m WARN[0m [2mredis::aio::multiplexed_connection[0m[2m:[0m DIAG send_recv: pipeline channel send took 33540ms (backpressure from slow TCP)
[2m2026-03-16T16:19:36.995212Z[0m [33m WARN[0m [2mredis::aio::multiplexed_connection[0m[2m:[0m DIAG send_recv: pipeline channel send took 33540ms (backpressure from slow TCP)
[2m2026-03-16T16:19:36.995215Z[0m [33m WARN[0m [2mredis::aio::multiplexed_connection[0m[2m:[0m DIAG send_recv: pipeline channel send took 33538ms (backpressure from slow TCP)
[2m2026-03-16T16:19:36.995218Z[0m [33m WARN[0m [2mredis::aio::multiplexed_connection[0m[2m:[0m DIAG send_recv: pipeline channel send took 33538ms (backpressure from slow TCP)
[2m2026-03-16T16:19:36.995220Z[0m [33m WARN[0m [2mredis::aio::multiplexed_connection[0m[2m:[0m DIAG send_recv: pipeline channel send took 33538ms (backpressure from slow TCP)
[2m2026-03-16T16:19:36.995223Z[0m [33m WARN[0m [2mredis::aio::multiplexed_connection[0m[2m:[0m DIAG send_recv: pipeline channel send took 33538ms (backpressure from slow TCP)
[2m2026-03-16T16:19:36.995226Z[0m [33m WARN[0m [2mredis::aio::multiplexed_connection[0m[2m:[0m DIAG send_recv: pipeline channel send took 33536ms (backpressure from slow TCP)
[2m2026-03-16T16:19:36.995229Z[0m [33m WARN[0m [2mredis::aio::multiplexed_connection[0m[2m:[0m DIAG send_recv: pipeline channel send took 33536ms (backpressure from slow TCP)
[2m2026-03-16T16:19:36.995231Z[0m [33m WARN[0m [2mredis::aio::multiplexed_connection[0m[2m:[0m DIAG send_recv: pipeline channel send took 33536ms (backpressure from slow TCP)
[2m2026-03-16T16:19:36.995234Z[0m [33m WARN[0m [2mredis::aio::multiplexed_connection[0m[2m:[0m DIAG send_recv: pipeline channel send took 33535ms (backpressure from slow TCP)
[2m2026-03-16T16:19:36.995237Z[0m [33m WARN[0m [2mredis::aio::multiplexed_connection[0m[2m:[0m DIAG send_recv: pipeline channel send took 33535ms (backpressure from slow TCP)
[2m2026-03-16T16:19:36.995239Z[0m [33m WARN[0m [2mredis::aio::multiplexed_connection[0m[2m:[0m DIAG send_recv: pipeline channel send took 33534ms (backpressure from slow TCP)
[2m2026-03-16T16:19:36.995242Z[0m [33m WARN[0m [2mredis::aio::multiplexed_connection[0m[2m:[0m DIAG send_recv: pipeline channel send took 33534ms (backpressure from slow TCP)
[2m2026-03-16T16:19:36.995244Z[0m [33m WARN[0m [2mredis::aio::multiplexed_connection[0m[2m:[0m DIAG send_recv: pipeline channel send took 33532ms (backpressure from slow TCP)
[2m2026-03-16T16:19:36.995247Z[0m [33m WARN[0m [2mredis::aio::multiplexed_connection[0m[2m:[0m DIAG send_recv: pipeline channel send took 33532ms (backpressure from slow TCP)
[2m2026-03-16T16:19:36.995250Z[0m [33m WARN[0m [2mredis::aio::multiplexed_connection[0m[2m:[0m DIAG send_recv: pipeline channel send took 33532ms (backpressure from slow TCP)
[2m2026-03-16T16:19:36.995252Z[0m [33m WARN[0m [2mredis::aio::multiplexed_connection[0m[2m:[0m DIAG send_recv: pipeline channel send took 33532ms (backpressure from slow TCP)
[2m2026-03-16T16:19:36.996364Z[0m [33m WARN[0m [2mredis::cluster_async[0m[2m:[0m DIAG try_cmd_request: node=shohame-global-data-store-iad-0003-001.shohame-global-data-store-iad.ime4qh.use1.cache.amazonaws.com:6379 elapsed=34012ms ok=true
[2m2026-03-16T16:19:36.996376Z[0m [33m WARN[0m [2mredis::cluster_async[0m[2m:[0m DIAG try_cmd_request: node=shohame-global-data-store-iad-0003-001.shohame-global-data-store-iad.ime4qh.use1.cache.amazonaws.com:6379 elapsed=34012ms ok=true
[2m2026-03-16T16:19:36.996381Z[0m [33m WARN[0m [2mredis::cluster_async[0m[2m:[0m DIAG try_cmd_request: node=shohame-global-data-store-iad-0003-001.shohame-global-data-store-iad.ime4qh.use1.cache.amazonaws.com:6379 elapsed=34012ms ok=true
[2m2026-03-16T16:19:36.996386Z[0m [33m WARN[0m [2mredis::cluster_async[0m[2m:[0m DIAG try_cmd_request: node=shohame-global-data-store-iad-0003-001.shohame-global-data-store-iad.ime4qh.use1.cache.amazonaws.com:6379 elapsed=34012ms ok=true
[2m2026-03-16T16:19:36.996391Z[0m [33m WARN[0m [2mredis::cluster_async[0m[2m:[0m DIAG try_cmd_request: node=shohame-global-data-store-iad-0003-001.shohame-global-data-store-iad.ime4qh.use1.cache.amazonaws.com:6379 elapsed=34012ms ok=true
[2m2026-03-16T16:19:36.996399Z[0m [33m WARN[0m [2mredis::cluster_async[0m[2m:[0m DIAG try_cmd_request: node=shohame-global-data-store-iad-0003-001.shohame-global-data-store-iad.ime4qh.use1.cache.amazonaws.com:6379 elapsed=34012ms ok=true
[2m2026-03-16T16:19:36.996405Z[0m [33m WARN[0m [2mredis::cluster_async[0m[2m:[0m DIAG try_cmd_request: node=shohame-global-data-store-iad-0003-001.shohame-global-data-store-iad.ime4qh.use1.cache.amazonaws.com:6379 elapsed=34012ms ok=true
[2m2026-03-16T16:19:36.996414Z[0m [33m WARN[0m [2mredis::cluster_async[0m[2m:[0m DIAG try_cmd_request: node=shohame-global-data-store-iad-0003-001.shohame-global-data-store-iad.ime4qh.use1.cache.amazonaws.com:6379 elapsed=34012ms ok=true
[2m2026-03-16T16:19:36.996419Z[0m [33m WARN[0m [2mredis::cluster_async[0m[2m:[0m DIAG try_cmd_request: node=shohame-global-data-store-iad-0003-001.shohame-global-data-store-iad.ime4qh.use1.cache.amazonaws.com:6379 elapsed=34012ms ok=true
[2m2026-03-16T16:19:36.996424Z[0m [33m WARN[0m [2mredis::cluster_async[0m[2m:[0m DIAG try_cmd_request: node=shohame-global-data-store-iad-0003-001.shohame-global-data-store-iad.ime4qh.use1.cache.amazonaws.com:6379 elapsed=34012ms ok=true
[2m2026-03-16T16:19:36.996436Z[0m [33m WARN[0m [2mredis::cluster_async[0m[2m:[0m DIAG try_cmd_request: node=shohame-global-data-store-iad-0003-001.shohame-global-data-store-iad.ime4qh.use1.cache.amazonaws.com:6379 elapsed=34013ms ok=true
[2m2026-03-16T16:19:36.996441Z[0m [33m WARN[0m [2mredis::cluster_async[0m[2m:[0m DIAG try_cmd_request: node=shohame-global-data-store-iad-0003-001.shohame-global-data-store-iad.ime4qh.use1.cache.amazonaws.com:6379 elapsed=34016ms ok=true
[2m2026-03-16T16:19:36.996447Z[0m [33m WARN[0m [2mredis::cluster_async[0m[2m:[0m DIAG try_cmd_request: node=shohame-global-data-store-iad-0003-001.shohame-global-data-store-iad.ime4qh.use1.cache.amazonaws.com:6379 elapsed=34017ms ok=true
[2m2026-03-16T16:19:36.996452Z[0m [33m WARN[0m [2mredis::cluster_async[0m[2m:[0m DIAG try_cmd_request: node=shohame-global-data-store-iad-0003-001.shohame-global-data-store-iad.ime4qh.use1.cache.amazonaws.com:6379 elapsed=34017ms ok=true
[2m2026-03-16T16:19:36.996457Z[0m [33m WARN[0m [2mredis::cluster_async[0m[2m:[0m DIAG try_cmd_request: node=shohame-global-data-store-iad-0003-001.shohame-global-data-store-iad.ime4qh.use1.cache.amazonaws.com:6379 elapsed=34017ms ok=true
[2m2026-03-16T16:19:36.996464Z[0m [33m WARN[0m [2mredis::cluster_async[0m[2m:[0m DIAG try_cmd_request: node=shohame-global-data-store-iad-0003-001.shohame-global-data-store-iad.ime4qh.use1.cache.amazonaws.com:6379 elapsed=34018ms ok=true
[2m2026-03-16T16:19:36.996469Z[0m [33m WARN[0m [2mredis::cluster_async[0m[2m:[0m DIAG try_cmd_request: node=shohame-global-data-store-iad-0003-001.shohame-global-data-store-iad.ime4qh.use1.cache.amazonaws.com:6379 elapsed=34018ms ok=true
[2m2026-03-16T16:19:36.996475Z[0m [33m WARN[0m [2mredis::cluster_async[0m[2m:[0m DIAG try_cmd_request: node=shohame-global-data-store-iad-0003-001.shohame-global-data-store-iad.ime4qh.use1.cache.amazonaws.com:6379 elapsed=34018ms ok=true
[2m2026-03-16T16:19:36.996480Z[0m [33m WARN[0m [2mredis::cluster_async[0m[2m:[0m DIAG try_cmd_request: node=shohame-global-data-store-iad-0003-001.shohame-global-data-store-iad.ime4qh.use1.cache.amazonaws.com:6379 elapsed=34020ms ok=true
[2m2026-03-16T16:19:36.996485Z[0m [33m WARN[0m [2mredis::cluster_async[0m[2m:[0m DIAG try_cmd_request: node=shohame-global-data-store-iad-0003-001.shohame-global-data-store-iad.ime4qh.use1.cache.amazonaws.com:6379 elapsed=34020ms ok=true
[2m2026-03-16T16:19:36.996489Z[0m [33m WARN[0m [2mredis::cluster_async[0m[2m:[0m DIAG try_cmd_request: node=shohame-global-data-store-iad-0003-001.shohame-global-data-store-iad.ime4qh.use1.cache.amazonaws.com:6379 elapsed=34020ms ok=true
[2m2026-03-16T16:19:36.996520Z[0m [33m WARN[0m [2mredis::cluster_async[0m[2m:[0m DIAG try_cmd_request: node=shohame-global-data-store-iad-0003-001.shohame-global-data-store-iad.ime4qh.use1.cache.amazonaws.com:6379 elapsed=34020ms ok=true
[2m2026-03-16T16:19:36.996527Z[0m [33m WARN[0m [2mredis::cluster_async[0m[2m:[0m DIAG try_cmd_request: node=shohame-global-data-store-iad-0003-001.shohame-global-data-store-iad.ime4qh.use1.cache.amazonaws.com:6379 elapsed=34020ms ok=true
[2m2026-03-16T16:19:36.996532Z[0m [33m WARN[0m [2mredis::cluster_async[0m[2m:[0m DIAG try_cmd_request: node=shohame-global-data-store-iad-0003-001.shohame-global-data-store-iad.ime4qh.use1.cache.amazonaws.com:6379 elapsed=34020ms ok=true
[2m2026-03-16T16:19:36.996537Z[0m [33m WARN[0m [2mredis::cluster_async[0m[2m:[0m DIAG try_cmd_request: node=shohame-global-data-store-iad-0003-001.shohame-global-data-store-iad.ime4qh.use1.cache.amazonaws.com:6379 elapsed=34020ms ok=true
[2m2026-03-16T16:19:36.996541Z[0m [33m WARN[0m [2mredis::cluster_async[0m[2m:[0m DIAG try_cmd_request: node=shohame-global-data-store-iad-0003-001.shohame-global-data-store-iad.ime4qh.use1.cache.amazonaws.com:6379 elapsed=34020ms ok=true
[2m2026-03-16T16:19:36.996547Z[0m [33m WARN[0m [2mredis::cluster_async[0m[2m:[0m DIAG try_cmd_request: node=shohame-global-data-store-iad-0003-001.shohame-global-data-store-iad.ime4qh.use1.cache.amazonaws.com:6379 elapsed=34020ms ok=true
[2m2026-03-16T16:19:36.996553Z[0m [33m WARN[0m [2mredis::cluster_async[0m[2m:[0m DIAG try_cmd_request: node=shohame-global-data-store-iad-0003-001.shohame-global-data-store-iad.ime4qh.use1.cache.amazonaws.com:6379 elapsed=34021ms ok=true
[2m2026-03-16T16:19:36.996558Z[0m [33m WARN[0m [2mredis::cluster_async[0m[2m:[0m DIAG try_cmd_request: node=shohame-global-data-store-iad-0003-001.shohame-global-data-store-iad.ime4qh.use1.cache.amazonaws.com:6379 elapsed=34021ms ok=true
[2m2026-03-16T16:19:36.996563Z[0m [33m WARN[0m [2mredis::cluster_async[0m[2m:[0m DIAG try_cmd_request: node=shohame-global-data-store-iad-0003-001.shohame-global-data-store-iad.ime4qh.use1.cache.amazonaws.com:6379 elapsed=34022ms ok=true
[2m2026-03-16T16:19:36.996568Z[0m [33m WARN[0m [2mredis::cluster_async[0m[2m:[0m DIAG try_cmd_request: node=shohame-global-data-store-iad-0003-001.shohame-global-data-store-iad.ime4qh.use1.cache.amazonaws.com:6379 elapsed=34022ms ok=true
[2m2026-03-16T16:19:36.996594Z[0m [33m WARN[0m [2mredis::cluster_async[0m[2m:[0m DIAG try_cmd_request: node=shohame-global-data-store-iad-0003-001.shohame-global-data-store-iad.ime4qh.use1.cache.amazonaws.com:6379 elapsed=34022ms ok=true
[2m2026-03-16T16:19:36.996601Z[0m [33m WARN[0m [2mredis::cluster_async[0m[2m:[0m DIAG try_cmd_request: node=shohame-global-data-store-iad-0003-001.shohame-global-data-store-iad.ime4qh.use1.cache.amazonaws.com:6379 elapsed=34047ms ok=true
[2m2026-03-16T16:19:36.996611Z[0m [33m WARN[0m [2mredis::cluster_async[0m[2m:[0m DIAG try_cmd_request: node=shohame-global-data-store-iad-0003-001.shohame-global-data-store-iad.ime4qh.use1.cache.amazonaws.com:6379 elapsed=34048ms ok=true
[2m2026-03-16T16:19:36.996618Z[0m [33m WARN[0m [2mredis::cluster_async[0m[2m:[0m DIAG try_cmd_request: node=shohame-global-data-store-iad-0003-001.shohame-global-data-store-iad.ime4qh.use1.cache.amazonaws.com:6379 elapsed=34048ms ok=true
[2m2026-03-16T16:19:36.996624Z[0m [33m WARN[0m [2mredis::cluster_async[0m[2m:[0m DIAG try_cmd_request: node=shohame-global-data-store-iad-0003-001.shohame-global-data-store-iad.ime4qh.use1.cache.amazonaws.com:6379 elapsed=34048ms ok=true
[2m2026-03-16T16:19:36.996631Z[0m [33m WARN[0m [2mredis::cluster_async[0m[2m:[0m DIAG try_cmd_request: node=shohame-global-data-store-iad-0003-001.shohame-global-data-store-iad.ime4qh.use1.cache.amazonaws.com:6379 elapsed=34048ms ok=true
[2m2026-03-16T16:19:36.996639Z[0m [33m WARN[0m [2mredis::cluster_async[0m[2m:[0m DIAG try_cmd_request: node=shohame-global-data-store-iad-0003-001.shohame-global-data-store-iad.ime4qh.use1.cache.amazonaws.com:6379 elapsed=34048ms ok=true
[2m2026-03-16T16:19:36.996643Z[0m [33m WARN[0m [2mredis::cluster_async[0m[2m:[0m DIAG try_cmd_request: node=shohame-global-data-store-iad-0003-001.shohame-global-data-store-iad.ime4qh.use1.cache.amazonaws.com:6379 elapsed=34048ms ok=true
[2m2026-03-16T16:19:36.996651Z[0m [33m WARN[0m [2mredis::cluster_async[0m[2m:[0m DIAG try_cmd_request: node=shohame-global-data-store-iad-0003-001.shohame-global-data-store-iad.ime4qh.use1.cache.amazonaws.com:6379 elapsed=34048ms ok=true
[2m2026-03-16T16:19:36.996656Z[0m [33m WARN[0m [2mredis::cluster_async[0m[2m:[0m DIAG try_cmd_request: node=shohame-global-data-store-iad-0003-001.shohame-global-data-store-iad.ime4qh.use1.cache.amazonaws.com:6379 elapsed=34051ms ok=true
[2m2026-03-16T16:19:36.996662Z[0m [33m WARN[0m [2mredis::cluster_async[0m[2m:[0m DIAG try_cmd_request: node=shohame-global-data-store-iad-0003-001.shohame-global-data-store-iad.ime4qh.use1.cache.amazonaws.com:6379 elapsed=34053ms ok=true
[2m2026-03-16T16:19:36.996667Z[0m [33m WARN[0m [2mredis::cluster_async[0m[2m:[0m DIAG try_cmd_request: node=shohame-global-data-store-iad-0003-001.shohame-global-data-store-iad.ime4qh.use1.cache.amazonaws.com:6379 elapsed=34054ms ok=true
[2m2026-03-16T16:19:36.996674Z[0m [33m WARN[0m [2mredis::cluster_async[0m[2m:[0m DIAG try_cmd_request: node=shohame-global-data-store-iad-0003-001.shohame-global-data-store-iad.ime4qh.use1.cache.amazonaws.com:6379 elapsed=34054ms ok=true
[2m2026-03-16T16:19:36.996680Z[0m [33m WARN[0m [2mredis::cluster_async[0m[2m:[0m DIAG try_cmd_request: node=shohame-global-data-store-iad-0003-001.shohame-global-data-store-iad.ime4qh.use1.cache.amazonaws.com:6379 elapsed=34054ms ok=true
[2m2026-03-16T16:19:36.996685Z[0m [33m WARN[0m [2mredis::cluster_async[0m[2m:[0m DIAG try_cmd_request: node=shohame-global-data-store-iad-0003-001.shohame-global-data-store-iad.ime4qh.use1.cache.amazonaws.com:6379 elapsed=34054ms ok=true
[2m2026-03-16T16:19:36.996690Z[0m [33m WARN[0m [2mredis::cluster_async[0m[2m:[0m DIAG try_cmd_request: node=shohame-global-data-store-iad-0003-001.shohame-global-data-store-iad.ime4qh.use1.cache.amazonaws.com:6379 elapsed=34054ms ok=true
[2m2026-03-16T16:19:36.996695Z[0m [33m WARN[0m [2mredis::cluster_async[0m[2m:[0m DIAG try_cmd_request: node=shohame-global-data-store-iad-0003-001.shohame-global-data-store-iad.ime4qh.use1.cache.amazonaws.com:6379 elapsed=34054ms ok=true
[2m2026-03-16T16:19:36.996702Z[0m [33m WARN[0m [2mredis::cluster_async[0m[2m:[0m DIAG try_cmd_request: node=shohame-global-data-store-iad-0003-001.shohame-global-data-store-iad.ime4qh.use1.cache.amazonaws.com:6379 elapsed=34054ms ok=true
[2m2026-03-16T16:19:36.996707Z[0m [33m WARN[0m [2mredis::cluster_async[0m[2m:[0m DIAG try_cmd_request: node=shohame-global-data-store-iad-0003-001.shohame-global-data-store-iad.ime4qh.use1.cache.amazonaws.com:6379 elapsed=34054ms ok=true
[2m2026-03-16T16:19:36.996712Z[0m [33m WARN[0m [2mredis::cluster_async[0m[2m:[0m DIAG try_cmd_request: node=shohame-global-data-store-iad-0003-001.shohame-global-data-store-iad.ime4qh.use1.cache.amazonaws.com:6379 elapsed=34054ms ok=true
[2m2026-03-16T16:19:36.996717Z[0m [33m WARN[0m [2mredis::cluster_async[0m[2m:[0m DIAG try_cmd_request: node=shohame-global-data-store-iad-0003-001.shohame-global-data-store-iad.ime4qh.use1.cache.amazonaws.com:6379 elapsed=34056ms ok=true
[2m2026-03-16T16:19:36.996723Z[0m [33m WARN[0m [2mredis::cluster_async[0m[2m:[0m DIAG try_cmd_request: node=shohame-global-data-store-iad-0003-001.shohame-global-data-store-iad.ime4qh.use1.cache.amazonaws.com:6379 elapsed=34056ms ok=true
[2m2026-03-16T16:19:36.996728Z[0m [33m WARN[0m [2mredis::cluster_async[0m[2m:[0m DIAG try_cmd_request: node=shohame-global-data-store-iad-0003-001.shohame-global-data-store-iad.ime4qh.use1.cache.amazonaws.com:6379 elapsed=34055ms ok=true
[2m2026-03-16T16:19:36.996736Z[0m [33m WARN[0m [2mredis::cluster_async[0m[2m:[0m DIAG try_cmd_request: node=shohame-global-data-store-iad-0003-001.shohame-global-data-store-iad.ime4qh.use1.cache.amazonaws.com:6379 elapsed=34055ms ok=true
[2m2026-03-16T16:19:36.996741Z[0m [33m WARN[0m [2mredis::cluster_async[0m[2m:[0m DIAG try_cmd_request: node=shohame-global-data-store-iad-0003-001.shohame-global-data-store-iad.ime4qh.use1.cache.amazonaws.com:6379 elapsed=34055ms ok=true
[2m2026-03-16T16:19:36.996748Z[0m [33m WARN[0m [2mredis::cluster_async[0m[2m:[0m DIAG try_cmd_request: node=shohame-global-data-store-iad-0003-001.shohame-global-data-store-iad.ime4qh.use1.cache.amazonaws.com:6379 elapsed=34055ms ok=true
[2m2026-03-16T16:19:36.996753Z[0m [33m WARN[0m [2mredis::cluster_async[0m[2m:[0m DIAG try_cmd_request: node=shohame-global-data-store-iad-0003-001.shohame-global-data-store-iad.ime4qh.use1.cache.amazonaws.com:6379 elapsed=34055ms ok=true
[2m2026-03-16T16:19:36.996758Z[0m [33m WARN[0m [2mredis::cluster_async[0m[2m:[0m DIAG try_cmd_request: node=shohame-global-data-store-iad-0003-001.shohame-global-data-store-iad.ime4qh.use1.cache.amazonaws.com:6379 elapsed=34055ms ok=true
[2m2026-03-16T16:19:36.996765Z[0m [33m WARN[0m [2mredis::cluster_async[0m[2m:[0m DIAG try_cmd_request: node=shohame-global-data-store-iad-0003-001.shohame-global-data-store-iad.ime4qh.use1.cache.amazonaws.com:6379 elapsed=34057ms ok=true
[2m2026-03-16T16:19:36.996770Z[0m [33m WARN[0m [2mredis::cluster_async[0m[2m:[0m DIAG try_cmd_request: node=shohame-global-data-store-iad-0003-001.shohame-global-data-store-iad.ime4qh.use1.cache.amazonaws.com:6379 elapsed=34057ms ok=true
[2m2026-03-16T16:19:36.996776Z[0m [33m WARN[0m [2mredis::cluster_async[0m[2m:[0m DIAG try_cmd_request: node=shohame-global-data-store-iad-0003-001.shohame-global-data-store-iad.ime4qh.use1.cache.amazonaws.com:6379 elapsed=34057ms ok=true
[2m2026-03-16T16:19:36.996781Z[0m [33m WARN[0m [2mredis::cluster_async[0m[2m:[0m DIAG try_cmd_request: node=shohame-global-data-store-iad-0003-001.shohame-global-data-store-iad.ime4qh.use1.cache.amazonaws.com:6379 elapsed=34062ms ok=true
[2m2026-03-16T16:19:36.996786Z[0m [33m WARN[0m [2mredis::cluster_async[0m[2m:[0m DIAG try_cmd_request: node=shohame-global-data-store-iad-0003-001.shohame-global-data-store-iad.ime4qh.use1.cache.amazonaws.com:6379 elapsed=34062ms ok=true
[2m2026-03-16T16:19:36.996790Z[0m [33m WARN[0m [2mredis::cluster_async[0m[2m:[0m DIAG try_cmd_request: node=shohame-global-data-store-iad-0003-001.shohame-global-data-store-iad.ime4qh.use1.cache.amazonaws.com:6379 elapsed=34063ms ok=true
[2m2026-03-16T16:19:36.996795Z[0m [33m WARN[0m [2mredis::cluster_async[0m[2m:[0m DIAG try_cmd_request: node=shohame-global-data-store-iad-0003-001.shohame-global-data-store-iad.ime4qh.use1.cache.amazonaws.com:6379 elapsed=34063ms ok=true
[2m2026-03-16T16:19:36.996799Z[0m [33m WARN[0m [2mredis::cluster_async[0m[2m:[0m DIAG try_cmd_request: node=shohame-global-data-store-iad-0003-001.shohame-global-data-store-iad.ime4qh.use1.cache.amazonaws.com:6379 elapsed=34063ms ok=true
[2m2026-03-16T16:19:36.996804Z[0m [33m WARN[0m [2mredis::cluster_async[0m[2m:[0m DIAG try_cmd_request: node=shohame-global-data-store-iad-0003-001.shohame-global-data-store-iad.ime4qh.use1.cache.amazonaws.com:6379 elapsed=34063ms ok=true
[2m2026-03-16T16:19:36.996808Z[0m [33m WARN[0m [2mredis::cluster_async[0m[2m:[0m DIAG try_cmd_request: node=shohame-global-data-store-iad-0003-001.shohame-global-data-store-iad.ime4qh.use1.cache.amazonaws.com:6379 elapsed=34063ms ok=true
[2m2026-03-16T16:19:36.996813Z[0m [33m WARN[0m [2mredis::cluster_async[0m[2m:[0m DIAG try_cmd_request: node=shohame-global-data-store-iad-0003-001.shohame-global-data-store-iad.ime4qh.use1.cache.amazonaws.com:6379 elapsed=34063ms ok=true
[2m2026-03-16T16:19:36.996817Z[0m [33m WARN[0m [2mredis::cluster_async[0m[2m:[0m DIAG try_cmd_request: node=shohame-global-data-store-iad-0003-001.shohame-global-data-store-iad.ime4qh.use1.cache.amazonaws.com:6379 elapsed=34063ms ok=true
[2m2026-03-16T16:19:36.996822Z[0m [33m WARN[0m [2mredis::cluster_async[0m[2m:[0m DIAG try_cmd_request: node=shohame-global-data-store-iad-0003-001.shohame-global-data-store-iad.ime4qh.use1.cache.amazonaws.com:6379 elapsed=34063ms ok=true
[2m2026-03-16T16:19:36.996826Z[0m [33m WARN[0m [2mredis::cluster_async[0m[2m:[0m DIAG try_cmd_request: node=shohame-global-data-store-iad-0003-001.shohame-global-data-store-iad.ime4qh.use1.cache.amazonaws.com:6379 elapsed=34064ms ok=true
[2m2026-03-16T16:19:36.996831Z[0m [33m WARN[0m [2mredis::cluster_async[0m[2m:[0m DIAG try_cmd_request: node=shohame-global-data-store-iad-0003-001.shohame-global-data-store-iad.ime4qh.use1.cache.amazonaws.com:6379 elapsed=34064ms ok=true
[2m2026-03-16T16:19:36.996835Z[0m [33m WARN[0m [2mredis::cluster_async[0m[2m:[0m DIAG try_cmd_request: node=shohame-global-data-store-iad-0003-001.shohame-global-data-store-iad.ime4qh.use1.cache.amazonaws.com:6379 elapsed=34064ms ok=true
[2m2026-03-16T16:19:36.996840Z[0m [33m WARN[0m [2mredis::cluster_async[0m[2m:[0m DIAG try_cmd_request: node=shohame-global-data-store-iad-0003-001.shohame-global-data-store-iad.ime4qh.use1.cache.amazonaws.com:6379 elapsed=34064ms ok=true
[2m2026-03-16T16:19:36.996847Z[0m [33m WARN[0m [2mredis::cluster_async[0m[2m:[0m DIAG try_cmd_request: node=shohame-global-data-store-iad-0003-001.shohame-global-data-store-iad.ime4qh.use1.cache.amazonaws.com:6379 elapsed=34064ms ok=true
[2m2026-03-16T16:19:36.996851Z[0m [33m WARN[0m [2mredis::cluster_async[0m[2m:[0m DIAG try_cmd_request: node=shohame-global-data-store-iad-0003-001.shohame-global-data-store-iad.ime4qh.use1.cache.amazonaws.com:6379 elapsed=34065ms ok=true
[2m2026-03-16T16:19:36.996856Z[0m [33m WARN[0m [2mredis::cluster_async[0m[2m:[0m DIAG try_cmd_request: node=shohame-global-data-store-iad-0003-001.shohame-global-data-store-iad.ime4qh.use1.cache.amazonaws.com:6379 elapsed=34065ms ok=true
[2m2026-03-16T16:19:36.996860Z[0m [33m WARN[0m [2mredis::cluster_async[0m[2m:[0m DIAG try_cmd_request: node=shohame-global-data-store-iad-0003-001.shohame-global-data-store-iad.ime4qh.use1.cache.amazonaws.com:6379 elapsed=34068ms ok=true
[2m2026-03-16T16:19:36.996864Z[0m [33m WARN[0m [2mredis::cluster_async[0m[2m:[0m DIAG try_cmd_request: node=shohame-global-data-store-iad-0003-001.shohame-global-data-store-iad.ime4qh.use1.cache.amazonaws.com:6379 elapsed=34068ms ok=true
[2m2026-03-16T16:19:36.996869Z[0m [33m WARN[0m [2mredis::cluster_async[0m[2m:[0m DIAG try_cmd_request: node=shohame-global-data-store-iad-0003-001.shohame-global-data-store-iad.ime4qh.use1.cache.amazonaws.com:6379 elapsed=34068ms ok=true
[2m2026-03-16T16:19:36.996875Z[0m [33m WARN[0m [2mredis::cluster_async[0m[2m:[0m DIAG try_cmd_request: node=shohame-global-data-store-iad-0003-001.shohame-global-data-store-iad.ime4qh.use1.cache.amazonaws.com:6379 elapsed=34068ms ok=true
[2m2026-03-16T16:19:36.996880Z[0m [33m WARN[0m [2mredis::cluster_async[0m[2m:[0m DIAG try_cmd_request: node=shohame-global-data-store-iad-0003-001.shohame-global-data-store-iad.ime4qh.use1.cache.amazonaws.com:6379 elapsed=34068ms ok=true
[2m2026-03-16T16:19:36.996885Z[0m [33m WARN[0m [2mredis::cluster_async[0m[2m:[0m DIAG try_cmd_request: node=shohame-global-data-store-iad-0003-001.shohame-global-data-store-iad.ime4qh.use1.cache.amazonaws.com:6379 elapsed=34069ms ok=true
[2m2026-03-16T16:19:36.996890Z[0m [33m WARN[0m [2mredis::cluster_async[0m[2m:[0m DIAG try_cmd_request: node=shohame-global-data-store-iad-0003-001.shohame-global-data-store-iad.ime4qh.use1.cache.amazonaws.com:6379 elapsed=34069ms ok=true
[2m2026-03-16T16:19:36.996895Z[0m [33m WARN[0m [2mredis::cluster_async[0m[2m:[0m DIAG try_cmd_request: node=shohame-global-data-store-iad-0003-001.shohame-global-data-store-iad.ime4qh.use1.cache.amazonaws.com:6379 elapsed=34070ms ok=true
[2m2026-03-16T16:19:36.996900Z[0m [33m WARN[0m [2mredis::cluster_async[0m[2m:[0m DIAG try_cmd_request: node=shohame-global-data-store-iad-0003-001.shohame-global-data-store-iad.ime4qh.use1.cache.amazonaws.com:6379 elapsed=34070ms ok=true
[2m2026-03-16T16:19:36.996904Z[0m [33m WARN[0m [2mredis::cluster_async[0m[2m:[0m DIAG try_cmd_request: node=shohame-global-data-store-iad-0003-001.shohame-global-data-store-iad.ime4qh.use1.cache.amazonaws.com:6379 elapsed=34071ms ok=true
[2m2026-03-16T16:19:36.996909Z[0m [33m WARN[0m [2mredis::cluster_async[0m[2m:[0m DIAG try_cmd_request: node=shohame-global-data-store-iad-0003-001.shohame-global-data-store-iad.ime4qh.use1.cache.amazonaws.com:6379 elapsed=34072ms ok=true
[2m2026-03-16T16:19:36.996914Z[0m [33m WARN[0m [2mredis::cluster_async[0m[2m:[0m DIAG try_cmd_request: node=shohame-global-data-store-iad-0003-001.shohame-global-data-store-iad.ime4qh.use1.cache.amazonaws.com:6379 elapsed=34072ms ok=true
[2m2026-03-16T16:19:36.996919Z[0m [33m WARN[0m [2mredis::cluster_async[0m[2m:[0m DIAG try_cmd_request: node=shohame-global-data-store-iad-0003-001.shohame-global-data-store-iad.ime4qh.use1.cache.amazonaws.com:6379 elapsed=34072ms ok=true
[2m2026-03-16T16:19:36.996923Z[0m [33m WARN[0m [2mredis::cluster_async[0m[2m:[0m DIAG try_cmd_request: node=shohame-global-data-store-iad-0003-001.shohame-global-data-store-iad.ime4qh.use1.cache.amazonaws.com:6379 elapsed=34072ms ok=true
[2m2026-03-16T16:19:36.996927Z[0m [33m WARN[0m [2mredis::cluster_async[0m[2m:[0m DIAG try_cmd_request: node=shohame-global-data-store-iad-0003-001.shohame-global-data-store-iad.ime4qh.use1.cache.amazonaws.com:6379 elapsed=34072ms ok=true
[2m2026-03-16T16:19:36.996932Z[0m [33m WARN[0m [2mredis::cluster_async[0m[2m:[0m DIAG try_cmd_request: node=shohame-global-data-store-iad-0003-001.shohame-global-data-store-iad.ime4qh.use1.cache.amazonaws.com:6379 elapsed=34072ms ok=true
[2m2026-03-16T16:19:36.996939Z[0m [33m WARN[0m [2mredis::cluster_async[0m[2m:[0m DIAG try_cmd_request: node=shohame-global-data-store-iad-0003-001.shohame-global-data-store-iad.ime4qh.use1.cache.amazonaws.com:6379 elapsed=34072ms ok=true
[2m2026-03-16T16:19:36.996943Z[0m [33m WARN[0m [2mredis::cluster_async[0m[2m:[0m DIAG try_cmd_request: node=shohame-global-data-store-iad-0003-001.shohame-global-data-store-iad.ime4qh.use1.cache.amazonaws.com:6379 elapsed=34073ms ok=true
[2m2026-03-16T16:19:36.996948Z[0m [33m WARN[0m [2mredis::cluster_async[0m[2m:[0m DIAG try_cmd_request: node=shohame-global-data-store-iad-0003-001.shohame-global-data-store-iad.ime4qh.use1.cache.amazonaws.com:6379 elapsed=34077ms ok=true
[2m2026-03-16T16:19:36.996953Z[0m [33m WARN[0m [2mredis::cluster_async[0m[2m:[0m DIAG try_cmd_request: node=shohame-global-data-store-iad-0003-001.shohame-global-data-store-iad.ime4qh.use1.cache.amazonaws.com:6379 elapsed=34099ms ok=true
[2m2026-03-16T16:19:36.996958Z[0m [33m WARN[0m [2mredis::cluster_async[0m[2m:[0m DIAG try_cmd_request: node=shohame-global-data-store-iad-0003-001.shohame-global-data-store-iad.ime4qh.use1.cache.amazonaws.com:6379 elapsed=34099ms ok=true
[2m2026-03-16T16:19:36.996962Z[0m [33m WARN[0m [2mredis::cluster_async[0m[2m:[0m DIAG try_cmd_request: node=shohame-global-data-store-iad-0003-001.shohame-global-data-store-iad.ime4qh.use1.cache.amazonaws.com:6379 elapsed=34099ms ok=true
[2m2026-03-16T16:19:36.996967Z[0m [33m WARN[0m [2mredis::cluster_async[0m[2m:[0m DIAG try_cmd_request: node=shohame-global-data-store-iad-0003-001.shohame-global-data-store-iad.ime4qh.use1.cache.amazonaws.com:6379 elapsed=34099ms ok=true
[2m2026-03-16T16:19:36.996973Z[0m [33m WARN[0m [2mredis::cluster_async[0m[2m:[0m DIAG try_cmd_request: node=shohame-global-data-store-iad-0003-001.shohame-global-data-store-iad.ime4qh.use1.cache.amazonaws.com:6379 elapsed=34099ms ok=true
[2m2026-03-16T16:19:36.996978Z[0m [33m WARN[0m [2mredis::cluster_async[0m[2m:[0m DIAG try_cmd_request: node=shohame-global-data-store-iad-0003-001.shohame-global-data-store-iad.ime4qh.use1.cache.amazonaws.com:6379 elapsed=34100ms ok=true
[2m2026-03-16T16:19:36.996982Z[0m [33m WARN[0m [2mredis::cluster_async[0m[2m:[0m DIAG try_cmd_request: node=shohame-global-data-store-iad-0003-001.shohame-global-data-store-iad.ime4qh.use1.cache.amazonaws.com:6379 elapsed=34100ms ok=true
[2m2026-03-16T16:19:36.996987Z[0m [33m WARN[0m [2mredis::cluster_async[0m[2m:[0m DIAG try_cmd_request: node=shohame-global-data-store-iad-0003-001.shohame-global-data-store-iad.ime4qh.use1.cache.amazonaws.com:6379 elapsed=34100ms ok=true
[2m2026-03-16T16:19:36.996992Z[0m [33m WARN[0m [2mredis::cluster_async[0m[2m:[0m DIAG try_cmd_request: node=shohame-global-data-store-iad-0003-001.shohame-global-data-store-iad.ime4qh.use1.cache.amazonaws.com:6379 elapsed=34100ms ok=true
[2m2026-03-16T16:19:36.996996Z[0m [33m WARN[0m [2mredis::cluster_async[0m[2m:[0m DIAG try_cmd_request: node=shohame-global-data-store-iad-0003-001.shohame-global-data-store-iad.ime4qh.use1.cache.amazonaws.com:6379 elapsed=34100ms ok=true
[2m2026-03-16T16:19:36.997001Z[0m [33m WARN[0m [2mredis::cluster_async[0m[2m:[0m DIAG try_cmd_request: node=shohame-global-data-store-iad-0003-001.shohame-global-data-store-iad.ime4qh.use1.cache.amazonaws.com:6379 elapsed=34103ms ok=true
[2m2026-03-16T16:19:36.997006Z[0m [33m WARN[0m [2mredis::cluster_async[0m[2m:[0m DIAG try_cmd_request: node=shohame-global-data-store-iad-0003-001.shohame-global-data-store-iad.ime4qh.use1.cache.amazonaws.com:6379 elapsed=34103ms ok=true
[2m2026-03-16T16:19:36.997011Z[0m [33m WARN[0m [2mredis::cluster_async[0m[2m:[0m DIAG try_cmd_request: node=shohame-global-data-store-iad-0003-001.shohame-global-data-store-iad.ime4qh.use1.cache.amazonaws.com:6379 elapsed=34105ms ok=true
[2m2026-03-16T16:19:36.997016Z[0m [33m WARN[0m [2mredis::cluster_async[0m[2m:[0m DIAG try_cmd_request: node=shohame-global-data-store-iad-0003-001.shohame-global-data-store-iad.ime4qh.use1.cache.amazonaws.com:6379 elapsed=34105ms ok=true
[2m2026-03-16T16:19:36.997023Z[0m [33m WARN[0m [2mredis::cluster_async[0m[2m:[0m DIAG try_cmd_request: node=shohame-global-data-store-iad-0003-001.shohame-global-data-store-iad.ime4qh.use1.cache.amazonaws.com:6379 elapsed=34106ms ok=true
[2m2026-03-16T16:19:36.997030Z[0m [33m WARN[0m [2mredis::cluster_async[0m[2m:[0m DIAG try_cmd_request: node=shohame-global-data-store-iad-0003-001.shohame-global-data-store-iad.ime4qh.use1.cache.amazonaws.com:6379 elapsed=34106ms ok=true
[2m2026-03-16T16:19:36.997035Z[0m [33m WARN[0m [2mredis::cluster_async[0m[2m:[0m DIAG try_cmd_request: node=shohame-global-data-store-iad-0003-001.shohame-global-data-store-iad.ime4qh.use1.cache.amazonaws.com:6379 elapsed=34106ms ok=true
[2m2026-03-16T16:19:36.997040Z[0m [33m WARN[0m [2mredis::cluster_async[0m[2m:[0m DIAG try_cmd_request: node=shohame-global-data-store-iad-0003-001.shohame-global-data-store-iad.ime4qh.use1.cache.amazonaws.com:6379 elapsed=34106ms ok=true
[2m2026-03-16T16:19:36.997044Z[0m [33m WARN[0m [2mredis::cluster_async[0m[2m:[0m DIAG try_cmd_request: node=shohame-global-data-store-iad-0003-001.shohame-global-data-store-iad.ime4qh.use1.cache.amazonaws.com:6379 elapsed=34106ms ok=true
[2m2026-03-16T16:19:36.997049Z[0m [33m WARN[0m [2mredis::cluster_async[0m[2m:[0m DIAG try_cmd_request: node=shohame-global-data-store-iad-0003-001.shohame-global-data-store-iad.ime4qh.use1.cache.amazonaws.com:6379 elapsed=34107ms ok=true
[2m2026-03-16T16:19:36.997054Z[0m [33m WARN[0m [2mredis::cluster_async[0m[2m:[0m DIAG try_cmd_request: node=shohame-global-data-store-iad-0003-001.shohame-global-data-store-iad.ime4qh.use1.cache.amazonaws.com:6379 elapsed=34108ms ok=true
[2m2026-03-16T16:19:36.997059Z[0m [33m WARN[0m [2mredis::cluster_async[0m[2m:[0m DIAG try_cmd_request: node=shohame-global-data-store-iad-0003-001.shohame-global-data-store-iad.ime4qh.use1.cache.amazonaws.com:6379 elapsed=34108ms ok=true
[2m2026-03-16T16:19:36.997064Z[0m [33m WARN[0m [2mredis::cluster_async[0m[2m:[0m DIAG try_cmd_request: node=shohame-global-data-store-iad-0003-001.shohame-global-data-store-iad.ime4qh.use1.cache.amazonaws.com:6379 elapsed=34108ms ok=true
[2m2026-03-16T16:19:36.997069Z[0m [33m WARN[0m [2mredis::cluster_async[0m[2m:[0m DIAG try_cmd_request: node=shohame-global-data-store-iad-0003-001.shohame-global-data-store-iad.ime4qh.use1.cache.amazonaws.com:6379 elapsed=34109ms ok=true
[2m2026-03-16T16:19:36.997079Z[0m [33m WARN[0m [2mredis::cluster_async[0m[2m:[0m DIAG try_cmd_request: node=shohame-global-data-store-iad-0003-001.shohame-global-data-store-iad.ime4qh.use1.cache.amazonaws.com:6379 elapsed=34109ms ok=true
[2m2026-03-16T16:19:36.997083Z[0m [33m WARN[0m [2mredis::cluster_async[0m[2m:[0m DIAG try_cmd_request: node=shohame-global-data-store-iad-0003-001.shohame-global-data-store-iad.ime4qh.use1.cache.amazonaws.com:6379 elapsed=34109ms ok=true
[2m2026-03-16T16:19:36.997088Z[0m [33m WARN[0m [2mredis::cluster_async[0m[2m:[0m DIAG try_cmd_request: node=shohame-global-data-store-iad-0003-001.shohame-global-data-store-iad.ime4qh.use1.cache.amazonaws.com:6379 elapsed=34109ms ok=true
[2m2026-03-16T16:19:36.997632Z[0m [33m WARN[0m [2mredis::cluster_async[0m[2m:[0m DIAG poll_complete: pending_queue=3 in_flight=293746 shed=0 new=3 done=128 cancelled=91 retry=0 refresh=0 reconnect=0
[2m2026-03-16T16:19:36.998293Z[0m [33m WARN[0m [2mredis::aio::multiplexed_connection[0m[2m:[0m DIAG send_recv: pipeline channel send took 33535ms (backpressure from slow TCP)
[2m2026-03-16T16:19:36.998300Z[0m [33m WARN[0m [2mredis::aio::multiplexed_connection[0m[2m:[0m DIAG send_recv: pipeline channel send took 33534ms (backpressure from slow TCP)
[2m2026-03-16T16:19:36.998303Z[0m [33m WARN[0m [2mredis::aio::multiplexed_connection[0m[2m:[0m DIAG send_recv: pipeline channel send took 33534ms (backpressure from slow TCP)
[2m2026-03-16T16:19:36.998305Z[0m [33m WARN[0m [2mredis::aio::multiplexed_connection[0m[2m:[0m DIAG send_recv: pipeline channel send took 33510ms (backpressure from slow TCP)
[2m2026-03-16T16:19:36.998308Z[0m [33m WARN[0m [2mredis::aio::multiplexed_connection[0m[2m:[0m DIAG send_recv: pipeline channel send took 33510ms (backpressure from slow TCP)
[2m2026-03-16T16:19:36.998687Z[0m [33m WARN[0m [2mredis::cluster_async[0m[2m:[0m DIAG try_cmd_request: node=shohame-global-data-store-iad-0003-001.shohame-global-data-store-iad.ime4qh.use1.cache.amazonaws.com:6379 elapsed=34125ms ok=true
[2m2026-03-16T16:19:36.998695Z[0m [33m WARN[0m [2mredis::cluster_async[0m[2m:[0m DIAG try_cmd_request: node=shohame-global-data-store-iad-0003-001.shohame-global-data-store-iad.ime4qh.use1.cache.amazonaws.com:6379 elapsed=34125ms ok=true
[2m2026-03-16T16:19:36.998700Z[0m [33m WARN[0m [2mredis::cluster_async[0m[2m:[0m DIAG try_cmd_request: node=shohame-global-data-store-iad-0003-001.shohame-global-data-store-iad.ime4qh.use1.cache.amazonaws.com:6379 elapsed=34125ms ok=true
[2m2026-03-16T16:19:36.998704Z[0m [33m WARN[0m [2mredis::cluster_async[0m[2m:[0m DIAG try_cmd_request: node=shohame-global-data-store-iad-0003-001.shohame-global-data-store-iad.ime4qh.use1.cache.amazonaws.com:6379 elapsed=34122ms ok=true
[2m2026-03-16T16:19:36.998709Z[0m [33m WARN[0m [2mredis::cluster_async[0m[2m:[0m DIAG try_cmd_request: node=shohame-global-data-store-iad-0003-001.shohame-global-data-store-iad.ime4qh.use1.cache.amazonaws.com:6379 elapsed=34122ms ok=true
[2m2026-03-16T16:19:36.998713Z[0m [33m WARN[0m [2mredis::cluster_async[0m[2m:[0m DIAG try_cmd_request: node=shohame-global-data-store-iad-0003-001.shohame-global-data-store-iad.ime4qh.use1.cache.amazonaws.com:6379 elapsed=34122ms ok=true
[2m2026-03-16T16:19:36.998718Z[0m [33m WARN[0m [2mredis::cluster_async[0m[2m:[0m DIAG try_cmd_request: node=shohame-global-data-store-iad-0003-001.shohame-global-data-store-iad.ime4qh.use1.cache.amazonaws.com:6379 elapsed=34122ms ok=true
[2m2026-03-16T16:19:36.998724Z[0m [33m WARN[0m [2mredis::cluster_async[0m[2m:[0m DIAG try_cmd_request: node=shohame-global-data-store-iad-0003-001.shohame-global-data-store-iad.ime4qh.use1.cache.amazonaws.com:6379 elapsed=34122ms ok=true
[2m2026-03-16T16:19:36.998729Z[0m [33m WARN[0m [2mredis::cluster_async[0m[2m:[0m DIAG try_cmd_request: node=shohame-global-data-store-iad-0003-001.shohame-global-data-store-iad.ime4qh.use1.cache.amazonaws.com:6379 elapsed=34121ms ok=true
[2m2026-03-16T16:19:36.998733Z[0m [33m WARN[0m [2mredis::cluster_async[0m[2m:[0m DIAG try_cmd_request: node=shohame-global-data-store-iad-0003-001.shohame-global-data-store-iad.ime4qh.use1.cache.amazonaws.com:6379 elapsed=34121ms ok=true
[2m2026-03-16T16:19:36.998738Z[0m [33m WARN[0m [2mredis::cluster_async[0m[2m:[0m DIAG try_cmd_request: node=shohame-global-data-store-iad-0003-001.shohame-global-data-store-iad.ime4qh.use1.cache.amazonaws.com:6379 elapsed=34118ms ok=true
[2m2026-03-16T16:19:36.998742Z[0m [33m WARN[0m [2mredis::cluster_async[0m[2m:[0m DIAG try_cmd_request: node=shohame-global-data-store-iad-0003-001.shohame-global-data-store-iad.ime4qh.use1.cache.amazonaws.com:6379 elapsed=34118ms ok=true
[2m2026-03-16T16:19:36.998748Z[0m [33m WARN[0m [2mredis::cluster_async[0m[2m:[0m DIAG try_cmd_request: node=shohame-global-data-store-iad-0003-001.shohame-global-data-store-iad.ime4qh.use1.cache.amazonaws.com:6379 elapsed=34118ms ok=true
[2m2026-03-16T16:19:36.998754Z[0m [33m WARN[0m [2mredis::cluster_async[0m[2m:[0m DIAG try_cmd_request: node=shohame-global-data-store-iad-0003-001.shohame-global-data-store-iad.ime4qh.use1.cache.amazonaws.com:6379 elapsed=34118ms ok=true
[2m2026-03-16T16:19:36.998758Z[0m [33m WARN[0m [2mredis::cluster_async[0m[2m:[0m DIAG try_cmd_request: node=shohame-global-data-store-iad-0003-001.shohame-global-data-store-iad.ime4qh.use1.cache.amazonaws.com:6379 elapsed=34118ms ok=true
[2m2026-03-16T16:19:36.998762Z[0m [33m WARN[0m [2mredis::cluster_async[0m[2m:[0m DIAG try_cmd_request: node=shohame-global-data-store-iad-0003-001.shohame-global-data-store-iad.ime4qh.use1.cache.amazonaws.com:6379 elapsed=34117ms ok=true
[2m2026-03-16T16:19:36.998767Z[0m [33m WARN[0m [2mredis::cluster_async[0m[2m:[0m DIAG try_cmd_request: node=shohame-global-data-store-iad-0003-001.shohame-global-data-store-iad.ime4qh.use1.cache.amazonaws.com:6379 elapsed=34117ms ok=true
[2m2026-03-16T16:19:36.998772Z[0m [33m WARN[0m [2mredis::cluster_async[0m[2m:[0m DIAG try_cmd_request: node=shohame-global-data-store-iad-0003-001.shohame-global-data-store-iad.ime4qh.use1.cache.amazonaws.com:6379 elapsed=34116ms ok=true
[2m2026-03-16T16:19:36.998776Z[0m [33m WARN[0m [2mredis::cluster_async[0m[2m:[0m DIAG try_cmd_request: node=shohame-global-data-store-iad-0003-001.shohame-global-data-store-iad.ime4qh.use1.cache.amazonaws.com:6379 elapsed=34116ms ok=true
[2m2026-03-16T16:19:36.998780Z[0m [33m WARN[0m [2mredis::cluster_async[0m[2m:[0m DIAG try_cmd_request: node=shohame-global-data-store-iad-0003-001.shohame-global-data-store-iad.ime4qh.use1.cache.amazonaws.com:6379 elapsed=34116ms ok=true
[2m2026-03-16T16:19:36.998786Z[0m [33m WARN[0m [2mredis::cluster_async[0m[2m:[0m DIAG try_cmd_request: node=shohame-global-data-store-iad-0003-001.shohame-global-data-store-iad.ime4qh.use1.cache.amazonaws.com:6379 elapsed=34116ms ok=true
[2m2026-03-16T16:19:36.998791Z[0m [33m WARN[0m [2mredis::cluster_async[0m[2m:[0m DIAG try_cmd_request: node=shohame-global-data-store-iad-0003-001.shohame-global-data-store-iad.ime4qh.use1.cache.amazonaws.com:6379 elapsed=34116ms ok=true
[2m2026-03-16T16:19:36.998795Z[0m [33m WARN[0m [2mredis::cluster_async[0m[2m:[0m DIAG try_cmd_request: node=shohame-global-data-store-iad-0003-001.shohame-global-data-store-iad.ime4qh.use1.cache.amazonaws.com:6379 elapsed=34116ms ok=true
[2m2026-03-16T16:19:36.998799Z[0m [33m WARN[0m [2mredis::cluster_async[0m[2m:[0m DIAG try_cmd_request: node=shohame-global-data-store-iad-0003-001.shohame-global-data-store-iad.ime4qh.use1.cache.amazonaws.com:6379 elapsed=34116ms ok=true
[2m2026-03-16T16:19:36.998803Z[0m [33m WARN[0m [2mredis::cluster_async[0m[2m:[0m DIAG try_cmd_request: node=shohame-global-data-store-iad-0003-001.shohame-global-data-store-iad.ime4qh.use1.cache.amazonaws.com:6379 elapsed=34116ms ok=true
[2m2026-03-16T16:19:36.998808Z[0m [33m WARN[0m [2mredis::cluster_async[0m[2m:[0m DIAG try_cmd_request: node=shohame-global-data-store-iad-0003-001.shohame-global-data-store-iad.ime4qh.use1.cache.amazonaws.com:6379 elapsed=34116ms ok=true
[2m2026-03-16T16:19:36.998812Z[0m [33m WARN[0m [2mredis::cluster_async[0m[2m:[0m DIAG try_cmd_request: node=shohame-global-data-store-iad-0003-001.shohame-global-data-store-iad.ime4qh.use1.cache.amazonaws.com:6379 elapsed=34116ms ok=true
[2m2026-03-16T16:19:36.998817Z[0m [33m WARN[0m [2mredis::cluster_async[0m[2m:[0m DIAG try_cmd_request: node=shohame-global-data-store-iad-0003-001.shohame-global-data-store-iad.ime4qh.use1.cache.amazonaws.com:6379 elapsed=34111ms ok=true
[2m2026-03-16T16:19:36.998821Z[0m [33m WARN[0m [2mredis::cluster_async[0m[2m:[0m DIAG try_cmd_request: node=shohame-global-data-store-iad-0003-001.shohame-global-data-store-iad.ime4qh.use1.cache.amazonaws.com:6379 elapsed=34111ms ok=true
[2m2026-03-16T16:19:36.998906Z[0m [33m WARN[0m [2mredis::cluster_async[0m[2m:[0m DIAG poll_complete: pending_queue=0 in_flight=293720 shed=0 new=0 done=29 cancelled=19 retry=0 refresh=0 reconnect=0
[2m2026-03-16T16:19:37.041514Z[0m [33m WARN[0m [2mlogger_core[0m[2m:[0m run_with_timeout - request timed out after 50ms
[2m2026-03-16T16:19:37.041535Z[0m [33m WARN[0m [2mlogger_core[0m[2m:[0m send_command - DIAG TIMEOUT: cmd=DEL(9451900000000000000000000000000000000000...) timeout=50ms
[2m2026-03-16T16:19:37.041554Z[0m [33m WARN[0m [2mlogger_core[0m[2m:[0m run_with_timeout - request timed out after 50ms
[2m2026-03-16T16:19:37.041558Z[0m [33m WARN[0m [2mlogger_core[0m[2m:[0m send_command - DIAG TIMEOUT: cmd=DEL(7391100000000000000000000000000000000000...) timeout=50ms
[2m2026-03-16T16:19:37.041565Z[0m [33m WARN[0m [2mlogger_core[0m[2m:[0m run_with_timeout - request timed out after 50ms
[2m2026-03-16T16:19:37.041570Z[0m [33m WARN[0m [2mlogger_core[0m[2m:[0m send_command - DIAG TIMEOUT: cmd=DEL(6688100000000000000000000000000000000000...) timeout=50ms
[2m2026-03-16T16:19:37.041572Z[0m [33m WARN[0m [2mglide_rs::jni_client[0m[2m:[0m DIAG cb=1378898 ERROR_CALLBACK: thread=glide-jni-callback-0 error_code=2 msg=timed out    
[2m2026-03-16T16:19:37.041578Z[0m [33m WARN[0m [2mlogger_core[0m[2m:[0m run_with_timeout - request timed out after 50ms
[2m2026-03-16T16:19:37.041579Z[0m [33m WARN[0m [2mglide_rs::jni_client[0m[2m:[0m DIAG cb=1378895 ERROR_CALLBACK: thread=glide-jni-callback-1 error_code=2 msg=timed out    
[2m2026-03-16T16:19:37.041584Z[0m [33m WARN[0m [2mlogger_core[0m[2m:[0m send_command - DIAG TIMEOUT: cmd=DEL(2066500000000000000000000000000000000000...) timeout=50ms
[2m2026-03-16T16:19:37.041592Z[0m [33m WARN[0m [2mlogger_core[0m[2m:[0m run_with_timeout - request timed out after 50ms
[2m2026-03-16T16:19:37.041596Z[0m [33m WARN[0m [2mlogger_core[0m[2m:[0m send_command - DIAG TIMEOUT: cmd=DEL(4841600000000000000000000000000000000000...) timeout=50ms
[2m2026-03-16T16:19:37.041602Z[0m [33m WARN[0m [2mlogger_core[0m[2m:[0m run_with_timeout - request timed out after 50ms
[2m2026-03-16T16:19:37.041605Z[0m [33m WARN[0m [2mlogger_core[0m[2m:[0m send_command - DIAG TIMEOUT: cmd=DEL(9923400000000000000000000000000000000000...) timeout=50ms
[2m2026-03-16T16:19:37.041609Z[0m [33m WARN[0m [2mlogger_core[0m[2m:[0m run_with_timeout - request timed out after 50ms
[2m2026-03-16T16:19:37.041612Z[0m [33m WARN[0m [2mlogger_core[0m[2m:[0m send_command - DIAG TIMEOUT: cmd=DEL(4548000000000000000000000000000000000000...) timeout=50ms
[2m2026-03-16T16:19:37.041626Z[0m [33m WARN[0m [2mglide_rs::jni_client[0m[2m:[0m DIAG cb=1378896 ERROR_CALLBACK: thread=glide-jni-callback-1 error_code=2 msg=timed out    
[2m2026-03-16T16:19:37.041627Z[0m [33m WARN[0m [2mglide_rs::jni_client[0m[2m:[0m DIAG cb=1378900 ERROR_CALLBACK: thread=glide-jni-callback-0 error_code=2 msg=timed out    
[2m2026-03-16T16:19:37.041639Z[0m [33m WARN[0m [2mglide_rs::jni_client[0m[2m:[0m DIAG cb=1378897 ERROR_CALLBACK: thread=glide-jni-callback-1 error_code=2 msg=timed out    
[2m2026-03-16T16:19:37.041640Z[0m [33m WARN[0m [2mglide_rs::jni_client[0m[2m:[0m DIAG cb=1378899 ERROR_CALLBACK: thread=glide-jni-callback-0 error_code=2 msg=timed out    
[2m2026-03-16T16:19:37.041655Z[0m [33m WARN[0m [2mglide_rs::jni_client[0m[2m:[0m DIAG cb=1378901 ERROR_CALLBACK: thread=glide-jni-callback-1 error_code=2 msg=timed out    
[2m2026-03-16T16:19:37.042208Z[0m [33m WARN[0m [2mlogger_core[0m[2m:[0m run_with_timeout - request timed out after 50ms
[2m2026-03-16T16:19:37.042214Z[0m [33m WARN[0m [2mlogger_core[0m[2m:[0m send_command - DIAG TIMEOUT: cmd=DEL(5691700000000000000000000000000000000000...) timeout=50ms
[2m2026-03-16T16:19:37.042221Z[0m [33m WARN[0m [2mlogger_core[0m[2m:[0m run_with_timeout - request timed out after 50ms
[2m2026-03-16T16:19:37.042224Z[0m [33m WARN[0m [2mlogger_core[0m[2m:[0m send_command - DIAG TIMEOUT: cmd=DEL(8064900000000000000000000000000000000000...) timeout=50ms
[2m2026-03-16T16:19:37.042228Z[0m [33m WARN[0m [2mlogger_core[0m[2m:[0m run_with_timeout - request timed out after 50ms
[2m2026-03-16T16:19:37.042230Z[0m [33m WARN[0m [2mlogger_core[0m[2m:[0m send_command - DIAG TIMEOUT: cmd=DEL(6469800000000000000000000000000000000000...) timeout=50ms
[2m2026-03-16T16:19:37.042230Z[0m [33m WARN[0m [2mglide_rs::jni_client[0m[2m:[0m DIAG cb=1378904 ERROR_CALLBACK: thread=glide-jni-callback-0 error_code=2 msg=timed out    
[2m2026-03-16T16:19:37.042240Z[0m [33m WARN[0m [2mglide_rs::jni_client[0m[2m:[0m DIAG cb=1378902 ERROR_CALLBACK: thread=glide-jni-callback-1 error_code=2 msg=timed out    
[2m2026-03-16T16:19:37.042251Z[0m [33m WARN[0m [2mglide_rs::jni_client[0m[2m:[0m DIAG cb=1378903 ERROR_CALLBACK: thread=glide-jni-callback-0 error_code=2 msg=timed out    
[2m2026-03-16T16:19:37.042747Z[0m [33m WARN[0m [2mlogger_core[0m[2m:[0m run_with_timeout - request timed out after 50ms
[2m2026-03-16T16:19:37.042757Z[0m [33m WARN[0m [2mlogger_core[0m[2m:[0m send_command - DIAG TIMEOUT: cmd=DEL(8189500000000000000000000000000000000000...) timeout=50ms
[2m2026-03-16T16:19:37.042773Z[0m [33m WARN[0m [2mlogger_core[0m[2m:[0m run_with_timeout - request timed out after 50ms
[2m2026-03-16T16:19:37.042772Z[0m [33m WARN[0m [2mglide_rs::jni_client[0m[2m:[0m DIAG cb=1378918 ERROR_CALLBACK: thread=glide-jni-callback-0 error_code=2 msg=timed out    
[2m2026-03-16T16:19:37.042776Z[0m [33m WARN[0m [2mlogger_core[0m[2m:[0m send_command - DIAG TIMEOUT: cmd=DEL(5428000000000000000000000000000000000000...) timeout=50ms
[2m2026-03-16T16:19:37.042782Z[0m [33m WARN[0m [2mlogger_core[0m[2m:[0m run_with_timeout - request timed out after 50ms
[2m2026-03-16T16:19:37.042785Z[0m [33m WARN[0m [2mlogger_core[0m[2m:[0m send_command - DIAG TIMEOUT: cmd=DEL(4591700000000000000000000000000000000000...) timeout=50ms
[2m2026-03-16T16:19:37.042790Z[0m [33m WARN[0m [2mlogger_core[0m[2m:[0m run_with_timeout - request timed out after 50ms
[2m2026-03-16T16:19:37.042789Z[0m [33m WARN[0m [2mglide_rs::jni_client[0m[2m:[0m DIAG cb=1378905 ERROR_CALLBACK: thread=glide-jni-callback-1 error_code=2 msg=timed out    
[2m2026-03-16T16:19:37.042793Z[0m [33m WARN[0m [2mlogger_core[0m[2m:[0m send_command - DIAG TIMEOUT: cmd=DEL(2836500000000000000000000000000000000000...) timeout=50ms
[2m2026-03-16T16:19:37.042793Z[0m [33m WARN[0m [2mglide_rs::jni_client[0m[2m:[0m DIAG cb=1378906 ERROR_CALLBACK: thread=glide-jni-callback-0 error_code=2 msg=timed out    
[2m2026-03-16T16:19:37.042798Z[0m [33m WARN[0m [2mlogger_core[0m[2m:[0m run_with_timeout - request timed out after 50ms
[2m2026-03-16T16:19:37.042801Z[0m [33m WARN[0m [2mlogger_core[0m[2m:[0m send_command - DIAG TIMEOUT: cmd=DEL(1067700000000000000000000000000000000000...) timeout=50ms
[2m2026-03-16T16:19:37.042806Z[0m [33m WARN[0m [2mlogger_core[0m[2m:[0m run_with_timeout - request timed out after 50ms
[2m2026-03-16T16:19:37.042806Z[0m [33m WARN[0m [2mglide_rs::jni_client[0m[2m:[0m DIAG cb=1378907 ERROR_CALLBACK: thread=glide-jni-callback-0 error_code=2 msg=timed out    
[2m2026-03-16T16:19:37.042809Z[0m [33m WARN[0m [2mlogger_core[0m[2m:[0m send_command - DIAG TIMEOUT: cmd=DEL(3621800000000000000000000000000000000000...) timeout=50ms
[2m2026-03-16T16:19:37.042814Z[0m [33m WARN[0m [2mglide_rs::jni_client[0m[2m:[0m DIAG cb=1378909 ERROR_CALLBACK: thread=glide-jni-callback-1 error_code=2 msg=timed out    
[2m2026-03-16T16:19:37.042814Z[0m [33m WARN[0m [2mlogger_core[0m[2m:[0m run_with_timeout - request timed out after 50ms
[2m2026-03-16T16:19:37.042818Z[0m [33m WARN[0m [2mlogger_core[0m[2m:[0m send_command - DIAG TIMEOUT: cmd=DEL(4389200000000000000000000000000000000000...) timeout=50ms
[2m2026-03-16T16:19:37.042821Z[0m [33m WARN[0m [2mglide_rs::jni_client[0m[2m:[0m DIAG cb=1378910 ERROR_CALLBACK: thread=glide-jni-callback-0 error_code=2 msg=timed out    
[2m2026-03-16T16:19:37.042830Z[0m [33m WARN[0m [2mlogger_core[0m[2m:[0m run_with_timeout - request timed out after 50ms
[2m2026-03-16T16:19:37.042833Z[0m [33m WARN[0m [2mglide_rs::jni_client[0m[2m:[0m DIAG cb=1378908 ERROR_CALLBACK: thread=glide-jni-callback-1 error_code=2 msg=timed out    
[2m2026-03-16T16:19:37.042835Z[0m [33m WARN[0m [2mlogger_core[0m[2m:[0m send_command - DIAG TIMEOUT: cmd=DEL(8300800000000000000000000000000000000000...) timeout=50ms
[2m2026-03-16T16:19:37.042847Z[0m [33m WARN[0m [2mglide_rs::jni_client[0m[2m:[0m DIAG cb=1378911 ERROR_CALLBACK: thread=glide-jni-callback-0 error_code=2 msg=timed out    
[2m2026-03-16T16:19:37.042871Z[0m [33m WARN[0m [2mlogger_core[0m[2m:[0m run_with_timeout - request timed out after 50ms
[2m2026-03-16T16:19:37.042874Z[0m [33m WARN[0m [2mlogger_core[0m[2m:[0m send_command - DIAG TIMEOUT: cmd=DEL(7342000000000000000000000000000000000000...) timeout=50ms
[2m2026-03-16T16:19:37.042880Z[0m [33m WARN[0m [2mlogger_core[0m[2m:[0m run_with_timeout - request timed out after 50ms
[2m2026-03-16T16:19:37.042883Z[0m [33m WARN[0m [2mlogger_core[0m[2m:[0m send_command - DIAG TIMEOUT: cmd=DEL(4097100000000000000000000000000000000000...) timeout=50ms
[2m2026-03-16T16:19:37.042885Z[0m [33m WARN[0m [2mglide_rs::jni_client[0m[2m:[0m DIAG cb=1378912 ERROR_CALLBACK: thread=glide-jni-callback-1 error_code=2 msg=timed out    
[2m2026-03-16T16:19:37.042890Z[0m [33m WARN[0m [2mglide_rs::jni_client[0m[2m:[0m DIAG cb=1378913 ERROR_CALLBACK: thread=glide-jni-callback-0 error_code=2 msg=timed out    
[2m2026-03-16T16:19:37.042911Z[0m [33m WARN[0m [2mlogger_core[0m[2m:[0m run_with_timeout - request timed out after 50ms
[2m2026-03-16T16:19:37.042915Z[0m [33m WARN[0m [2mlogger_core[0m[2m:[0m send_command - DIAG TIMEOUT: cmd=DEL(9213200000000000000000000000000000000000...) timeout=50ms
[2m2026-03-16T16:19:37.042920Z[0m [33m WARN[0m [2mlogger_core[0m[2m:[0m run_with_timeout - request timed out after 50ms
[2m2026-03-16T16:19:37.042923Z[0m [33m WARN[0m [2mlogger_core[0m[2m:[0m send_command - DIAG TIMEOUT: cmd=DEL(3801000000000000000000000000000000000000...) timeout=50ms
[2m2026-03-16T16:19:37.042925Z[0m [33m WARN[0m [2mglide_rs::jni_client[0m[2m:[0m DIAG cb=1378914 ERROR_CALLBACK: thread=glide-jni-callback-1 error_code=2 msg=timed out    
[2m2026-03-16T16:19:37.042929Z[0m [33m WARN[0m [2mglide_rs::jni_client[0m[2m:[0m DIAG cb=1378915 ERROR_CALLBACK: thread=glide-jni-callback-0 error_code=2 msg=timed out    
[2m2026-03-16T16:19:37.042953Z[0m [33m WARN[0m [2mlogger_core[0m[2m:[0m run_with_timeout - request timed out after 50ms
[2m2026-03-16T16:19:37.042956Z[0m [33m WARN[0m [2mlogger_core[0m[2m:[0m send_command - DIAG TIMEOUT: cmd=DEL(3515500000000000000000000000000000000000...) timeout=50ms
[2m2026-03-16T16:19:37.042962Z[0m [33m WARN[0m [2mlogger_core[0m[2m:[0m run_with_timeout - request timed out after 50ms
[2m2026-03-16T16:19:37.042964Z[0m [33m WARN[0m [2mlogger_core[0m[2m:[0m send_command - DIAG TIMEOUT: cmd=DEL(3059100000000000000000000000000000000000...) timeout=50ms
[2m2026-03-16T16:19:37.042965Z[0m [33m WARN[0m [2mglide_rs::jni_client[0m[2m:[0m DIAG cb=1378916 ERROR_CALLBACK: thread=glide-jni-callback-1 error_code=2 msg=timed out    
[2m2026-03-16T16:19:37.042970Z[0m [33m WARN[0m [2mglide_rs::jni_client[0m[2m:[0m DIAG cb=1378917 ERROR_CALLBACK: thread=glide-jni-callback-0 error_code=2 msg=timed out    
[2m2026-03-16T16:19:37.043707Z[0m [33m WARN[0m [2mlogger_core[0m[2m:[0m run_with_timeout - request timed out after 50ms
[2m2026-03-16T16:19:37.043713Z[0m [33m WARN[0m [2mlogger_core[0m[2m:[0m send_command - DIAG TIMEOUT: cmd=DEL(4013400000000000000000000000000000000000...) timeout=50ms
[2m2026-03-16T16:19:37.043737Z[0m [33m WARN[0m [2mglide_rs::jni_client[0m[2m:[0m DIAG cb=1378926 ERROR_CALLBACK: thread=glide-jni-callback-1 error_code=2 msg=timed out    
[2m2026-03-16T16:19:37.043741Z[0m [33m WARN[0m [2mlogger_core[0m[2m:[0m run_with_timeout - request timed out after 50ms
[2m2026-03-16T16:19:37.043745Z[0m [33m WARN[0m [2mlogger_core[0m[2m:[0m send_command - DIAG TIMEOUT: cmd=DEL(4822800000000000000000000000000000000000...) timeout=50ms
[2m2026-03-16T16:19:37.043752Z[0m [33m WARN[0m [2mlogger_core[0m[2m:[0m run_with_timeout - request timed out after 50ms
[2m2026-03-16T16:19:37.043755Z[0m [33m WARN[0m [2mglide_rs::jni_client[0m[2m:[0m DIAG cb=1378919 ERROR_CALLBACK: thread=glide-jni-callback-0 error_code=2 msg=timed out    
[2m2026-03-16T16:19:37.043759Z[0m [33m WARN[0m [2mlogger_core[0m[2m:[0m send_command - DIAG TIMEOUT: cmd=DEL(5605800000000000000000000000000000000000...) timeout=50ms
[2m2026-03-16T16:19:37.043766Z[0m [33m WARN[0m [2mlogger_core[0m[2m:[0m run_with_timeout - request timed out after 50ms
[2m2026-03-16T16:19:37.043769Z[0m [33m WARN[0m [2mglide_rs::jni_client[0m[2m:[0m DIAG cb=1378920 ERROR_CALLBACK: thread=glide-jni-callback-1 error_code=2 msg=timed out    
[2m2026-03-16T16:19:37.043771Z[0m [33m WARN[0m [2mlogger_core[0m[2m:[0m send_command - DIAG TIMEOUT: cmd=DEL(8657600000000000000000000000000000000000...) timeout=50ms
[2m2026-03-16T16:19:37.043778Z[0m [33m WARN[0m [2mlogger_core[0m[2m:[0m run_with_timeout - request timed out after 50ms
[2m2026-03-16T16:19:37.043780Z[0m [33m WARN[0m [2mglide_rs::jni_client[0m[2m:[0m DIAG cb=1378921 ERROR_CALLBACK: thread=glide-jni-callback-0 error_code=2 msg=timed out    
[2m2026-03-16T16:19:37.043780Z[0m [33m WARN[0m [2mlogger_core[0m[2m:[0m send_command - DIAG TIMEOUT: cmd=DEL(5910200000000000000000000000000000000000...) timeout=50ms
[2m2026-03-16T16:19:37.043788Z[0m [33m WARN[0m [2mlogger_core[0m[2m:[0m run_with_timeout - request timed out after 50ms
[2m2026-03-16T16:19:37.043791Z[0m [33m WARN[0m [2mglide_rs::jni_client[0m[2m:[0m DIAG cb=1378922 ERROR_CALLBACK: thread=glide-jni-callback-1 error_code=2 msg=timed out    
[2m2026-03-16T16:19:37.043793Z[0m [33m WARN[0m [2mlogger_core[0m[2m:[0m send_command - DIAG TIMEOUT: cmd=DEL(6016200000000000000000000000000000000000...) timeout=50ms
[2m2026-03-16T16:19:37.043799Z[0m [33m WARN[0m [2mlogger_core[0m[2m:[0m run_with_timeout - request timed out after 50ms
[2m2026-03-16T16:19:37.043802Z[0m [33m WARN[0m [2mlogger_core[0m[2m:[0m send_command - DIAG TIMEOUT: cmd=DEL(7234600000000000000000000000000000000000...) timeout=50ms
[2m2026-03-16T16:19:37.043802Z[0m [33m WARN[0m [2mglide_rs::jni_client[0m[2m:[0m DIAG cb=1378923 ERROR_CALLBACK: thread=glide-jni-callback-0 error_code=2 msg=timed out    
[2m2026-03-16T16:19:37.043811Z[0m [33m WARN[0m [2mglide_rs::jni_client[0m[2m:[0m DIAG cb=1378924 ERROR_CALLBACK: thread=glide-jni-callback-1 error_code=2 msg=timed out    
[2m2026-03-16T16:19:37.045331Z[0m [33m WARN[0m [2mlogger_core[0m[2m:[0m run_with_timeout - request timed out after 50ms
[2m2026-03-16T16:19:37.045337Z[0m [33m WARN[0m [2mlogger_core[0m[2m:[0m send_command - DIAG TIMEOUT: cmd=DEL(2273000000000000000000000000000000000000...) timeout=50ms
[2m2026-03-16T16:19:37.045345Z[0m [33m WARN[0m [2mlogger_core[0m[2m:[0m run_with_timeout - request timed out after 50ms
[2m2026-03-16T16:19:37.045349Z[0m [33m WARN[0m [2mlogger_core[0m[2m:[0m send_command - DIAG TIMEOUT: cmd=DEL(8332400000000000000000000000000000000000...) timeout=50ms
[2m2026-03-16T16:19:37.045355Z[0m [33m WARN[0m [2mglide_rs::jni_client[0m[2m:[0m DIAG cb=1378927 ERROR_CALLBACK: thread=glide-jni-callback-0 error_code=2 msg=timed out    
[2m2026-03-16T16:19:37.045364Z[0m [33m WARN[0m [2mglide_rs::jni_client[0m[2m:[0m DIAG cb=1378925 ERROR_CALLBACK: thread=glide-jni-callback-1 error_code=2 msg=timed out    
[2m2026-03-16T16:19:37.046071Z[0m [33m WARN[0m [2mlogger_core[0m[2m:[0m run_with_timeout - request timed out after 50ms
[2m2026-03-16T16:19:37.046080Z[0m [33m WARN[0m [2mlogger_core[0m[2m:[0m send_command - DIAG TIMEOUT: cmd=DEL(7856900000000000000000000000000000000000...) timeout=50ms
[2m2026-03-16T16:19:37.046101Z[0m [33m WARN[0m [2mglide_rs::jni_client[0m[2m:[0m DIAG cb=1378934 ERROR_CALLBACK: thread=glide-jni-callback-0 error_code=2 msg=timed out    
[2m2026-03-16T16:19:37.046142Z[0m [33m WARN[0m [2mlogger_core[0m[2m:[0m run_with_timeout - request timed out after 50ms
[2m2026-03-16T16:19:37.046148Z[0m [33m WARN[0m [2mlogger_core[0m[2m:[0m send_command - DIAG TIMEOUT: cmd=DEL(9917800000000000000000000000000000000000...) timeout=50ms
[2m2026-03-16T16:19:37.046158Z[0m [33m WARN[0m [2mlogger_core[0m[2m:[0m run_with_timeout - request timed out after 50ms
[2m2026-03-16T16:19:37.046163Z[0m [33m WARN[0m [2mlogger_core[0m[2m:[0m send_command - DIAG TIMEOUT: cmd=DEL(1585000000000000000000000000000000000000...) timeout=50ms
[2m2026-03-16T16:19:37.046166Z[0m [33m WARN[0m [2mglide_rs::jni_client[0m[2m:[0m DIAG cb=1378928 ERROR_CALLBACK: thread=glide-jni-callback-1 error_code=2 msg=timed out    
[2m2026-03-16T16:19:37.046174Z[0m [33m WARN[0m [2mlogger_core[0m[2m:[0m run_with_timeout - request timed out after 50ms
[2m2026-03-16T16:19:37.046178Z[0m [33m WARN[0m [2mlogger_core[0m[2m:[0m send_command - DIAG TIMEOUT: cmd=DEL(3630300000000000000000000000000000000000...) timeout=50ms
[2m2026-03-16T16:19:37.046179Z[0m [33m WARN[0m [2mglide_rs::jni_client[0m[2m:[0m DIAG cb=1378929 ERROR_CALLBACK: thread=glide-jni-callback-0 error_code=2 msg=timed out    
[2m2026-03-16T16:19:37.046183Z[0m [33m WARN[0m [2mlogger_core[0m[2m:[0m run_with_timeout - request timed out after 50ms
[2m2026-03-16T16:19:37.046186Z[0m [33m WARN[0m [2mlogger_core[0m[2m:[0m send_command - DIAG TIMEOUT: cmd=DEL(4615100000000000000000000000000000000000...) timeout=50ms
[2m2026-03-16T16:19:37.046191Z[0m [33m WARN[0m [2mlogger_core[0m[2m:[0m run_with_timeout - request timed out after 50ms
[2m2026-03-16T16:19:37.046196Z[0m [33m WARN[0m [2mglide_rs::jni_client[0m[2m:[0m DIAG cb=1378930 ERROR_CALLBACK: thread=glide-jni-callback-0 error_code=2 msg=timed out    
[2m2026-03-16T16:19:37.046198Z[0m [33m WARN[0m [2mlogger_core[0m[2m:[0m send_command - DIAG TIMEOUT: cmd=DEL(3279800000000000000000000000000000000000...) timeout=50ms
[2m2026-03-16T16:19:37.046197Z[0m [33m WARN[0m [2mglide_rs::jni_client[0m[2m:[0m DIAG cb=1378931 ERROR_CALLBACK: thread=glide-jni-callback-1 error_code=2 msg=timed out    
[2m2026-03-16T16:19:37.046213Z[0m [33m WARN[0m [2mglide_rs::jni_client[0m[2m:[0m DIAG cb=1378932 ERROR_CALLBACK: thread=glide-jni-callback-0 error_code=2 msg=timed out    
[2m2026-03-16T16:19:37.046209Z[0m [33m WARN[0m [2mlogger_core[0m[2m:[0m run_with_timeout - request timed out after 50ms
[2m2026-03-16T16:19:37.046225Z[0m [33m WARN[0m [2mlogger_core[0m[2m:[0m send_command - DIAG TIMEOUT: cmd=DEL(2456900000000000000000000000000000000000...) timeout=50ms
[2m2026-03-16T16:19:37.046242Z[0m [33m WARN[0m [2mglide_rs::jni_client[0m[2m:[0m DIAG cb=1378933 ERROR_CALLBACK: thread=glide-jni-callback-0 error_code=2 msg=timed out    
[2m2026-03-16T16:19:37.047458Z[0m [33m WARN[0m [2mlogger_core[0m[2m:[0m run_with_timeout - request timed out after 50ms
[2m2026-03-16T16:19:37.047464Z[0m [33m WARN[0m [2mlogger_core[0m[2m:[0m send_command - DIAG TIMEOUT: cmd=DEL(6675000000000000000000000000000000000000...) timeout=50ms
[2m2026-03-16T16:19:37.047485Z[0m [33m WARN[0m [2mglide_rs::jni_client[0m[2m:[0m DIAG cb=1378940 ERROR_CALLBACK: thread=glide-jni-callback-1 error_code=2 msg=timed out    
[2m2026-03-16T16:19:37.047544Z[0m [33m WARN[0m [2mlogger_core[0m[2m:[0m run_with_timeout - request timed out after 50ms
[2m2026-03-16T16:19:37.047548Z[0m [33m WARN[0m [2mlogger_core[0m[2m:[0m send_command - DIAG TIMEOUT: cmd=DEL(6110900000000000000000000000000000000000...) timeout=50ms
[2m2026-03-16T16:19:37.047555Z[0m [33m WARN[0m [2mlogger_core[0m[2m:[0m run_with_timeout - request timed out after 50ms
[2m2026-03-16T16:19:37.047558Z[0m [33m WARN[0m [2mlogger_core[0m[2m:[0m send_command - DIAG TIMEOUT: cmd=DEL(6430300000000000000000000000000000000000...) timeout=50ms
[2m2026-03-16T16:19:37.047561Z[0m [33m WARN[0m [2mglide_rs::jni_client[0m[2m:[0m DIAG cb=1378935 ERROR_CALLBACK: thread=glide-jni-callback-0 error_code=2 msg=timed out    
[2m2026-03-16T16:19:37.047562Z[0m [33m WARN[0m [2mlogger_core[0m[2m:[0m run_with_timeout - request timed out after 50ms
[2m2026-03-16T16:19:37.047567Z[0m [33m WARN[0m [2mlogger_core[0m[2m:[0m send_command - DIAG TIMEOUT: cmd=DEL(6769900000000000000000000000000000000000...) timeout=50ms
[2m2026-03-16T16:19:37.047570Z[0m [33m WARN[0m [2mglide_rs::jni_client[0m[2m:[0m DIAG cb=1378936 ERROR_CALLBACK: thread=glide-jni-callback-1 error_code=2 msg=timed out    
[2m2026-03-16T16:19:37.047572Z[0m [33m WARN[0m [2mlogger_core[0m[2m:[0m run_with_timeout - request timed out after 50ms
[2m2026-03-16T16:19:37.047580Z[0m [33m WARN[0m [2mlogger_core[0m[2m:[0m send_command - DIAG TIMEOUT: cmd=DEL(8484300000000000000000000000000000000000...) timeout=50ms
[2m2026-03-16T16:19:37.047583Z[0m [33m WARN[0m [2mglide_rs::jni_client[0m[2m:[0m DIAG cb=1378937 ERROR_CALLBACK: thread=glide-jni-callback-0 error_code=2 msg=timed out    
[2m2026-03-16T16:19:37.047586Z[0m [33m WARN[0m [2mlogger_core[0m[2m:[0m run_with_timeout - request timed out after 50ms
[2m2026-03-16T16:19:37.047588Z[0m [33m WARN[0m [2mlogger_core[0m[2m:[0m send_command - DIAG TIMEOUT: cmd=DEL(3118400000000000000000000000000000000000...) timeout=50ms
[2m2026-03-16T16:19:37.047595Z[0m [33m WARN[0m [2mglide_rs::jni_client[0m[2m:[0m DIAG cb=1378938 ERROR_CALLBACK: thread=glide-jni-callback-0 error_code=2 msg=timed out    
[2m2026-03-16T16:19:37.047597Z[0m [33m WARN[0m [2mglide_rs::jni_client[0m[2m:[0m DIAG cb=1378939 ERROR_CALLBACK: thread=glide-jni-callback-1 error_code=2 msg=timed out    
[2m2026-03-16T16:19:37.049675Z[0m [33m WARN[0m [2mlogger_core[0m[2m:[0m run_with_timeout - request timed out after 50ms
[2m2026-03-16T16:19:37.049690Z[0m [33m WARN[0m [2mlogger_core[0m[2m:[0m send_command - DIAG TIMEOUT: cmd=DEL(9696600000000000000000000000000000000000...) timeout=50ms
[2m2026-03-16T16:19:37.049710Z[0m [33m WARN[0m [2mlogger_core[0m[2m:[0m run_with_timeout - request timed out after 50ms
[2m2026-03-16T16:19:37.049714Z[0m [33m WARN[0m [2mlogger_core[0m[2m:[0m send_command - DIAG TIMEOUT: cmd=DEL(5671300000000000000000000000000000000000...) timeout=50ms
[2m2026-03-16T16:19:37.049718Z[0m [33m WARN[0m [2mlogger_core[0m[2m:[0m run_with_timeout - request timed out after 50ms
[2m2026-03-16T16:19:37.049721Z[0m [33m WARN[0m [2mlogger_core[0m[2m:[0m send_command - DIAG TIMEOUT: cmd=DEL(1987000000000000000000000000000000000000...) timeout=50ms
[2m2026-03-16T16:19:37.049727Z[0m [33m WARN[0m [2mlogger_core[0m[2m:[0m run_with_timeout - request timed out after 50ms
[2m2026-03-16T16:19:37.049725Z[0m [33m WARN[0m [2mglide_rs::jni_client[0m[2m:[0m DIAG cb=1378954 ERROR_CALLBACK: thread=glide-jni-callback-1 error_code=2 msg=timed out    
[2m2026-03-16T16:19:37.049730Z[0m [33m WARN[0m [2mlogger_core[0m[2m:[0m send_command - DIAG TIMEOUT: cmd=DEL(2722400000000000000000000000000000000000...) timeout=50ms
[2m2026-03-16T16:19:37.049732Z[0m [33m WARN[0m [2mglide_rs::jni_client[0m[2m:[0m DIAG cb=1378941 ERROR_CALLBACK: thread=glide-jni-callback-0 error_code=2 msg=timed out    
[2m2026-03-16T16:19:37.049737Z[0m [33m WARN[0m [2mlogger_core[0m[2m:[0m run_with_timeout - request timed out after 50ms
[2m2026-03-16T16:19:37.049739Z[0m [33m WARN[0m [2mlogger_core[0m[2m:[0m send_command - DIAG TIMEOUT: cmd=DEL(7124100000000000000000000000000000000000...) timeout=50ms
[2m2026-03-16T16:19:37.049745Z[0m [33m WARN[0m [2mlogger_core[0m[2m:[0m run_with_timeout - request timed out after 50ms
[2m2026-03-16T16:19:37.049751Z[0m [33m WARN[0m [2mlogger_core[0m[2m:[0m send_command - DIAG TIMEOUT: cmd=DEL(4972000000000000000000000000000000000000...) timeout=50ms
[2m2026-03-16T16:19:37.049755Z[0m [33m WARN[0m [2mlogger_core[0m[2m:[0m run_with_timeout - request timed out after 50ms
[2m2026-03-16T16:19:37.049758Z[0m [33m WARN[0m [2mlogger_core[0m[2m:[0m send_command - DIAG TIMEOUT: cmd=DEL(9767700000000000000000000000000000000000...) timeout=50ms
[2m2026-03-16T16:19:37.049759Z[0m [33m WARN[0m [2mglide_rs::jni_client[0m[2m:[0m DIAG cb=1378942 ERROR_CALLBACK: thread=glide-jni-callback-0 error_code=2 msg=timed out    
[2m2026-03-16T16:19:37.049761Z[0m [33m WARN[0m [2mglide_rs::jni_client[0m[2m:[0m DIAG cb=1378943 ERROR_CALLBACK: thread=glide-jni-callback-1 error_code=2 msg=timed out    
[2m2026-03-16T16:19:37.049764Z[0m [33m WARN[0m [2mlogger_core[0m[2m:[0m run_with_timeout - request timed out after 50ms
[2m2026-03-16T16:19:37.049768Z[0m [33m WARN[0m [2mlogger_core[0m[2m:[0m send_command - DIAG TIMEOUT: cmd=DEL(8405500000000000000000000000000000000000...) timeout=50ms
[2m2026-03-16T16:19:37.049772Z[0m [33m WARN[0m [2mglide_rs::jni_client[0m[2m:[0m DIAG cb=1378944 ERROR_CALLBACK: thread=glide-jni-callback-0 error_code=2 msg=timed out    
[2m2026-03-16T16:19:37.049773Z[0m [33m WARN[0m [2mlogger_core[0m[2m:[0m run_with_timeout - request timed out after 50ms
[2m2026-03-16T16:19:37.049777Z[0m [33m WARN[0m [2mlogger_core[0m[2m:[0m send_command - DIAG TIMEOUT: cmd=DEL(3208500000000000000000000000000000000000...) timeout=50ms
[2m2026-03-16T16:19:37.049779Z[0m [33m WARN[0m [2mglide_rs::jni_client[0m[2m:[0m DIAG cb=1378945 ERROR_CALLBACK: thread=glide-jni-callback-1 error_code=2 msg=timed out    
[2m2026-03-16T16:19:37.049782Z[0m [33m WARN[0m [2mlogger_core[0m[2m:[0m run_with_timeout - request timed out after 50ms
[2m2026-03-16T16:19:37.049792Z[0m [33m WARN[0m [2mlogger_core[0m[2m:[0m send_command - DIAG TIMEOUT: cmd=DEL(7491500000000000000000000000000000000000...) timeout=50ms
[2m2026-03-16T16:19:37.049785Z[0m [33m WARN[0m [2mglide_rs::jni_client[0m[2m:[0m DIAG cb=1378946 ERROR_CALLBACK: thread=glide-jni-callback-0 error_code=2 msg=timed out    
[2m2026-03-16T16:19:37.049799Z[0m [33m WARN[0m [2mlogger_core[0m[2m:[0m run_with_timeout - request timed out after 50ms
[2m2026-03-16T16:19:37.049801Z[0m [33m WARN[0m [2mglide_rs::jni_client[0m[2m:[0m DIAG cb=1378947 ERROR_CALLBACK: thread=glide-jni-callback-1 error_code=2 msg=timed out    
[2m2026-03-16T16:19:37.049802Z[0m [33m WARN[0m [2mlogger_core[0m[2m:[0m send_command - DIAG TIMEOUT: cmd=DEL(7661400000000000000000000000000000000000...) timeout=50ms
[2m2026-03-16T16:19:37.049808Z[0m [33m WARN[0m [2mglide_rs::jni_client[0m[2m:[0m DIAG cb=1378948 ERROR_CALLBACK: thread=glide-jni-callback-0 error_code=2 msg=timed out    
[2m2026-03-16T16:19:37.049810Z[0m [33m WARN[0m [2mlogger_core[0m[2m:[0m run_with_timeout - request timed out after 50ms
[2m2026-03-16T16:19:37.049814Z[0m [33m WARN[0m [2mlogger_core[0m[2m:[0m send_command - DIAG TIMEOUT: cmd=DEL(3271700000000000000000000000000000000000...) timeout=50ms
[2m2026-03-16T16:19:37.049818Z[0m [33m WARN[0m [2mglide_rs::jni_client[0m[2m:[0m DIAG cb=1378950 ERROR_CALLBACK: thread=glide-jni-callback-0 error_code=2 msg=timed out    
[2m2026-03-16T16:19:37.049818Z[0m [33m WARN[0m [2mglide_rs::jni_client[0m[2m:[0m DIAG cb=1378949 ERROR_CALLBACK: thread=glide-jni-callback-1 error_code=2 msg=timed out    
[2m2026-03-16T16:19:37.049822Z[0m [33m WARN[0m [2mlogger_core[0m[2m:[0m run_with_timeout - request timed out after 50ms
[2m2026-03-16T16:19:37.049825Z[0m [33m WARN[0m [2mlogger_core[0m[2m:[0m send_command - DIAG TIMEOUT: cmd=DEL(2164100000000000000000000000000000000000...) timeout=50ms
[2m2026-03-16T16:19:37.049831Z[0m [33m WARN[0m [2mglide_rs::jni_client[0m[2m:[0m DIAG cb=1378951 ERROR_CALLBACK: thread=glide-jni-callback-0 error_code=2 msg=timed out    
[2m2026-03-16T16:19:37.049832Z[0m [33m WARN[0m [2mlogger_core[0m[2m:[0m run_with_timeout - request timed out after 50ms
[2m2026-03-16T16:19:37.049836Z[0m [33m WARN[0m [2mlogger_core[0m[2m:[0m send_command - DIAG TIMEOUT: cmd=DEL(3411000000000000000000000000000000000000...) timeout=50ms
[2m2026-03-16T16:19:37.049840Z[0m [33m WARN[0m [2mglide_rs::jni_client[0m[2m:[0m DIAG cb=1378952 ERROR_CALLBACK: thread=glide-jni-callback-1 error_code=2 msg=timed out    
[2m2026-03-16T16:19:37.049844Z[0m [33m WARN[0m [2mglide_rs::jni_client[0m[2m:[0m DIAG cb=1378953 ERROR_CALLBACK: thread=glide-jni-callback-0 error_code=2 msg=timed out    
[2m2026-03-16T16:19:37.093400Z[0m [33m WARN[0m [2mlogger_core[0m[2m:[0m run_with_timeout - request timed out after 50ms
[2m2026-03-16T16:19:37.093418Z[0m [33m WARN[0m [2mlogger_core[0m[2m:[0m send_command - DIAG TIMEOUT: cmd=DEL(5904500000000000000000000000000000000000...) timeout=50ms
[2m2026-03-16T16:19:37.093431Z[0m [33m WARN[0m [2mlogger_core[0m[2m:[0m run_with_timeout - request timed out after 50ms
[2m2026-03-16T16:19:37.093435Z[0m [33m WARN[0m [2mlogger_core[0m[2m:[0m send_command - DIAG TIMEOUT: cmd=DEL(8447600000000000000000000000000000000000...) timeout=50ms
[2m2026-03-16T16:19:37.093442Z[0m [33m WARN[0m [2mlogger_core[0m[2m:[0m run_with_timeout - request timed out after 50ms
[2m2026-03-16T16:19:37.093446Z[0m [33m WARN[0m [2mlogger_core[0m[2m:[0m send_command - DIAG TIMEOUT: cmd=DEL(9738000000000000000000000000000000000000...) timeout=50ms
[2m2026-03-16T16:19:37.093448Z[0m [33m WARN[0m [2mglide_rs::jni_client[0m[2m:[0m DIAG cb=1378964 ERROR_CALLBACK: thread=glide-jni-callback-1 error_code=2 msg=timed out    
[2m2026-03-16T16:19:37.093454Z[0m [33m WARN[0m [2mlogger_core[0m[2m:[0m run_with_timeout - request timed out after 50ms
[2m2026-03-16T16:19:37.093458Z[0m [33m WARN[0m [2mlogger_core[0m[2m:[0m send_command - DIAG TIMEOUT: cmd=DEL(1114400000000000000000000000000000000000...) timeout=50ms
[2m2026-03-16T16:19:37.093458Z[0m [33m WARN[0m [2mglide_rs::jni_client[0m[2m:[0m DIAG cb=1378955 ERROR_CALLBACK: thread=glide-jni-callback-0 error_code=2 msg=timed out    
[2m2026-03-16T16:19:37.093466Z[0m [33m WARN[0m [2mlogger_core[0m[2m:[0m run_with_timeout - request timed out after 50ms
[2m2026-03-16T16:19:37.093471Z[0m [33m WARN[0m [2mlogger_core[0m[2m:[0m send_command - DIAG TIMEOUT: cmd=DEL(8425000000000000000000000000000000000000...) timeout=50ms
[2m2026-03-16T16:19:37.093479Z[0m [33m WARN[0m [2mlogger_core[0m[2m:[0m run_with_timeout - request timed out after 50ms
[2m2026-03-16T16:19:37.093482Z[0m [33m WARN[0m [2mlogger_core[0m[2m:[0m send_command - DIAG TIMEOUT: cmd=DEL(8979100000000000000000000000000000000000...) timeout=50ms
[2m2026-03-16T16:19:37.093489Z[0m [33m WARN[0m [2mlogger_core[0m[2m:[0m run_with_timeout - request timed out after 50ms
[2m2026-03-16T16:19:37.093522Z[0m [33m WARN[0m [2mglide_rs::jni_client[0m[2m:[0m DIAG cb=1378956 ERROR_CALLBACK: thread=glide-jni-callback-0 error_code=2 msg=timed out    
[2m2026-03-16T16:19:37.093536Z[0m [33m WARN[0m [2mglide_rs::jni_client[0m[2m:[0m DIAG cb=1378958 ERROR_CALLBACK: thread=glide-jni-callback-0 error_code=2 msg=timed out    
[2m2026-03-16T16:19:37.093541Z[0m [33m WARN[0m [2mglide_rs::jni_client[0m[2m:[0m DIAG cb=1378957 ERROR_CALLBACK: thread=glide-jni-callback-1 error_code=2 msg=timed out    
[2m2026-03-16T16:19:37.093549Z[0m [33m WARN[0m [2mglide_rs::jni_client[0m[2m:[0m DIAG cb=1378959 ERROR_CALLBACK: thread=glide-jni-callback-0 error_code=2 msg=timed out    
[2m2026-03-16T16:19:37.093557Z[0m [33m WARN[0m [2mlogger_core[0m[2m:[0m send_command - DIAG TIMEOUT: cmd=DEL(2746000000000000000000000000000000000000...) timeout=50ms
[2m2026-03-16T16:19:37.093576Z[0m [33m WARN[0m [2mlogger_core[0m[2m:[0m run_with_timeout - request timed out after 50ms
[2m2026-03-16T16:19:37.093578Z[0m [33m WARN[0m [2mglide_rs::jni_client[0m[2m:[0m DIAG cb=1378960 ERROR_CALLBACK: thread=glide-jni-callback-1 error_code=2 msg=timed out    
[2m2026-03-16T16:19:37.093581Z[0m [33m WARN[0m [2mlogger_core[0m[2m:[0m send_command - DIAG TIMEOUT: cmd=DEL(1157000000000000000000000000000000000000...) timeout=50ms
[2m2026-03-16T16:19:37.093592Z[0m [33m WARN[0m [2mglide_rs::jni_client[0m[2m:[0m DIAG cb=1378961 ERROR_CALLBACK: thread=glide-jni-callback-0 error_code=2 msg=timed out    
[2m2026-03-16T16:19:37.093668Z[0m [33m WARN[0m [2mlogger_core[0m[2m:[0m run_with_timeout - request timed out after 50ms
[2m2026-03-16T16:19:37.093672Z[0m [33m WARN[0m [2mlogger_core[0m[2m:[0m send_command - DIAG TIMEOUT: cmd=DEL(2641000000000000000000000000000000000000...) timeout=50ms
[2m2026-03-16T16:19:37.093681Z[0m [33m WARN[0m [2mlogger_core[0m[2m:[0m run_with_timeout - request timed out after 50ms
[2m2026-03-16T16:19:37.093686Z[0m [33m WARN[0m [2mlogger_core[0m[2m:[0m send_command - DIAG TIMEOUT: cmd=DEL(9210300000000000000000000000000000000000...) timeout=50ms
[2m2026-03-16T16:19:37.093685Z[0m [33m WARN[0m [2mglide_rs::jni_client[0m[2m:[0m DIAG cb=1378962 ERROR_CALLBACK: thread=glide-jni-callback-1 error_code=2 msg=timed out    
[2m2026-03-16T16:19:37.093697Z[0m [33m WARN[0m [2mglide_rs::jni_client[0m[2m:[0m DIAG cb=1378963 ERROR_CALLBACK: thread=glide-jni-callback-0 error_code=2 msg=timed out    
[2m2026-03-16T16:19:37.094349Z[0m [33m WARN[0m [2mlogger_core[0m[2m:[0m run_with_timeout - request timed out after 50ms
[2m2026-03-16T16:19:37.094356Z[0m [33m WARN[0m [2mlogger_core[0m[2m:[0m send_command - DIAG TIMEOUT: cmd=DEL(6646000000000000000000000000000000000000...) timeout=50ms
[2m2026-03-16T16:19:37.094380Z[0m [33m WARN[0m [2mglide_rs::jni_client[0m[2m:[0m DIAG cb=1378977 ERROR_CALLBACK: thread=glide-jni-callback-1 error_code=2 msg=timed out    
[2m2026-03-16T16:19:37.094446Z[0m [33m WARN[0m [2mlogger_core[0m[2m:[0m run_with_timeout - request timed out after 50ms
[2m2026-03-16T16:19:37.094451Z[0m [33m WARN[0m [2mlogger_core[0m[2m:[0m send_command - DIAG TIMEOUT: cmd=DEL(5441900000000000000000000000000000000000...) timeout=50ms
[2m2026-03-16T16:19:37.094463Z[0m [33m WARN[0m [2mglide_rs::jni_client[0m[2m:[0m DIAG cb=1378965 ERROR_CALLBACK: thread=glide-jni-callback-0 error_code=2 msg=timed out    
[2m2026-03-16T16:19:37.094487Z[0m [33m WARN[0m [2mlogger_core[0m[2m:[0m run_with_timeout - request timed out after 50ms
[2m2026-03-16T16:19:37.094549Z[0m [33m WARN[0m [2mlogger_core[0m[2m:[0m send_command - DIAG TIMEOUT: cmd=DEL(2043200000000000000000000000000000000000...) timeout=50ms
[2m2026-03-16T16:19:37.094559Z[0m [33m WARN[0m [2mlogger_core[0m[2m:[0m run_with_timeout - request timed out after 50ms
[2m2026-03-16T16:19:37.094563Z[0m [33m WARN[0m [2mlogger_core[0m[2m:[0m send_command - DIAG TIMEOUT: cmd=DEL(6623500000000000000000000000000000000000...) timeout=50ms
[2m2026-03-16T16:19:37.094566Z[0m [33m WARN[0m [2mglide_rs::jni_client[0m[2m:[0m DIAG cb=1378966 ERROR_CALLBACK: thread=glide-jni-callback-1 error_code=2 msg=timed out    
[2m2026-03-16T16:19:37.094574Z[0m [33m WARN[0m [2mlogger_core[0m[2m:[0m run_with_timeout - request timed out after 50ms
[2m2026-03-16T16:19:37.094576Z[0m [33m WARN[0m [2mglide_rs::jni_client[0m[2m:[0m DIAG cb=1378967 ERROR_CALLBACK: thread=glide-jni-callback-0 error_code=2 msg=timed out    
[2m2026-03-16T16:19:37.094578Z[0m [33m WARN[0m [2mlogger_core[0m[2m:[0m send_command - DIAG TIMEOUT: cmd=DEL(2872400000000000000000000000000000000000...) timeout=50ms
[2m2026-03-16T16:19:37.094592Z[0m [33m WARN[0m [2mglide_rs::jni_client[0m[2m:[0m DIAG cb=1378968 ERROR_CALLBACK: thread=glide-jni-callback-0 error_code=2 msg=timed out    
[2m2026-03-16T16:19:37.094617Z[0m [33m WARN[0m [2mlogger_core[0m[2m:[0m run_with_timeout - request timed out after 50ms
[2m2026-03-16T16:19:37.094621Z[0m [33m WARN[0m [2mlogger_core[0m[2m:[0m send_command - DIAG TIMEOUT: cmd=DEL(4804400000000000000000000000000000000000...) timeout=50ms
[2m2026-03-16T16:19:37.094628Z[0m [33m WARN[0m [2mlogger_core[0m[2m:[0m run_with_timeout - request timed out after 50ms
[2m2026-03-16T16:19:37.094631Z[0m [33m WARN[0m [2mlogger_core[0m[2m:[0m send_command - DIAG TIMEOUT: cmd=DEL(1799900000000000000000000000000000000000...) timeout=50ms
[2m2026-03-16T16:19:37.094632Z[0m [33m WARN[0m [2mglide_rs::jni_client[0m[2m:[0m DIAG cb=1378969 ERROR_CALLBACK: thread=glide-jni-callback-1 error_code=2 msg=timed out    
[2m2026-03-16T16:19:37.094642Z[0m [33m WARN[0m [2mlogger_core[0m[2m:[0m run_with_timeout - request timed out after 50ms
[2m2026-03-16T16:19:37.094645Z[0m [33m WARN[0m [2mglide_rs::jni_client[0m[2m:[0m DIAG cb=1378978 ERROR_CALLBACK: thread=glide-jni-callback-0 error_code=2 msg=timed out    
[2m2026-03-16T16:19:37.094646Z[0m [33m WARN[0m [2mlogger_core[0m[2m:[0m send_command - DIAG TIMEOUT: cmd=DEL(4880300000000000000000000000000000000000...) timeout=50ms
[2m2026-03-16T16:19:37.094661Z[0m [33m WARN[0m [2mglide_rs::jni_client[0m[2m:[0m DIAG cb=1378970 ERROR_CALLBACK: thread=glide-jni-callback-1 error_code=2 msg=timed out    
[2m2026-03-16T16:19:37.094705Z[0m [33m WARN[0m [2mlogger_core[0m[2m:[0m run_with_timeout - request timed out after 50ms
[2m2026-03-16T16:19:37.094709Z[0m [33m WARN[0m [2mlogger_core[0m[2m:[0m send_command - DIAG TIMEOUT: cmd=DEL(4062000000000000000000000000000000000000...) timeout=50ms
[2m2026-03-16T16:19:37.094716Z[0m [33m WARN[0m [2mlogger_core[0m[2m:[0m run_with_timeout - request timed out after 50ms
[2m2026-03-16T16:19:37.094719Z[0m [33m WARN[0m [2mlogger_core[0m[2m:[0m send_command - DIAG TIMEOUT: cmd=DEL(2138500000000000000000000000000000000000...) timeout=50ms
[2m2026-03-16T16:19:37.094721Z[0m [33m WARN[0m [2mglide_rs::jni_client[0m[2m:[0m DIAG cb=1378971 ERROR_CALLBACK: thread=glide-jni-callback-0 error_code=2 msg=timed out    
[2m2026-03-16T16:19:37.094727Z[0m [33m WARN[0m [2mlogger_core[0m[2m:[0m run_with_timeout - request timed out after 50ms
[2m2026-03-16T16:19:37.094727Z[0m [33m WARN[0m [2mglide_rs::jni_client[0m[2m:[0m DIAG cb=1378972 ERROR_CALLBACK: thread=glide-jni-callback-1 error_code=2 msg=timed out    
[2m2026-03-16T16:19:37.094731Z[0m [33m WARN[0m [2mlogger_core[0m[2m:[0m send_command - DIAG TIMEOUT: cmd=DEL(1804500000000000000000000000000000000000...) timeout=50ms
[2m2026-03-16T16:19:37.094737Z[0m [33m WARN[0m [2mglide_rs::jni_client[0m[2m:[0m DIAG cb=1378973 ERROR_CALLBACK: thread=glide-jni-callback-0 error_code=2 msg=timed out    
[2m2026-03-16T16:19:37.094766Z[0m [33m WARN[0m [2mlogger_core[0m[2m:[0m run_with_timeout - request timed out after 50ms
[2m2026-03-16T16:19:37.094769Z[0m [33m WARN[0m [2mlogger_core[0m[2m:[0m send_command - DIAG TIMEOUT: cmd=DEL(4594600000000000000000000000000000000000...) timeout=50ms
[2m2026-03-16T16:19:37.094777Z[0m [33m WARN[0m [2mlogger_core[0m[2m:[0m run_with_timeout - request timed out after 50ms
[2m2026-03-16T16:19:37.094781Z[0m [33m WARN[0m [2mlogger_core[0m[2m:[0m send_command - DIAG TIMEOUT: cmd=DEL(5572600000000000000000000000000000000000...) timeout=50ms
[2m2026-03-16T16:19:37.094781Z[0m [33m WARN[0m [2mglide_rs::jni_client[0m[2m:[0m DIAG cb=1378974 ERROR_CALLBACK: thread=glide-jni-callback-1 error_code=2 msg=timed out    
[2m2026-03-16T16:19:37.094791Z[0m [33m WARN[0m [2mlogger_core[0m[2m:[0m run_with_timeout - request timed out after 50ms
[2m2026-03-16T16:19:37.094792Z[0m [33m WARN[0m [2mglide_rs::jni_client[0m[2m:[0m DIAG cb=1378976 ERROR_CALLBACK: thread=glide-jni-callback-0 error_code=2 msg=timed out    
[2m2026-03-16T16:19:37.094799Z[0m [33m WARN[0m [2mlogger_core[0m[2m:[0m send_command - DIAG TIMEOUT: cmd=DEL(8592000000000000000000000000000000000000...) timeout=50ms
[2m2026-03-16T16:19:37.094810Z[0m [33m WARN[0m [2mglide_rs::jni_client[0m[2m:[0m DIAG cb=1378975 ERROR_CALLBACK: thread=glide-jni-callback-1 error_code=2 msg=timed out    
[2m2026-03-16T16:19:37.095395Z[0m [33m WARN[0m [2mlogger_core[0m[2m:[0m run_with_timeout - request timed out after 50ms
[2m2026-03-16T16:19:37.095400Z[0m [33m WARN[0m [2mlogger_core[0m[2m:[0m send_command - DIAG TIMEOUT: cmd=DEL(5346200000000000000000000000000000000000...) timeout=50ms
[2m2026-03-16T16:19:37.095414Z[0m [33m WARN[0m [2mglide_rs::jni_client[0m[2m:[0m DIAG cb=1378985 ERROR_CALLBACK: thread=glide-jni-callback-0 error_code=2 msg=timed out    
[2m2026-03-16T16:19:37.096049Z[0m [33m WARN[0m [2mlogger_core[0m[2m:[0m run_with_timeout - request timed out after 50ms
[2m2026-03-16T16:19:37.096056Z[0m [33m WARN[0m [2mlogger_core[0m[2m:[0m send_command - DIAG TIMEOUT: cmd=DEL(6879300000000000000000000000000000000000...) timeout=50ms
[2m2026-03-16T16:19:37.096066Z[0m [33m WARN[0m [2mlogger_core[0m[2m:[0m run_with_timeout - request timed out after 50ms
[2m2026-03-16T16:19:37.096070Z[0m [33m WARN[0m [2mlogger_core[0m[2m:[0m send_command - DIAG TIMEOUT: cmd=DEL(3382000000000000000000000000000000000000...) timeout=50ms
[2m2026-03-16T16:19:37.096077Z[0m [33m WARN[0m [2mlogger_core[0m[2m:[0m run_with_timeout - request timed out after 50ms
[2m2026-03-16T16:19:37.096081Z[0m [33m WARN[0m [2mglide_rs::jni_client[0m[2m:[0m DIAG cb=1378979 ERROR_CALLBACK: thread=glide-jni-callback-1 error_code=2 msg=timed out    
[2m2026-03-16T16:19:37.096086Z[0m [33m WARN[0m [2mlogger_core[0m[2m:[0m send_command - DIAG TIMEOUT: cmd=DEL(5428100000000000000000000000000000000000...) timeout=50ms
[2m2026-03-16T16:19:37.096088Z[0m [33m WARN[0m [2mglide_rs::jni_client[0m[2m:[0m DIAG cb=1378980 ERROR_CALLBACK: thread=glide-jni-callback-0 error_code=2 msg=timed out    
[2m2026-03-16T16:19:37.096094Z[0m [33m WARN[0m [2mlogger_core[0m[2m:[0m run_with_timeout - request timed out after 50ms
[2m2026-03-16T16:19:37.096097Z[0m [33m WARN[0m [2mlogger_core[0m[2m:[0m send_command - DIAG TIMEOUT: cmd=DEL(8502300000000000000000000000000000000000...) timeout=50ms
[2m2026-03-16T16:19:37.096104Z[0m [33m WARN[0m [2mlogger_core[0m[2m:[0m run_with_timeout - request timed out after 50ms
[2m2026-03-16T16:19:37.096107Z[0m [33m WARN[0m [2mlogger_core[0m[2m:[0m send_command - DIAG TIMEOUT: cmd=DEL(4570600000000000000000000000000000000000...) timeout=50ms
[2m2026-03-16T16:19:37.096114Z[0m [33m WARN[0m [2mglide_rs::jni_client[0m[2m:[0m DIAG cb=1378983 ERROR_CALLBACK: thread=glide-jni-callback-0 error_code=2 msg=timed out    
[2m2026-03-16T16:19:37.096115Z[0m [33m WARN[0m [2mlogger_core[0m[2m:[0m run_with_timeout - request timed out after 50ms
[2m2026-03-16T16:19:37.096141Z[0m [33m WARN[0m [2mglide_rs::jni_client[0m[2m:[0m DIAG cb=1378982 ERROR_CALLBACK: thread=glide-jni-callback-0 error_code=2 msg=timed out    
[2m2026-03-16T16:19:37.096122Z[0m [33m WARN[0m [2mglide_rs::jni_client[0m[2m:[0m DIAG cb=1378981 ERROR_CALLBACK: thread=glide-jni-callback-1 error_code=2 msg=timed out    
[2m2026-03-16T16:19:37.096155Z[0m [33m WARN[0m [2mlogger_core[0m[2m:[0m send_command - DIAG TIMEOUT: cmd=DEL(3686500000000000000000000000000000000000...) timeout=50ms
[2m2026-03-16T16:19:37.096188Z[0m [33m WARN[0m [2mglide_rs::jni_client[0m[2m:[0m DIAG cb=1378984 ERROR_CALLBACK: thread=glide-jni-callback-0 error_code=2 msg=timed out    
[2m2026-03-16T16:19:37.096668Z[0m [33m WARN[0m [2mlogger_core[0m[2m:[0m run_with_timeout - request timed out after 50ms
[2m2026-03-16T16:19:37.096675Z[0m [33m WARN[0m [2mlogger_core[0m[2m:[0m send_command - DIAG TIMEOUT: cmd=DEL(9741400000000000000000000000000000000000...) timeout=50ms
[2m2026-03-16T16:19:37.096692Z[0m [33m WARN[0m [2mglide_rs::jni_client[0m[2m:[0m DIAG cb=1378987 ERROR_CALLBACK: thread=glide-jni-callback-1 error_code=2 msg=timed out    
[2m2026-03-16T16:19:37.096719Z[0m [33m WARN[0m [2mlogger_core[0m[2m:[0m run_with_timeout - request timed out after 50ms
[2m2026-03-16T16:19:37.096723Z[0m [33m WARN[0m [2mlogger_core[0m[2m:[0m send_command - DIAG TIMEOUT: cmd=DEL(7667600000000000000000000000000000000000...) timeout=50ms
[2m2026-03-16T16:19:37.096733Z[0m [33m WARN[0m [2mlogger_core[0m[2m:[0m run_with_timeout - request timed out after 50ms
[2m2026-03-16T16:19:37.096737Z[0m [33m WARN[0m [2mlogger_core[0m[2m:[0m send_command - DIAG TIMEOUT: cmd=DEL(2849900000000000000000000000000000000000...) timeout=50ms
[2m2026-03-16T16:19:37.096737Z[0m [33m WARN[0m [2mglide_rs::jni_client[0m[2m:[0m DIAG cb=1378986 ERROR_CALLBACK: thread=glide-jni-callback-0 error_code=2 msg=timed out    
[2m2026-03-16T16:19:37.096746Z[0m [33m WARN[0m [2mlogger_core[0m[2m:[0m run_with_timeout - request timed out after 50ms
[2m2026-03-16T16:19:37.096750Z[0m [33m WARN[0m [2mlogger_core[0m[2m:[0m send_command - DIAG TIMEOUT: cmd=DEL(2835900000000000000000000000000000000000...) timeout=50ms
[2m2026-03-16T16:19:37.096750Z[0m [33m WARN[0m [2mglide_rs::jni_client[0m[2m:[0m DIAG cb=1378994 ERROR_CALLBACK: thread=glide-jni-callback-1 error_code=2 msg=timed out    
[2m2026-03-16T16:19:37.096755Z[0m [33m WARN[0m [2mlogger_core[0m[2m:[0m run_with_timeout - request timed out after 50ms
[2m2026-03-16T16:19:37.096758Z[0m [33m WARN[0m [2mlogger_core[0m[2m:[0m send_command - DIAG TIMEOUT: cmd=DEL(3356900000000000000000000000000000000000...) timeout=50ms
[2m2026-03-16T16:19:37.096761Z[0m [33m WARN[0m [2mglide_rs::jni_client[0m[2m:[0m DIAG cb=1378988 ERROR_CALLBACK: thread=glide-jni-callback-0 error_code=2 msg=timed out    
[2m2026-03-16T16:19:37.096769Z[0m [33m WARN[0m [2mglide_rs::jni_client[0m[2m:[0m DIAG cb=1378989 ERROR_CALLBACK: thread=glide-jni-callback-1 error_code=2 msg=timed out    
[2m2026-03-16T16:19:37.096795Z[0m [33m WARN[0m [2mlogger_core[0m[2m:[0m run_with_timeout - request timed out after 50ms
[2m2026-03-16T16:19:37.096799Z[0m [33m WARN[0m [2mlogger_core[0m[2m:[0m send_command - DIAG TIMEOUT: cmd=DEL(8808000000000000000000000000000000000000...) timeout=50ms
[2m2026-03-16T16:19:37.096805Z[0m [33m WARN[0m [2mlogger_core[0m[2m:[0m run_with_timeout - request timed out after 50ms
[2m2026-03-16T16:19:37.096808Z[0m [33m WARN[0m [2mlogger_core[0m[2m:[0m send_command - DIAG TIMEOUT: cmd=DEL(5505500000000000000000000000000000000000...) timeout=50ms
[2m2026-03-16T16:19:37.096813Z[0m [33m WARN[0m [2mlogger_core[0m[2m:[0m run_with_timeout - request timed out after 50ms
[2m2026-03-16T16:19:37.096813Z[0m [33m WARN[0m [2mglide_rs::jni_client[0m[2m:[0m DIAG cb=1378991 ERROR_CALLBACK: thread=glide-jni-callback-0 error_code=2 msg=timed out    
[2m2026-03-16T16:19:37.096816Z[0m [33m WARN[0m [2mlogger_core[0m[2m:[0m send_command - DIAG TIMEOUT: cmd=DEL(9115300000000000000000000000000000000000...) timeout=50ms
[2m2026-03-16T16:19:37.096818Z[0m [33m WARN[0m [2mglide_rs::jni_client[0m[2m:[0m DIAG cb=1378992 ERROR_CALLBACK: thread=glide-jni-callback-1 error_code=2 msg=timed out    
[2m2026-03-16T16:19:37.096834Z[0m [33m WARN[0m [2mglide_rs::jni_client[0m[2m:[0m DIAG cb=1378993 ERROR_CALLBACK: thread=glide-jni-callback-0 error_code=2 msg=timed out    
[2m2026-03-16T16:19:37.097886Z[0m [33m WARN[0m [2mlogger_core[0m[2m:[0m run_with_timeout - request timed out after 50ms
[2m2026-03-16T16:19:37.097893Z[0m [33m WARN[0m [2mlogger_core[0m[2m:[0m send_command - DIAG TIMEOUT: cmd=DEL(5534700000000000000000000000000000000000...) timeout=50ms
[2m2026-03-16T16:19:37.097907Z[0m [33m WARN[0m [2mglide_rs::jni_client[0m[2m:[0m DIAG cb=1378996 ERROR_CALLBACK: thread=glide-jni-callback-1 error_code=2 msg=timed out    
[2m2026-03-16T16:19:37.097923Z[0m [33m WARN[0m [2mlogger_core[0m[2m:[0m run_with_timeout - request timed out after 50ms
[2m2026-03-16T16:19:37.097927Z[0m [33m WARN[0m [2mlogger_core[0m[2m:[0m send_command - DIAG TIMEOUT: cmd=DEL(8198000000000000000000000000000000000000...) timeout=50ms
[2m2026-03-16T16:19:37.097936Z[0m [33m WARN[0m [2mglide_rs::jni_client[0m[2m:[0m DIAG cb=1378995 ERROR_CALLBACK: thread=glide-jni-callback-1 error_code=2 msg=timed out    
[2m2026-03-16T16:19:37.098710Z[0m [33m WARN[0m [2mlogger_core[0m[2m:[0m run_with_timeout - request timed out after 50ms
[2m2026-03-16T16:19:37.098717Z[0m [33m WARN[0m [2mlogger_core[0m[2m:[0m send_command - DIAG TIMEOUT: cmd=DEL(1383400000000000000000000000000000000000...) timeout=50ms
[2m2026-03-16T16:19:37.098724Z[0m [33m WARN[0m [2mlogger_core[0m[2m:[0m run_with_timeout - request timed out after 50ms
[2m2026-03-16T16:19:37.098727Z[0m [33m WARN[0m [2mlogger_core[0m[2m:[0m send_command - DIAG TIMEOUT: cmd=DEL(7596000000000000000000000000000000000000...) timeout=50ms
[2m2026-03-16T16:19:37.098732Z[0m [33m WARN[0m [2mlogger_core[0m[2m:[0m run_with_timeout - request timed out after 50ms
[2m2026-03-16T16:19:37.098734Z[0m [33m WARN[0m [2mglide_rs::jni_client[0m[2m:[0m DIAG cb=1379001 ERROR_CALLBACK: thread=glide-jni-callback-1 error_code=2 msg=timed out    
[2m2026-03-16T16:19:37.098739Z[0m [33m WARN[0m [2mlogger_core[0m[2m:[0m send_command - DIAG TIMEOUT: cmd=DEL(9037000000000000000000000000000000000000...) timeout=50ms
[2m2026-03-16T16:19:37.098742Z[0m [33m WARN[0m [2mglide_rs::jni_client[0m[2m:[0m DIAG cb=1378997 ERROR_CALLBACK: thread=glide-jni-callback-0 error_code=2 msg=timed out    
[2m2026-03-16T16:19:37.098745Z[0m [33m WARN[0m [2mlogger_core[0m[2m:[0m run_with_timeout - request timed out after 50ms
[2m2026-03-16T16:19:37.098748Z[0m [33m WARN[0m [2mlogger_core[0m[2m:[0m send_command - DIAG TIMEOUT: cmd=DEL(9453400000000000000000000000000000000000...) timeout=50ms
[2m2026-03-16T16:19:37.098754Z[0m [33m WARN[0m [2mlogger_core[0m[2m:[0m run_with_timeout - request timed out after 50ms
[2m2026-03-16T16:19:37.098759Z[0m [33m WARN[0m [2mlogger_core[0m[2m:[0m send_command - DIAG TIMEOUT: cmd=DEL(8928900000000000000000000000000000000000...) timeout=50ms
[2m2026-03-16T16:19:37.098761Z[0m [33m WARN[0m [2mglide_rs::jni_client[0m[2m:[0m DIAG cb=1378998 ERROR_CALLBACK: thread=glide-jni-callback-1 error_code=2 msg=timed out    
[2m2026-03-16T16:19:37.098765Z[0m [33m WARN[0m [2mglide_rs::jni_client[0m[2m:[0m DIAG cb=1378999 ERROR_CALLBACK: thread=glide-jni-callback-0 error_code=2 msg=timed out    
[2m2026-03-16T16:19:37.098777Z[0m [33m WARN[0m [2mglide_rs::jni_client[0m[2m:[0m DIAG cb=1379000 ERROR_CALLBACK: thread=glide-jni-callback-1 error_code=2 msg=timed out    
[2m2026-03-16T16:19:37.101366Z[0m [33m WARN[0m [2mlogger_core[0m[2m:[0m run_with_timeout - request timed out after 50ms
[2m2026-03-16T16:19:37.101373Z[0m [33m WARN[0m [2mlogger_core[0m[2m:[0m send_command - DIAG TIMEOUT: cmd=DEL(5356000000000000000000000000000000000000...) timeout=50ms
[2m2026-03-16T16:19:37.101382Z[0m [33m WARN[0m [2mlogger_core[0m[2m:[0m run_with_timeout - request timed out after 50ms
[2m2026-03-16T16:19:37.101385Z[0m [33m WARN[0m [2mlogger_core[0m[2m:[0m send_command - DIAG TIMEOUT: cmd=DEL(8731000000000000000000000000000000000000...) timeout=50ms
[2m2026-03-16T16:19:37.101389Z[0m [33m WARN[0m [2mlogger_core[0m[2m:[0m run_with_timeout - request timed out after 50ms
[2m2026-03-16T16:19:37.101392Z[0m [33m WARN[0m [2mlogger_core[0m[2m:[0m send_command - DIAG TIMEOUT: cmd=DEL(5227500000000000000000000000000000000000...) timeout=50ms
[2m2026-03-16T16:19:37.101397Z[0m [33m WARN[0m [2mlogger_core[0m[2m:[0m run_with_timeout - request timed out after 50ms
[2m2026-03-16T16:19:37.101396Z[0m [33m WARN[0m [2mglide_rs::jni_client[0m[2m:[0m DIAG cb=1379015 ERROR_CALLBACK: thread=glide-jni-callback-0 error_code=2 msg=timed out    
[2m2026-03-16T16:19:37.101401Z[0m [33m WARN[0m [2mlogger_core[0m[2m:[0m send_command - DIAG TIMEOUT: cmd=DEL(6598700000000000000000000000000000000000...) timeout=50ms
[2m2026-03-16T16:19:37.101407Z[0m [33m WARN[0m [2mlogger_core[0m[2m:[0m run_with_timeout - request timed out after 50ms
[2m2026-03-16T16:19:37.101410Z[0m [33m WARN[0m [2mlogger_core[0m[2m:[0m send_command - DIAG TIMEOUT: cmd=DEL(5251300000000000000000000000000000000000...) timeout=50ms
[2m2026-03-16T16:19:37.101408Z[0m [33m WARN[0m [2mglide_rs::jni_client[0m[2m:[0m DIAG cb=1379002 ERROR_CALLBACK: thread=glide-jni-callback-1 error_code=2 msg=timed out    
[2m2026-03-16T16:19:37.101415Z[0m [33m WARN[0m [2mlogger_core[0m[2m:[0m run_with_timeout - request timed out after 50ms
[2m2026-03-16T16:19:37.101418Z[0m [33m WARN[0m [2mlogger_core[0m[2m:[0m send_command - DIAG TIMEOUT: cmd=DEL(4920300000000000000000000000000000000000...) timeout=50ms
[2m2026-03-16T16:19:37.101424Z[0m [33m WARN[0m [2mglide_rs::jni_client[0m[2m:[0m DIAG cb=1379003 ERROR_CALLBACK: thread=glide-jni-callback-0 error_code=2 msg=timed out    
[2m2026-03-16T16:19:37.101424Z[0m [33m WARN[0m [2mlogger_core[0m[2m:[0m run_with_timeout - request timed out after 50ms
[2m2026-03-16T16:19:37.101433Z[0m [33m WARN[0m [2mlogger_core[0m[2m:[0m send_command - DIAG TIMEOUT: cmd=DEL(5754000000000000000000000000000000000000...) timeout=50ms
[2m2026-03-16T16:19:37.101438Z[0m [33m WARN[0m [2mglide_rs::jni_client[0m[2m:[0m DIAG cb=1379004 ERROR_CALLBACK: thread=glide-jni-callback-1 error_code=2 msg=timed out    
[2m2026-03-16T16:19:37.101439Z[0m [33m WARN[0m [2mglide_rs::jni_client[0m[2m:[0m DIAG cb=1379005 ERROR_CALLBACK: thread=glide-jni-callback-0 error_code=2 msg=timed out    
[2m2026-03-16T16:19:37.101440Z[0m [33m WARN[0m [2mlogger_core[0m[2m:[0m run_with_timeout - request timed out after 50ms
[2m2026-03-16T16:19:37.101454Z[0m [33m WARN[0m [2mlogger_core[0m[2m:[0m send_command - DIAG TIMEOUT: cmd=DEL(6452200000000000000000000000000000000000...) timeout=50ms
[2m2026-03-16T16:19:37.101456Z[0m [33m WARN[0m [2mglide_rs::jni_client[0m[2m:[0m DIAG cb=1379006 ERROR_CALLBACK: thread=glide-jni-callback-0 error_code=2 msg=timed out    
[2m2026-03-16T16:19:37.101457Z[0m [33m WARN[0m [2mglide_rs::jni_client[0m[2m:[0m DIAG cb=1379008 ERROR_CALLBACK: thread=glide-jni-callback-1 error_code=2 msg=timed out    
[2m2026-03-16T16:19:37.101459Z[0m [33m WARN[0m [2mlogger_core[0m[2m:[0m run_with_timeout - request timed out after 50ms
[2m2026-03-16T16:19:37.101463Z[0m [33m WARN[0m [2mlogger_core[0m[2m:[0m send_command - DIAG TIMEOUT: cmd=DEL(3478000000000000000000000000000000000000...) timeout=50ms
[2m2026-03-16T16:19:37.101467Z[0m [33m WARN[0m [2mlogger_core[0m[2m:[0m run_with_timeout - request timed out after 50ms
[2m2026-03-16T16:19:37.101470Z[0m [33m WARN[0m [2mlogger_core[0m[2m:[0m send_command - DIAG TIMEOUT: cmd=DEL(9055300000000000000000000000000000000000...) timeout=50ms
[2m2026-03-16T16:19:37.101469Z[0m [33m WARN[0m [2mglide_rs::jni_client[0m[2m:[0m DIAG cb=1379007 ERROR_CALLBACK: thread=glide-jni-callback-0 error_code=2 msg=timed out    
[2m2026-03-16T16:19:37.101472Z[0m [33m WARN[0m [2mglide_rs::jni_client[0m[2m:[0m DIAG cb=1379009 ERROR_CALLBACK: thread=glide-jni-callback-1 error_code=2 msg=timed out    
[2m2026-03-16T16:19:37.101475Z[0m [33m WARN[0m [2mlogger_core[0m[2m:[0m run_with_timeout - request timed out after 50ms
[2m2026-03-16T16:19:37.101477Z[0m [33m WARN[0m [2mlogger_core[0m[2m:[0m send_command - DIAG TIMEOUT: cmd=DEL(7688300000000000000000000000000000000000...) timeout=50ms
[2m2026-03-16T16:19:37.101482Z[0m [33m WARN[0m [2mglide_rs::jni_client[0m[2m:[0m DIAG cb=1379010 ERROR_CALLBACK: thread=glide-jni-callback-0 error_code=2 msg=timed out    
[2m2026-03-16T16:19:37.101483Z[0m [33m WARN[0m [2mlogger_core[0m[2m:[0m run_with_timeout - request timed out after 50ms
[2m2026-03-16T16:19:37.101491Z[0m [33m WARN[0m [2mlogger_core[0m[2m:[0m send_command - DIAG TIMEOUT: cmd=DEL(8925800000000000000000000000000000000000...) timeout=50ms
[2m2026-03-16T16:19:37.101482Z[0m [33m WARN[0m [2mglide_rs::jni_client[0m[2m:[0m DIAG cb=1379012 ERROR_CALLBACK: thread=glide-jni-callback-1 error_code=2 msg=timed out    
[2m2026-03-16T16:19:37.101521Z[0m [33m WARN[0m [2mglide_rs::jni_client[0m[2m:[0m DIAG cb=1379013 ERROR_CALLBACK: thread=glide-jni-callback-0 error_code=2 msg=timed out    
[2m2026-03-16T16:19:37.101563Z[0m [33m WARN[0m [2mlogger_core[0m[2m:[0m run_with_timeout - request timed out after 50ms
[2m2026-03-16T16:19:37.101568Z[0m [33m WARN[0m [2mlogger_core[0m[2m:[0m send_command - DIAG TIMEOUT: cmd=DEL(7554400000000000000000000000000000000000...) timeout=50ms
[2m2026-03-16T16:19:37.101584Z[0m [33m WARN[0m [2mglide_rs::jni_client[0m[2m:[0m DIAG cb=1379014 ERROR_CALLBACK: thread=glide-jni-callback-1 error_code=2 msg=timed out    
[2m2026-03-16T16:19:37.102790Z[0m [33m WARN[0m [2mlogger_core[0m[2m:[0m run_with_timeout - request timed out after 50ms
[2m2026-03-16T16:19:37.102798Z[0m [33m WARN[0m [2mlogger_core[0m[2m:[0m send_command - DIAG TIMEOUT: cmd=DEL(7394300000000000000000000000000000000000...) timeout=50ms
[2m2026-03-16T16:19:37.102815Z[0m [33m WARN[0m [2mglide_rs::jni_client[0m[2m:[0m DIAG cb=1379016 ERROR_CALLBACK: thread=glide-jni-callback-0 error_code=2 msg=timed out    
[2m2026-03-16T16:19:37.144344Z[0m [33m WARN[0m [2mlogger_core[0m[2m:[0m run_with_timeout - request timed out after 50ms
[2m2026-03-16T16:19:37.144359Z[0m [33m WARN[0m [2mlogger_core[0m[2m:[0m send_command - DIAG TIMEOUT: cmd=DEL(1451600000000000000000000000000000000000...) timeout=50ms
[2m2026-03-16T16:19:37.144394Z[0m [33m WARN[0m [2mglide_rs::jni_client[0m[2m:[0m DIAG cb=1379017 ERROR_CALLBACK: thread=glide-jni-callback-0 error_code=2 msg=timed out    
[2m2026-03-16T16:19:37.144786Z[0m [33m WARN[0m [2mlogger_core[0m[2m:[0m run_with_timeout - request timed out after 50ms
[2m2026-03-16T16:19:37.144793Z[0m [33m WARN[0m [2mlogger_core[0m[2m:[0m send_command - DIAG TIMEOUT: cmd=DEL(4730700000000000000000000000000000000000...) timeout=50ms
[2m2026-03-16T16:19:37.144853Z[0m [33m WARN[0m [2mlogger_core[0m[2m:[0m run_with_timeout - request timed out after 50ms
[2m2026-03-16T16:19:37.144863Z[0m [33m WARN[0m [2mglide_rs::jni_client[0m[2m:[0m DIAG cb=1379029 ERROR_CALLBACK: thread=glide-jni-callback-1 error_code=2 msg=timed out    
[2m2026-03-16T16:19:37.144900Z[0m [33m WARN[0m [2mlogger_core[0m[2m:[0m send_command - DIAG TIMEOUT: cmd=DEL(3609100000000000000000000000000000000000...) timeout=50ms
[2m2026-03-16T16:19:37.144912Z[0m [33m WARN[0m [2mlogger_core[0m[2m:[0m run_with_timeout - request timed out after 50ms
[2m2026-03-16T16:19:37.144916Z[0m [33m WARN[0m [2mlogger_core[0m[2m:[0m send_command - DIAG TIMEOUT: cmd=DEL(5110500000000000000000000000000000000000...) timeout=50ms
[2m2026-03-16T16:19:37.144919Z[0m [33m WARN[0m [2mglide_rs::jni_client[0m[2m:[0m DIAG cb=1379018 ERROR_CALLBACK: thread=glide-jni-callback-0 error_code=2 msg=timed out    
[2m2026-03-16T16:19:37.144923Z[0m [33m WARN[0m [2mglide_rs::jni_client[0m[2m:[0m DIAG cb=1379019 ERROR_CALLBACK: thread=glide-jni-callback-1 error_code=2 msg=timed out    
[2m2026-03-16T16:19:37.144922Z[0m [33m WARN[0m [2mlogger_core[0m[2m:[0m run_with_timeout - request timed out after 50ms
[2m2026-03-16T16:19:37.144989Z[0m [33m WARN[0m [2mlogger_core[0m[2m:[0m send_command - DIAG TIMEOUT: cmd=DEL(7069600000000000000000000000000000000000...) timeout=50ms
[2m2026-03-16T16:19:37.145002Z[0m [33m WARN[0m [2mlogger_core[0m[2m:[0m run_with_timeout - request timed out after 50ms
[2m2026-03-16T16:19:37.145005Z[0m [33m WARN[0m [2mglide_rs::jni_client[0m[2m:[0m DIAG cb=1379020 ERROR_CALLBACK: thread=glide-jni-callback-1 error_code=2 msg=timed out    
[2m2026-03-16T16:19:37.145005Z[0m [33m WARN[0m [2mlogger_core[0m[2m:[0m send_command - DIAG TIMEOUT: cmd=DEL(4451000000000000000000000000000000000000...) timeout=50ms
[2m2026-03-16T16:19:37.145020Z[0m [33m WARN[0m [2mlogger_core[0m[2m:[0m run_with_timeout - request timed out after 50ms
[2m2026-03-16T16:19:37.145025Z[0m [33m WARN[0m [2mlogger_core[0m[2m:[0m send_command - DIAG TIMEOUT: cmd=DEL(3616000000000000000000000000000000000000...) timeout=50ms
[2m2026-03-16T16:19:37.145025Z[0m [33m WARN[0m [2mglide_rs::jni_client[0m[2m:[0m DIAG cb=1379021 ERROR_CALLBACK: thread=glide-jni-callback-0 error_code=2 msg=timed out    
[2m2026-03-16T16:19:37.145035Z[0m [33m WARN[0m [2mglide_rs::jni_client[0m[2m:[0m DIAG cb=1379022 ERROR_CALLBACK: thread=glide-jni-callback-1 error_code=2 msg=timed out    
[2m2026-03-16T16:19:37.145119Z[0m [33m WARN[0m [2mlogger_core[0m[2m:[0m run_with_timeout - request timed out after 50ms
[2m2026-03-16T16:19:37.145122Z[0m [33m WARN[0m [2mlogger_core[0m[2m:[0m send_command - DIAG TIMEOUT: cmd=DEL(9250000000000000000000000000000000000000...) timeout=50ms
[2m2026-03-16T16:19:37.145129Z[0m [33m WARN[0m [2mlogger_core[0m[2m:[0m run_with_timeout - request timed out after 50ms
[2m2026-03-16T16:19:37.145132Z[0m [33m WARN[0m [2mlogger_core[0m[2m:[0m send_command - DIAG TIMEOUT: cmd=DEL(8762700000000000000000000000000000000000...) timeout=50ms
[2m2026-03-16T16:19:37.145135Z[0m [33m WARN[0m [2mglide_rs::jni_client[0m[2m:[0m DIAG cb=1379025 ERROR_CALLBACK: thread=glide-jni-callback-0 error_code=2 msg=timed out    
[2m2026-03-16T16:19:37.145137Z[0m [33m WARN[0m [2mlogger_core[0m[2m:[0m run_with_timeout - request timed out after 50ms
[2m2026-03-16T16:19:37.145140Z[0m [33m WARN[0m [2mlogger_core[0m[2m:[0m send_command - DIAG TIMEOUT: cmd=DEL(7771000000000000000000000000000000000000...) timeout=50ms
[2m2026-03-16T16:19:37.145146Z[0m [33m WARN[0m [2mlogger_core[0m[2m:[0m run_with_timeout - request timed out after 50ms
[2m2026-03-16T16:19:37.145148Z[0m [33m WARN[0m [2mlogger_core[0m[2m:[0m send_command - DIAG TIMEOUT: cmd=DEL(7881700000000000000000000000000000000000...) timeout=50ms
[2m2026-03-16T16:19:37.145146Z[0m [33m WARN[0m [2mglide_rs::jni_client[0m[2m:[0m DIAG cb=1379023 ERROR_CALLBACK: thread=glide-jni-callback-1 error_code=2 msg=timed out    
[2m2026-03-16T16:19:37.145150Z[0m [33m WARN[0m [2mglide_rs::jni_client[0m[2m:[0m DIAG cb=1379024 ERROR_CALLBACK: thread=glide-jni-callback-0 error_code=2 msg=timed out    
[2m2026-03-16T16:19:37.145155Z[0m [33m WARN[0m [2mlogger_core[0m[2m:[0m run_with_timeout - request timed out after 50ms
[2m2026-03-16T16:19:37.145158Z[0m [33m WARN[0m [2mlogger_core[0m[2m:[0m send_command - DIAG TIMEOUT: cmd=DEL(2077500000000000000000000000000000000000...) timeout=50ms
[2m2026-03-16T16:19:37.145163Z[0m [33m WARN[0m [2mlogger_core[0m[2m:[0m run_with_timeout - request timed out after 50ms
[2m2026-03-16T16:19:37.145165Z[0m [33m WARN[0m [2mlogger_core[0m[2m:[0m send_command - DIAG TIMEOUT: cmd=DEL(6172800000000000000000000000000000000000...) timeout=50ms
[2m2026-03-16T16:19:37.145165Z[0m [33m WARN[0m [2mglide_rs::jni_client[0m[2m:[0m DIAG cb=1379026 ERROR_CALLBACK: thread=glide-jni-callback-0 error_code=2 msg=timed out    
[2m2026-03-16T16:19:37.145174Z[0m [33m WARN[0m [2mglide_rs::jni_client[0m[2m:[0m DIAG cb=1379027 ERROR_CALLBACK: thread=glide-jni-callback-1 error_code=2 msg=timed out    
[2m2026-03-16T16:19:37.145177Z[0m [33m WARN[0m [2mglide_rs::jni_client[0m[2m:[0m DIAG cb=1379028 ERROR_CALLBACK: thread=glide-jni-callback-0 error_code=2 msg=timed out    
[2m2026-03-16T16:19:37.146358Z[0m [33m WARN[0m [2mlogger_core[0m[2m:[0m run_with_timeout - request timed out after 50ms
[2m2026-03-16T16:19:37.146365Z[0m [33m WARN[0m [2mlogger_core[0m[2m:[0m send_command - DIAG TIMEOUT: cmd=DEL(5680900000000000000000000000000000000000...) timeout=50ms
[2m2026-03-16T16:19:37.146387Z[0m [33m WARN[0m [2mglide_rs::jni_client[0m[2m:[0m DIAG cb=1379039 ERROR_CALLBACK: thread=glide-jni-callback-1 error_code=2 msg=timed out    
[2m2026-03-16T16:19:37.146464Z[0m [33m WARN[0m [2mlogger_core[0m[2m:[0m run_with_timeout - request timed out after 50ms
[2m2026-03-16T16:19:37.146470Z[0m [33m WARN[0m [2mlogger_core[0m[2m:[0m send_command - DIAG TIMEOUT: cmd=DEL(4142100000000000000000000000000000000000...) timeout=50ms
[2m2026-03-16T16:19:37.146477Z[0m [33m WARN[0m [2mlogger_core[0m[2m:[0m run_with_timeout - request timed out after 50ms
[2m2026-03-16T16:19:37.146480Z[0m [33m WARN[0m [2mlogger_core[0m[2m:[0m send_command - DIAG TIMEOUT: cmd=DEL(6251300000000000000000000000000000000000...) timeout=50ms
[2m2026-03-16T16:19:37.146486Z[0m [33m WARN[0m [2mlogger_core[0m[2m:[0m run_with_timeout - request timed out after 50ms
[2m2026-03-16T16:19:37.146489Z[0m [33m WARN[0m [2mlogger_core[0m[2m:[0m send_command - DIAG TIMEOUT: cmd=DEL(3168700000000000000000000000000000000000...) timeout=50ms
[2m2026-03-16T16:19:37.146487Z[0m [33m WARN[0m [2mglide_rs::jni_client[0m[2m:[0m DIAG cb=1379030 ERROR_CALLBACK: thread=glide-jni-callback-0 error_code=2 msg=timed out    
[2m2026-03-16T16:19:37.146514Z[0m [33m WARN[0m [2mglide_rs::jni_client[0m[2m:[0m DIAG cb=1379031 ERROR_CALLBACK: thread=glide-jni-callback-1 error_code=2 msg=timed out    
[2m2026-03-16T16:19:37.146533Z[0m [33m WARN[0m [2mlogger_core[0m[2m:[0m run_with_timeout - request timed out after 50ms
[2m2026-03-16T16:19:37.146537Z[0m [33m WARN[0m [2mlogger_core[0m[2m:[0m send_command - DIAG TIMEOUT: cmd=DEL(4464300000000000000000000000000000000000...) timeout=50ms
[2m2026-03-16T16:19:37.146541Z[0m [33m WARN[0m [2mglide_rs::jni_client[0m[2m:[0m DIAG cb=1379032 ERROR_CALLBACK: thread=glide-jni-callback-0 error_code=2 msg=timed out    
[2m2026-03-16T16:19:37.146543Z[0m [33m WARN[0m [2mlogger_core[0m[2m:[0m run_with_timeout - request timed out after 50ms
[2m2026-03-16T16:19:37.146547Z[0m [33m WARN[0m [2mglide_rs::jni_client[0m[2m:[0m DIAG cb=1379033 ERROR_CALLBACK: thread=glide-jni-callback-1 error_code=2 msg=timed out    
[2m2026-03-16T16:19:37.146548Z[0m [33m WARN[0m [2mlogger_core[0m[2m:[0m send_command - DIAG TIMEOUT: cmd=DEL(5270100000000000000000000000000000000000...) timeout=50ms
[2m2026-03-16T16:19:37.146559Z[0m [33m WARN[0m [2mglide_rs::jni_client[0m[2m:[0m DIAG cb=1379034 ERROR_CALLBACK: thread=glide-jni-callback-0 error_code=2 msg=timed out    
[2m2026-03-16T16:19:37.146581Z[0m [33m WARN[0m [2mlogger_core[0m[2m:[0m run_with_timeout - request timed out after 50ms
[2m2026-03-16T16:19:37.146584Z[0m [33m WARN[0m [2mlogger_core[0m[2m:[0m send_command - DIAG TIMEOUT: cmd=DEL(9239000000000000000000000000000000000000...) timeout=50ms
[2m2026-03-16T16:19:37.146591Z[0m [33m WARN[0m [2mlogger_core[0m[2m:[0m run_with_timeout - request timed out after 50ms
[2m2026-03-16T16:19:37.146594Z[0m [33m WARN[0m [2mlogger_core[0m[2m:[0m send_command - DIAG TIMEOUT: cmd=DEL(9354800000000000000000000000000000000000...) timeout=50ms
[2m2026-03-16T16:19:37.146602Z[0m [33m WARN[0m [2mglide_rs::jni_client[0m[2m:[0m DIAG cb=1379035 ERROR_CALLBACK: thread=glide-jni-callback-1 error_code=2 msg=timed out    
[2m2026-03-16T16:19:37.146605Z[0m [33m WARN[0m [2mglide_rs::jni_client[0m[2m:[0m DIAG cb=1379036 ERROR_CALLBACK: thread=glide-jni-callback-0 error_code=2 msg=timed out    
[2m2026-03-16T16:19:37.146623Z[0m [33m WARN[0m [2mlogger_core[0m[2m:[0m run_with_timeout - request timed out after 50ms
[2m2026-03-16T16:19:37.146627Z[0m [33m WARN[0m [2mlogger_core[0m[2m:[0m send_command - DIAG TIMEOUT: cmd=DEL(8303000000000000000000000000000000000000...) timeout=50ms
[2m2026-03-16T16:19:37.146633Z[0m [33m WARN[0m [2mlogger_core[0m[2m:[0m run_with_timeout - request timed out after 50ms
[2m2026-03-16T16:19:37.146636Z[0m [33m WARN[0m [2mglide_rs::jni_client[0m[2m:[0m DIAG cb=1379037 ERROR_CALLBACK: thread=glide-jni-callback-0 error_code=2 msg=timed out    
[2m2026-03-16T16:19:37.146636Z[0m [33m WARN[0m [2mlogger_core[0m[2m:[0m send_command - DIAG TIMEOUT: cmd=DEL(4727000000000000000000000000000000000000...) timeout=50ms
[2m2026-03-16T16:19:37.146653Z[0m [33m WARN[0m [2mglide_rs::jni_client[0m[2m:[0m DIAG cb=1379038 ERROR_CALLBACK: thread=glide-jni-callback-1 error_code=2 msg=timed out    
[2m2026-03-16T16:19:37.146733Z[0m [33m WARN[0m [2mlogger_core[0m[2m:[0m run_with_timeout - request timed out after 50ms
[2m2026-03-16T16:19:37.146738Z[0m [33m WARN[0m [2mlogger_core[0m[2m:[0m send_command - DIAG TIMEOUT: cmd=DEL(4101400000000000000000000000000000000000...) timeout=50ms
[2m2026-03-16T16:19:37.146749Z[0m [33m WARN[0m [2mglide_rs::jni_client[0m[2m:[0m DIAG cb=1379046 ERROR_CALLBACK: thread=glide-jni-callback-0 error_code=2 msg=timed out    
[2m2026-03-16T16:19:37.147144Z[0m [33m WARN[0m [2mlogger_core[0m[2m:[0m run_with_timeout - request timed out after 50ms
[2m2026-03-16T16:19:37.147151Z[0m [33m WARN[0m [2mlogger_core[0m[2m:[0m send_command - DIAG TIMEOUT: cmd=DEL(7178300000000000000000000000000000000000...) timeout=50ms
[2m2026-03-16T16:19:37.147170Z[0m [33m WARN[0m [2mglide_rs::jni_client[0m[2m:[0m DIAG cb=1379040 ERROR_CALLBACK: thread=glide-jni-callback-1 error_code=2 msg=timed out    
[2m2026-03-16T16:19:37.147240Z[0m [33m WARN[0m [2mlogger_core[0m[2m:[0m run_with_timeout - request timed out after 50ms
[2m2026-03-16T16:19:37.147247Z[0m [33m WARN[0m [2mlogger_core[0m[2m:[0m send_command - DIAG TIMEOUT: cmd=DEL(5530500000000000000000000000000000000000...) timeout=50ms
[2m2026-03-16T16:19:37.147256Z[0m [33m WARN[0m [2mlogger_core[0m[2m:[0m run_with_timeout - request timed out after 50ms
[2m2026-03-16T16:19:37.147260Z[0m [33m WARN[0m [2mlogger_core[0m[2m:[0m send_command - DIAG TIMEOUT: cmd=DEL(1572300000000000000000000000000000000000...) timeout=50ms
[2m2026-03-16T16:19:37.147265Z[0m [33m WARN[0m [2mglide_rs::jni_client[0m[2m:[0m DIAG cb=1379041 ERROR_CALLBACK: thread=glide-jni-callback-0 error_code=2 msg=timed out    
[2m2026-03-16T16:19:37.147275Z[0m [33m WARN[0m [2mglide_rs::jni_client[0m[2m:[0m DIAG cb=1379042 ERROR_CALLBACK: thread=glide-jni-callback-1 error_code=2 msg=timed out    
[2m2026-03-16T16:19:37.147296Z[0m [33m WARN[0m [2mlogger_core[0m[2m:[0m run_with_timeout - request timed out after 50ms
[2m2026-03-16T16:19:37.147300Z[0m [33m WARN[0m [2mlogger_core[0m[2m:[0m send_command - DIAG TIMEOUT: cmd=DEL(9189000000000000000000000000000000000000...) timeout=50ms
[2m2026-03-16T16:19:37.147311Z[0m [33m WARN[0m [2mlogger_core[0m[2m:[0m run_with_timeout - request timed out after 50ms
[2m2026-03-16T16:19:37.147316Z[0m [33m WARN[0m [2mlogger_core[0m[2m:[0m send_command - DIAG TIMEOUT: cmd=DEL(7880500000000000000000000000000000000000...) timeout=50ms
[2m2026-03-16T16:19:37.147320Z[0m [33m WARN[0m [2mglide_rs::jni_client[0m[2m:[0m DIAG cb=1379043 ERROR_CALLBACK: thread=glide-jni-callback-0 error_code=2 msg=timed out    
[2m2026-03-16T16:19:37.147332Z[0m [33m WARN[0m [2mglide_rs::jni_client[0m[2m:[0m DIAG cb=1379044 ERROR_CALLBACK: thread=glide-jni-callback-1 error_code=2 msg=timed out    
[2m2026-03-16T16:19:37.147346Z[0m [33m WARN[0m [2mlogger_core[0m[2m:[0m run_with_timeout - request timed out after 50ms
[2m2026-03-16T16:19:37.147349Z[0m [33m WARN[0m [2mlogger_core[0m[2m:[0m send_command - DIAG TIMEOUT: cmd=DEL(9335000000000000000000000000000000000000...) timeout=50ms
[2m2026-03-16T16:19:37.147355Z[0m [33m WARN[0m [2mlogger_core[0m[2m:[0m run_with_timeout - request timed out after 50ms
[2m2026-03-16T16:19:37.147358Z[0m [33m WARN[0m [2mlogger_core[0m[2m:[0m send_command - DIAG TIMEOUT: cmd=DEL(1069200000000000000000000000000000000000...) timeout=50ms
[2m2026-03-16T16:19:37.147359Z[0m [33m WARN[0m [2mglide_rs::jni_client[0m[2m:[0m DIAG cb=1379047 ERROR_CALLBACK: thread=glide-jni-callback-0 error_code=2 msg=timed out    
[2m2026-03-16T16:19:37.147373Z[0m [33m WARN[0m [2mglide_rs::jni_client[0m[2m:[0m DIAG cb=1379045 ERROR_CALLBACK: thread=glide-jni-callback-1 error_code=2 msg=timed out    
[2m2026-03-16T16:19:37.148956Z[0m [33m WARN[0m [2mlogger_core[0m[2m:[0m run_with_timeout - request timed out after 50ms
[2m2026-03-16T16:19:37.148963Z[0m [33m WARN[0m [2mlogger_core[0m[2m:[0m send_command - DIAG TIMEOUT: cmd=DEL(8660600000000000000000000000000000000000...) timeout=50ms
[2m2026-03-16T16:19:37.148983Z[0m [33m WARN[0m [2mglide_rs::jni_client[0m[2m:[0m DIAG cb=1379058 ERROR_CALLBACK: thread=glide-jni-callback-0 error_code=2 msg=timed out    
[2m2026-03-16T16:19:37.149040Z[0m [33m WARN[0m [2mlogger_core[0m[2m:[0m run_with_timeout - request timed out after 50ms
[2m2026-03-16T16:19:37.149044Z[0m [33m WARN[0m [2mlogger_core[0m[2m:[0m send_command - DIAG TIMEOUT: cmd=DEL(7191600000000000000000000000000000000000...) timeout=50ms
[2m2026-03-16T16:19:37.149052Z[0m [33m WARN[0m [2mlogger_core[0m[2m:[0m run_with_timeout - request timed out after 50ms
[2m2026-03-16T16:19:37.149055Z[0m [33m WARN[0m [2mlogger_core[0m[2m:[0m send_command - DIAG TIMEOUT: cmd=DEL(6665600000000000000000000000000000000000...) timeout=50ms
[2m2026-03-16T16:19:37.149056Z[0m [33m WARN[0m [2mglide_rs::jni_client[0m[2m:[0m DIAG cb=1379048 ERROR_CALLBACK: thread=glide-jni-callback-0 error_code=2 msg=timed out    
[2m2026-03-16T16:19:37.149061Z[0m [33m WARN[0m [2mlogger_core[0m[2m:[0m run_with_timeout - request timed out after 50ms
[2m2026-03-16T16:19:37.149064Z[0m [33m WARN[0m [2mlogger_core[0m[2m:[0m send_command - DIAG TIMEOUT: cmd=DEL(6155300000000000000000000000000000000000...) timeout=50ms
[2m2026-03-16T16:19:37.149075Z[0m [33m WARN[0m [2mglide_rs::jni_client[0m[2m:[0m DIAG cb=1379050 ERROR_CALLBACK: thread=glide-jni-callback-0 error_code=2 msg=timed out    
[2m2026-03-16T16:19:37.149074Z[0m [33m WARN[0m [2mglide_rs::jni_client[0m[2m:[0m DIAG cb=1379049 ERROR_CALLBACK: thread=glide-jni-callback-1 error_code=2 msg=timed out    
[2m2026-03-16T16:19:37.149096Z[0m [33m WARN[0m [2mlogger_core[0m[2m:[0m run_with_timeout - request timed out after 50ms
[2m2026-03-16T16:19:37.149100Z[0m [33m WARN[0m [2mlogger_core[0m[2m:[0m send_command - DIAG TIMEOUT: cmd=DEL(8195100000000000000000000000000000000000...) timeout=50ms
[2m2026-03-16T16:19:37.149106Z[0m [33m WARN[0m [2mlogger_core[0m[2m:[0m run_with_timeout - request timed out after 50ms
[2m2026-03-16T16:19:37.149109Z[0m [33m WARN[0m [2mlogger_core[0m[2m:[0m send_command - DIAG TIMEOUT: cmd=DEL(7783800000000000000000000000000000000000...) timeout=50ms
[2m2026-03-16T16:19:37.149112Z[0m [33m WARN[0m [2mglide_rs::jni_client[0m[2m:[0m DIAG cb=1379051 ERROR_CALLBACK: thread=glide-jni-callback-0 error_code=2 msg=timed out    
[2m2026-03-16T16:19:37.149117Z[0m [33m WARN[0m [2mglide_rs::jni_client[0m[2m:[0m DIAG cb=1379052 ERROR_CALLBACK: thread=glide-jni-callback-1 error_code=2 msg=timed out    
[2m2026-03-16T16:19:37.149169Z[0m [33m WARN[0m [2mlogger_core[0m[2m:[0m run_with_timeout - request timed out after 50ms
[2m2026-03-16T16:19:37.149174Z[0m [33m WARN[0m [2mlogger_core[0m[2m:[0m send_command - DIAG TIMEOUT: cmd=DEL(3217400000000000000000000000000000000000...) timeout=50ms
[2m2026-03-16T16:19:37.149185Z[0m [33m WARN[0m [2mlogger_core[0m[2m:[0m run_with_timeout - request timed out after 50ms
[2m2026-03-16T16:19:37.149189Z[0m [33m WARN[0m [2mlogger_core[0m[2m:[0m send_command - DIAG TIMEOUT: cmd=DEL(1050400000000000000000000000000000000000...) timeout=50ms
[2m2026-03-16T16:19:37.149196Z[0m [33m WARN[0m [2mglide_rs::jni_client[0m[2m:[0m DIAG cb=1379053 ERROR_CALLBACK: thread=glide-jni-callback-0 error_code=2 msg=timed out    
[2m2026-03-16T16:19:37.149198Z[0m [33m WARN[0m [2mglide_rs::jni_client[0m[2m:[0m DIAG cb=1379055 ERROR_CALLBACK: thread=glide-jni-callback-1 error_code=2 msg=timed out    
[2m2026-03-16T16:19:37.149225Z[0m [33m WARN[0m [2mlogger_core[0m[2m:[0m run_with_timeout - request timed out after 50ms
[2m2026-03-16T16:19:37.149229Z[0m [33m WARN[0m [2mlogger_core[0m[2m:[0m send_command - DIAG TIMEOUT: cmd=DEL(3481300000000000000000000000000000000000...) timeout=50ms
[2m2026-03-16T16:19:37.149236Z[0m [33m WARN[0m [2mlogger_core[0m[2m:[0m run_with_timeout - request timed out after 50ms
[2m2026-03-16T16:19:37.149239Z[0m [33m WARN[0m [2mlogger_core[0m[2m:[0m send_command - DIAG TIMEOUT: cmd=DEL(7716000000000000000000000000000000000000...) timeout=50ms
[2m2026-03-16T16:19:37.149242Z[0m [33m WARN[0m [2mglide_rs::jni_client[0m[2m:[0m DIAG cb=1379056 ERROR_CALLBACK: thread=glide-jni-callback-0 error_code=2 msg=timed out    
[2m2026-03-16T16:19:37.149249Z[0m [33m WARN[0m [2mglide_rs::jni_client[0m[2m:[0m DIAG cb=1379057 ERROR_CALLBACK: thread=glide-jni-callback-1 error_code=2 msg=timed out    
[2m2026-03-16T16:19:37.150063Z[0m [33m WARN[0m [2mlogger_core[0m[2m:[0m run_with_timeout - request timed out after 50ms
[2m2026-03-16T16:19:37.150069Z[0m [33m WARN[0m [2mlogger_core[0m[2m:[0m send_command - DIAG TIMEOUT: cmd=DEL(8326800000000000000000000000000000000000...) timeout=50ms
[2m2026-03-16T16:19:37.150085Z[0m [33m WARN[0m [2mglide_rs::jni_client[0m[2m:[0m DIAG cb=1379063 ERROR_CALLBACK: thread=glide-jni-callback-0 error_code=2 msg=timed out    
[2m2026-03-16T16:19:37.150155Z[0m [33m WARN[0m [2mlogger_core[0m[2m:[0m run_with_timeout - request timed out after 50ms
[2m2026-03-16T16:19:37.150160Z[0m [33m WARN[0m [2mlogger_core[0m[2m:[0m send_command - DIAG TIMEOUT: cmd=DEL(1677900000000000000000000000000000000000...) timeout=50ms
[2m2026-03-16T16:19:37.150169Z[0m [33m WARN[0m [2mlogger_core[0m[2m:[0m run_with_timeout - request timed out after 50ms
[2m2026-03-16T16:19:37.150172Z[0m [33m WARN[0m [2mlogger_core[0m[2m:[0m send_command - DIAG TIMEOUT: cmd=DEL(2291000000000000000000000000000000000000...) timeout=50ms
[2m2026-03-16T16:19:37.150178Z[0m [33m WARN[0m [2mlogger_core[0m[2m:[0m run_with_timeout - request timed out after 50ms
[2m2026-03-16T16:19:37.150181Z[0m [33m WARN[0m [2mlogger_core[0m[2m:[0m send_command - DIAG TIMEOUT: cmd=DEL(2022000000000000000000000000000000000000...) timeout=50ms
[2m2026-03-16T16:19:37.150179Z[0m [33m WARN[0m [2mglide_rs::jni_client[0m[2m:[0m DIAG cb=1379059 ERROR_CALLBACK: thread=glide-jni-callback-1 error_code=2 msg=timed out    
[2m2026-03-16T16:19:37.150186Z[0m [33m WARN[0m [2mglide_rs::jni_client[0m[2m:[0m DIAG cb=1379060 ERROR_CALLBACK: thread=glide-jni-callback-0 error_code=2 msg=timed out    
[2m2026-03-16T16:19:37.150207Z[0m [33m WARN[0m [2mglide_rs::jni_client[0m[2m:[0m DIAG cb=1379061 ERROR_CALLBACK: thread=glide-jni-callback-1 error_code=2 msg=timed out    
[2m2026-03-16T16:19:37.150212Z[0m [33m WARN[0m [2mlogger_core[0m[2m:[0m run_with_timeout - request timed out after 50ms
[2m2026-03-16T16:19:37.150215Z[0m [33m WARN[0m [2mlogger_core[0m[2m:[0m send_command - DIAG TIMEOUT: cmd=DEL(1432100000000000000000000000000000000000...) timeout=50ms
[2m2026-03-16T16:19:37.150243Z[0m [33m WARN[0m [2mglide_rs::jni_client[0m[2m:[0m DIAG cb=1379062 ERROR_CALLBACK: thread=glide-jni-callback-0 error_code=2 msg=timed out    
[2m2026-03-16T16:19:37.152411Z[0m [33m WARN[0m [2mlogger_core[0m[2m:[0m run_with_timeout - request timed out after 50ms
[2m2026-03-16T16:19:37.152419Z[0m [33m WARN[0m [2mlogger_core[0m[2m:[0m send_command - DIAG TIMEOUT: cmd=DEL(5876000000000000000000000000000000000000...) timeout=50ms
[2m2026-03-16T16:19:37.152433Z[0m [33m WARN[0m [2mlogger_core[0m[2m:[0m run_with_timeout - request timed out after 50ms
[2m2026-03-16T16:19:37.152437Z[0m [33m WARN[0m [2mlogger_core[0m[2m:[0m send_command - DIAG TIMEOUT: cmd=DEL(3225700000000000000000000000000000000000...) timeout=50ms
[2m2026-03-16T16:19:37.152442Z[0m [33m WARN[0m [2mlogger_core[0m[2m:[0m run_with_timeout - request timed out after 50ms
[2m2026-03-16T16:19:37.152444Z[0m [33m WARN[0m [2mglide_rs::jni_client[0m[2m:[0m DIAG cb=1379066 ERROR_CALLBACK: thread=glide-jni-callback-1 error_code=2 msg=timed out    
[2m2026-03-16T16:19:37.152448Z[0m [33m WARN[0m [2mlogger_core[0m[2m:[0m send_command - DIAG TIMEOUT: cmd=DEL(8818900000000000000000000000000000000000...) timeout=50ms
[2m2026-03-16T16:19:37.152454Z[0m [33m WARN[0m [2mglide_rs::jni_client[0m[2m:[0m DIAG cb=1379065 ERROR_CALLBACK: thread=glide-jni-callback-0 error_code=2 msg=timed out    
[2m2026-03-16T16:19:37.152470Z[0m [33m WARN[0m [2mglide_rs::jni_client[0m[2m:[0m DIAG cb=1379064 ERROR_CALLBACK: thread=glide-jni-callback-1 error_code=2 msg=timed out    
[2m2026-03-16T16:19:37.152802Z[0m [33m WARN[0m [2mlogger_core[0m[2m:[0m run_with_timeout - request timed out after 50ms
[2m2026-03-16T16:19:37.152809Z[0m [33m WARN[0m [2mlogger_core[0m[2m:[0m send_command - DIAG TIMEOUT: cmd=DEL(3612300000000000000000000000000000000000...) timeout=50ms
[2m2026-03-16T16:19:37.152825Z[0m [33m WARN[0m [2mlogger_core[0m[2m:[0m run_with_timeout - request timed out after 50ms
[2m2026-03-16T16:19:37.152829Z[0m [33m WARN[0m [2mlogger_core[0m[2m:[0m send_command - DIAG TIMEOUT: cmd=DEL(6554000000000000000000000000000000000000...) timeout=50ms
[2m2026-03-16T16:19:37.152832Z[0m [33m WARN[0m [2mglide_rs::jni_client[0m[2m:[0m DIAG cb=1379073 ERROR_CALLBACK: thread=glide-jni-callback-1 error_code=2 msg=timed out    
[2m2026-03-16T16:19:37.152837Z[0m [33m WARN[0m [2mlogger_core[0m[2m:[0m run_with_timeout - request timed out after 50ms
[2m2026-03-16T16:19:37.152842Z[0m [33m WARN[0m [2mlogger_core[0m[2m:[0m send_command - DIAG TIMEOUT: cmd=DEL(6163000000000000000000000000000000000000...) timeout=50ms
[2m2026-03-16T16:19:37.152841Z[0m [33m WARN[0m [2mglide_rs::jni_client[0m[2m:[0m DIAG cb=1379074 ERROR_CALLBACK: thread=glide-jni-callback-0 error_code=2 msg=timed out    
[2m2026-03-16T16:19:37.152850Z[0m [33m WARN[0m [2mlogger_core[0m[2m:[0m run_with_timeout - request timed out after 50ms
[2m2026-03-16T16:19:37.152855Z[0m [33m WARN[0m [2mlogger_core[0m[2m:[0m send_command - DIAG TIMEOUT: cmd=DEL(6890900000000000000000000000000000000000...) timeout=50ms
[2m2026-03-16T16:19:37.152857Z[0m [33m WARN[0m [2mglide_rs::jni_client[0m[2m:[0m DIAG cb=1379068 ERROR_CALLBACK: thread=glide-jni-callback-1 error_code=2 msg=timed out    
[2m2026-03-16T16:19:37.152863Z[0m [33m WARN[0m [2mlogger_core[0m[2m:[0m run_with_timeout - request timed out after 50ms
[2m2026-03-16T16:19:37.152869Z[0m [33m WARN[0m [2mlogger_core[0m[2m:[0m send_command - DIAG TIMEOUT: cmd=DEL(9847400000000000000000000000000000000000...) timeout=50ms
[2m2026-03-16T16:19:37.152873Z[0m [33m WARN[0m [2mglide_rs::jni_client[0m[2m:[0m DIAG cb=1379069 ERROR_CALLBACK: thread=glide-jni-callback-0 error_code=2 msg=timed out    
[2m2026-03-16T16:19:37.152881Z[0m [33m WARN[0m [2mlogger_core[0m[2m:[0m run_with_timeout - request timed out after 50ms
[2m2026-03-16T16:19:37.152882Z[0m [33m WARN[0m [2mglide_rs::jni_client[0m[2m:[0m DIAG cb=1379075 ERROR_CALLBACK: thread=glide-jni-callback-1 error_code=2 msg=timed out    
[2m2026-03-16T16:19:37.152884Z[0m [33m WARN[0m [2mlogger_core[0m[2m:[0m send_command - DIAG TIMEOUT: cmd=DEL(2793800000000000000000000000000000000000...) timeout=50ms
[2m2026-03-16T16:19:37.152890Z[0m [33m WARN[0m [2mlogger_core[0m[2m:[0m run_with_timeout - request timed out after 50ms
[2m2026-03-16T16:19:37.152891Z[0m [33m WARN[0m [2mglide_rs::jni_client[0m[2m:[0m DIAG cb=1379070 ERROR_CALLBACK: thread=glide-jni-callback-0 error_code=2 msg=timed out    
[2m2026-03-16T16:19:37.152892Z[0m [33m WARN[0m [2mlogger_core[0m[2m:[0m send_command - DIAG TIMEOUT: cmd=DEL(7171200000000000000000000000000000000000...) timeout=50ms
[2m2026-03-16T16:19:37.152904Z[0m [33m WARN[0m [2mlogger_core[0m[2m:[0m run_with_timeout - request timed out after 50ms
[2m2026-03-16T16:19:37.152907Z[0m [33m WARN[0m [2mlogger_core[0m[2m:[0m send_command - DIAG TIMEOUT: cmd=DEL(8379000000000000000000000000000000000000...) timeout=50ms
[2m2026-03-16T16:19:37.152908Z[0m [33m WARN[0m [2mglide_rs::jni_client[0m[2m:[0m DIAG cb=1379072 ERROR_CALLBACK: thread=glide-jni-callback-1 error_code=2 msg=timed out    
[2m2026-03-16T16:19:37.152919Z[0m [33m WARN[0m [2mglide_rs::jni_client[0m[2m:[0m DIAG cb=1379071 ERROR_CALLBACK: thread=glide-jni-callback-0 error_code=2 msg=timed out    
[2m2026-03-16T16:19:37.152997Z[0m [33m WARN[0m [2mlogger_core[0m[2m:[0m run_with_timeout - request timed out after 50ms
[2m2026-03-16T16:19:37.153004Z[0m [33m WARN[0m [2mlogger_core[0m[2m:[0m send_command - DIAG TIMEOUT: cmd=DEL(2724400000000000000000000000000000000000...) timeout=50ms
[2m2026-03-16T16:19:37.153026Z[0m [33m WARN[0m [2mglide_rs::jni_client[0m[2m:[0m DIAG cb=1379076 ERROR_CALLBACK: thread=glide-jni-callback-1 error_code=2 msg=timed out    
[2m2026-03-16T16:19:37.154978Z[0m [33m WARN[0m [2mlogger_core[0m[2m:[0m run_with_timeout - request timed out after 50ms
[2m2026-03-16T16:19:37.155021Z[0m [33m WARN[0m [2mlogger_core[0m[2m:[0m send_command - DIAG TIMEOUT: cmd=DEL(3354600000000000000000000000000000000000...) timeout=50ms
[2m2026-03-16T16:19:37.155054Z[0m [33m WARN[0m [2mglide_rs::jni_client[0m[2m:[0m DIAG cb=1379078 ERROR_CALLBACK: thread=glide-jni-callback-0 error_code=2 msg=timed out    
[2m2026-03-16T16:19:37.155130Z[0m [33m WARN[0m [2mlogger_core[0m[2m:[0m run_with_timeout - request timed out after 50ms
[2m2026-03-16T16:19:37.155136Z[0m [33m WARN[0m [2mlogger_core[0m[2m:[0m send_command - DIAG TIMEOUT: cmd=DEL(7542100000000000000000000000000000000000...) timeout=50ms
[2m2026-03-16T16:19:37.155155Z[0m [33m WARN[0m [2mglide_rs::jni_client[0m[2m:[0m DIAG cb=1379077 ERROR_CALLBACK: thread=glide-jni-callback-1 error_code=2 msg=timed out    
[2m2026-03-16T16:19:37.195640Z[0m [33m WARN[0m [2mlogger_core[0m[2m:[0m run_with_timeout - request timed out after 50ms
[2m2026-03-16T16:19:37.195652Z[0m [33m WARN[0m [2mlogger_core[0m[2m:[0m send_command - DIAG TIMEOUT: cmd=DEL(2057000000000000000000000000000000000000...) timeout=50ms
[2m2026-03-16T16:19:37.195681Z[0m [33m WARN[0m [2mglide_rs::jni_client[0m[2m:[0m DIAG cb=1379079 ERROR_CALLBACK: thread=glide-jni-callback-0 error_code=2 msg=timed out    
[2m2026-03-16T16:19:37.195910Z[0m [33m WARN[0m [2mlogger_core[0m[2m:[0m run_with_timeout - request timed out after 50ms
[2m2026-03-16T16:19:37.195917Z[0m [33m WARN[0m [2mlogger_core[0m[2m:[0m send_command - DIAG TIMEOUT: cmd=DEL(7384700000000000000000000000000000000000...) timeout=50ms
[2m2026-03-16T16:19:37.195926Z[0m [33m WARN[0m [2mlogger_core[0m[2m:[0m run_with_timeout - request timed out after 50ms
[2m2026-03-16T16:19:37.195929Z[0m [33m WARN[0m [2mlogger_core[0m[2m:[0m send_command - DIAG TIMEOUT: cmd=DEL(8456700000000000000000000000000000000000...) timeout=50ms
[2m2026-03-16T16:19:37.195934Z[0m [33m WARN[0m [2mlogger_core[0m[2m:[0m run_with_timeout - request timed out after 50ms
[2m2026-03-16T16:19:37.195938Z[0m [33m WARN[0m [2mlogger_core[0m[2m:[0m send_command - DIAG TIMEOUT: cmd=DEL(3518800000000000000000000000000000000000...) timeout=50ms
[2m2026-03-16T16:19:37.195938Z[0m [33m WARN[0m [2mglide_rs::jni_client[0m[2m:[0m DIAG cb=1379080 ERROR_CALLBACK: thread=glide-jni-callback-1 error_code=2 msg=timed out    
[2m2026-03-16T16:19:37.195943Z[0m [33m WARN[0m [2mlogger_core[0m[2m:[0m run_with_timeout - request timed out after 50ms
[2m2026-03-16T16:19:37.195943Z[0m [33m WARN[0m [2mglide_rs::jni_client[0m[2m:[0m DIAG cb=1379081 ERROR_CALLBACK: thread=glide-jni-callback-0 error_code=2 msg=timed out    
[2m2026-03-16T16:19:37.195947Z[0m [33m WARN[0m [2mlogger_core[0m[2m:[0m send_command - DIAG TIMEOUT: cmd=DEL(1610000000000000000000000000000000000000...) timeout=50ms
[2m2026-03-16T16:19:37.195954Z[0m [33m WARN[0m [2mlogger_core[0m[2m:[0m run_with_timeout - request timed out after 50ms
[2m2026-03-16T16:19:37.195957Z[0m [33m WARN[0m [2mlogger_core[0m[2m:[0m send_command - DIAG TIMEOUT: cmd=DEL(9007600000000000000000000000000000000000...) timeout=50ms
[2m2026-03-16T16:19:37.195965Z[0m [33m WARN[0m [2mlogger_core[0m[2m:[0m run_with_timeout - request timed out after 50ms
[2m2026-03-16T16:19:37.195969Z[0m [33m WARN[0m [2mglide_rs::jni_client[0m[2m:[0m DIAG cb=1379082 ERROR_CALLBACK: thread=glide-jni-callback-0 error_code=2 msg=timed out    
[2m2026-03-16T16:19:37.195972Z[0m [33m WARN[0m [2mlogger_core[0m[2m:[0m send_command - DIAG TIMEOUT: cmd=DEL(7174900000000000000000000000000000000000...) timeout=50ms
[2m2026-03-16T16:19:37.195998Z[0m [33m WARN[0m [2mlogger_core[0m[2m:[0m run_with_timeout - request timed out after 50ms
[2m2026-03-16T16:19:37.196000Z[0m [33m WARN[0m [2mlogger_core[0m[2m:[0m send_command - DIAG TIMEOUT: cmd=DEL(3116400000000000000000000000000000000000...) timeout=50ms
[2m2026-03-16T16:19:37.195975Z[0m [33m WARN[0m [2mglide_rs::jni_client[0m[2m:[0m DIAG cb=1379083 ERROR_CALLBACK: thread=glide-jni-callback-1 error_code=2 msg=timed out    
[2m2026-03-16T16:19:37.195984Z[0m [33m WARN[0m [2mglide_rs::jni_client[0m[2m:[0m DIAG cb=1379084 ERROR_CALLBACK: thread=glide-jni-callback-0 error_code=2 msg=timed out    
[2m2026-03-16T16:19:37.196023Z[0m [33m WARN[0m [2mglide_rs::jni_client[0m[2m:[0m DIAG cb=1379085 ERROR_CALLBACK: thread=glide-jni-callback-1 error_code=2 msg=timed out    
[2m2026-03-16T16:19:37.196025Z[0m [33m WARN[0m [2mglide_rs::jni_client[0m[2m:[0m DIAG cb=1379086 ERROR_CALLBACK: thread=glide-jni-callback-0 error_code=2 msg=timed out    
[2m2026-03-16T16:19:37.197044Z[0m [33m WARN[0m [2mlogger_core[0m[2m:[0m run_with_timeout - request timed out after 50ms
[2m2026-03-16T16:19:37.197050Z[0m [33m WARN[0m [2mlogger_core[0m[2m:[0m send_command - DIAG TIMEOUT: cmd=DEL(1325500000000000000000000000000000000000...) timeout=50ms
[2m2026-03-16T16:19:37.197124Z[0m [33m WARN[0m [2mglide_rs::jni_client[0m[2m:[0m DIAG cb=1379094 ERROR_CALLBACK: thread=glide-jni-callback-0 error_code=2 msg=timed out    
[2m2026-03-16T16:19:37.197227Z[0m [33m WARN[0m [2mlogger_core[0m[2m:[0m run_with_timeout - request timed out after 50ms
[2m2026-03-16T16:19:37.197235Z[0m [33m WARN[0m [2mlogger_core[0m[2m:[0m send_command - DIAG TIMEOUT: cmd=DEL(9823000000000000000000000000000000000000...) timeout=50ms
[2m2026-03-16T16:19:37.197261Z[0m [33m WARN[0m [2mglide_rs::jni_client[0m[2m:[0m DIAG cb=1379087 ERROR_CALLBACK: thread=glide-jni-callback-1 error_code=2 msg=timed out    
[2m2026-03-16T16:19:37.197308Z[0m [33m WARN[0m [2mlogger_core[0m[2m:[0m run_with_timeout - request timed out after 50ms
[2m2026-03-16T16:19:37.197315Z[0m [33m WARN[0m [2mlogger_core[0m[2m:[0m send_command - DIAG TIMEOUT: cmd=DEL(4572500000000000000000000000000000000000...) timeout=50ms
[2m2026-03-16T16:19:37.197326Z[0m [33m WARN[0m [2mlogger_core[0m[2m:[0m run_with_timeout - request timed out after 50ms
[2m2026-03-16T16:19:37.197334Z[0m [33m WARN[0m [2mlogger_core[0m[2m:[0m send_command - DIAG TIMEOUT: cmd=DEL(1561600000000000000000000000000000000000...) timeout=50ms
[2m2026-03-16T16:19:37.197336Z[0m [33m WARN[0m [2mglide_rs::jni_client[0m[2m:[0m DIAG cb=1379088 ERROR_CALLBACK: thread=glide-jni-callback-0 error_code=2 msg=timed out    
[2m2026-03-16T16:19:37.197341Z[0m [33m WARN[0m [2mlogger_core[0m[2m:[0m run_with_timeout - request timed out after 50ms
[2m2026-03-16T16:19:37.197343Z[0m [33m WARN[0m [2mglide_rs::jni_client[0m[2m:[0m DIAG cb=1379089 ERROR_CALLBACK: thread=glide-jni-callback-1 error_code=2 msg=timed out    
[2m2026-03-16T16:19:37.197345Z[0m [33m WARN[0m [2mlogger_core[0m[2m:[0m send_command - DIAG TIMEOUT: cmd=DEL(8390000000000000000000000000000000000000...) timeout=50ms
[2m2026-03-16T16:19:37.197354Z[0m [33m WARN[0m [2mlogger_core[0m[2m:[0m run_with_timeout - request timed out after 50ms
[2m2026-03-16T16:19:37.197361Z[0m [33m WARN[0m [2mlogger_core[0m[2m:[0m send_command - DIAG TIMEOUT: cmd=DEL(9107600000000000000000000000000000000000...) timeout=50ms
[2m2026-03-16T16:19:37.197361Z[0m [33m WARN[0m [2mglide_rs::jni_client[0m[2m:[0m DIAG cb=1379090 ERROR_CALLBACK: thread=glide-jni-callback-1 error_code=2 msg=timed out    
[2m2026-03-16T16:19:37.197377Z[0m [33m WARN[0m [2mlogger_core[0m[2m:[0m run_with_timeout - request timed out after 50ms
[2m2026-03-16T16:19:37.197379Z[0m [33m WARN[0m [2mglide_rs::jni_client[0m[2m:[0m DIAG cb=1379091 ERROR_CALLBACK: thread=glide-jni-callback-0 error_code=2 msg=timed out    
[2m2026-03-16T16:19:37.197381Z[0m [33m WARN[0m [2mlogger_core[0m[2m:[0m send_command - DIAG TIMEOUT: cmd=DEL(8522400000000000000000000000000000000000...) timeout=50ms
[2m2026-03-16T16:19:37.197394Z[0m [33m WARN[0m [2mglide_rs::jni_client[0m[2m:[0m DIAG cb=1379092 ERROR_CALLBACK: thread=glide-jni-callback-1 error_code=2 msg=timed out    
[2m2026-03-16T16:19:37.197432Z[0m [33m WARN[0m [2mlogger_core[0m[2m:[0m run_with_timeout - request timed out after 50ms
[2m2026-03-16T16:19:37.197436Z[0m [33m WARN[0m [2mlogger_core[0m[2m:[0m send_command - DIAG TIMEOUT: cmd=DEL(8769700000000000000000000000000000000000...) timeout=50ms
[2m2026-03-16T16:19:37.197533Z[0m [33m WARN[0m [2mglide_rs::jni_client[0m[2m:[0m DIAG cb=1379093 ERROR_CALLBACK: thread=glide-jni-callback-0 error_code=2 msg=timed out    
[2m2026-03-16T16:19:37.198353Z[0m [33m WARN[0m [2mlogger_core[0m[2m:[0m run_with_timeout - request timed out after 50ms
[2m2026-03-16T16:19:37.198361Z[0m [33m WARN[0m [2mlogger_core[0m[2m:[0m send_command - DIAG TIMEOUT: cmd=DEL(1005600000000000000000000000000000000000...) timeout=50ms
[2m2026-03-16T16:19:37.198390Z[0m [33m WARN[0m [2mglide_rs::jni_client[0m[2m:[0m DIAG cb=1379100 ERROR_CALLBACK: thread=glide-jni-callback-1 error_code=2 msg=timed out    
[2m2026-03-16T16:19:37.198522Z[0m [33m WARN[0m [2mlogger_core[0m[2m:[0m run_with_timeout - request timed out after 50ms
[2m2026-03-16T16:19:37.198530Z[0m [33m WARN[0m [2mlogger_core[0m[2m:[0m send_command - DIAG TIMEOUT: cmd=DEL(7740500000000000000000000000000000000000...) timeout=50ms
[2m2026-03-16T16:19:37.198535Z[0m [33m WARN[0m [2mlogger_core[0m[2m:[0m run_with_timeout - request timed out after 50ms
[2m2026-03-16T16:19:37.198538Z[0m [33m WARN[0m [2mlogger_core[0m[2m:[0m send_command - DIAG TIMEOUT: cmd=DEL(3764800000000000000000000000000000000000...) timeout=50ms
[2m2026-03-16T16:19:37.198544Z[0m [33m WARN[0m [2mglide_rs::jni_client[0m[2m:[0m DIAG cb=1379095 ERROR_CALLBACK: thread=glide-jni-callback-1 error_code=2 msg=timed out    
[2m2026-03-16T16:19:37.198570Z[0m [33m WARN[0m [2mglide_rs::jni_client[0m[2m:[0m DIAG cb=1379096 ERROR_CALLBACK: thread=glide-jni-callback-1 error_code=2 msg=timed out    
[2m2026-03-16T16:19:37.198575Z[0m [33m WARN[0m [2mlogger_core[0m[2m:[0m run_with_timeout - request timed out after 50ms
[2m2026-03-16T16:19:37.198629Z[0m [33m WARN[0m [2mlogger_core[0m[2m:[0m send_command - DIAG TIMEOUT: cmd=DEL(8066500000000000000000000000000000000000...) timeout=50ms
[2m2026-03-16T16:19:37.198639Z[0m [33m WARN[0m [2mlogger_core[0m[2m:[0m run_with_timeout - request timed out after 50ms
[2m2026-03-16T16:19:37.198644Z[0m [33m WARN[0m [2mlogger_core[0m[2m:[0m send_command - DIAG TIMEOUT: cmd=DEL(9841200000000000000000000000000000000000...) timeout=50ms
[2m2026-03-16T16:19:37.198657Z[0m [33m WARN[0m [2mglide_rs::jni_client[0m[2m:[0m DIAG cb=1379097 ERROR_CALLBACK: thread=glide-jni-callback-0 error_code=2 msg=timed out    
[2m2026-03-16T16:19:37.198684Z[0m [33m WARN[0m [2mglide_rs::jni_client[0m[2m:[0m DIAG cb=1379098 ERROR_CALLBACK: thread=glide-jni-callback-1 error_code=2 msg=timed out    
[2m2026-03-16T16:19:37.199061Z[0m [33m WARN[0m [2mlogger_core[0m[2m:[0m run_with_timeout - request timed out after 50ms
[2m2026-03-16T16:19:37.199111Z[0m [33m WARN[0m [2mlogger_core[0m[2m:[0m send_command - DIAG TIMEOUT: cmd=DEL(3861500000000000000000000000000000000000...) timeout=50ms
[2m2026-03-16T16:19:37.199129Z[0m [33m WARN[0m [2mglide_rs::jni_client[0m[2m:[0m DIAG cb=1379106 ERROR_CALLBACK: thread=glide-jni-callback-0 error_code=2 msg=timed out    
[2m2026-03-16T16:19:37.199177Z[0m [33m WARN[0m [2mlogger_core[0m[2m:[0m run_with_timeout - request timed out after 50ms
[2m2026-03-16T16:19:37.199181Z[0m [33m WARN[0m [2mlogger_core[0m[2m:[0m send_command - DIAG TIMEOUT: cmd=DEL(5992600000000000000000000000000000000000...) timeout=50ms
[2m2026-03-16T16:19:37.199191Z[0m [33m WARN[0m [2mlogger_core[0m[2m:[0m run_with_timeout - request timed out after 50ms
[2m2026-03-16T16:19:37.199199Z[0m [33m WARN[0m [2mlogger_core[0m[2m:[0m send_command - DIAG TIMEOUT: cmd=DEL(3637400000000000000000000000000000000000...) timeout=50ms
[2m2026-03-16T16:19:37.199201Z[0m [33m WARN[0m [2mglide_rs::jni_client[0m[2m:[0m DIAG cb=1379108 ERROR_CALLBACK: thread=glide-jni-callback-1 error_code=2 msg=timed out    
[2m2026-03-16T16:19:37.199204Z[0m [33m WARN[0m [2mlogger_core[0m[2m:[0m run_with_timeout - request timed out after 50ms
[2m2026-03-16T16:19:37.199208Z[0m [33m WARN[0m [2mlogger_core[0m[2m:[0m send_command - DIAG TIMEOUT: cmd=DEL(7458800000000000000000000000000000000000...) timeout=50ms
[2m2026-03-16T16:19:37.199210Z[0m [33m WARN[0m [2mglide_rs::jni_client[0m[2m:[0m DIAG cb=1379101 ERROR_CALLBACK: thread=glide-jni-callback-0 error_code=2 msg=timed out    
[2m2026-03-16T16:19:37.199213Z[0m [33m WARN[0m [2mlogger_core[0m[2m:[0m run_with_timeout - request timed out after 50ms
[2m2026-03-16T16:19:37.199216Z[0m [33m WARN[0m [2mlogger_core[0m[2m:[0m send_command - DIAG TIMEOUT: cmd=DEL(5842100000000000000000000000000000000000...) timeout=50ms
[2m2026-03-16T16:19:37.199221Z[0m [33m WARN[0m [2mlogger_core[0m[2m:[0m run_with_timeout - request timed out after 50ms
[2m2026-03-16T16:19:37.199223Z[0m [33m WARN[0m [2mglide_rs::jni_client[0m[2m:[0m DIAG cb=1379102 ERROR_CALLBACK: thread=glide-jni-callback-1 error_code=2 msg=timed out    
[2m2026-03-16T16:19:37.199224Z[0m [33m WARN[0m [2mlogger_core[0m[2m:[0m send_command - DIAG TIMEOUT: cmd=DEL(8734200000000000000000000000000000000000...) timeout=50ms
[2m2026-03-16T16:19:37.199225Z[0m [33m WARN[0m [2mglide_rs::jni_client[0m[2m:[0m DIAG cb=1379109 ERROR_CALLBACK: thread=glide-jni-callback-0 error_code=2 msg=timed out    
[2m2026-03-16T16:19:37.199230Z[0m [33m WARN[0m [2mlogger_core[0m[2m:[0m run_with_timeout - request timed out after 50ms
[2m2026-03-16T16:19:37.199233Z[0m [33m WARN[0m [2mlogger_core[0m[2m:[0m send_command - DIAG TIMEOUT: cmd=DEL(1834200000000000000000000000000000000000...) timeout=50ms
[2m2026-03-16T16:19:37.199238Z[0m [33m WARN[0m [2mlogger_core[0m[2m:[0m run_with_timeout - request timed out after 50ms
[2m2026-03-16T16:19:37.199238Z[0m [33m WARN[0m [2mglide_rs::jni_client[0m[2m:[0m DIAG cb=1379103 ERROR_CALLBACK: thread=glide-jni-callback-1 error_code=2 msg=timed out    
[2m2026-03-16T16:19:37.199240Z[0m [33m WARN[0m [2mlogger_core[0m[2m:[0m send_command - DIAG TIMEOUT: cmd=DEL(4236000000000000000000000000000000000000...) timeout=50ms
[2m2026-03-16T16:19:37.199239Z[0m [33m WARN[0m [2mglide_rs::jni_client[0m[2m:[0m DIAG cb=1379105 ERROR_CALLBACK: thread=glide-jni-callback-0 error_code=2 msg=timed out    
[2m2026-03-16T16:19:37.199253Z[0m [33m WARN[0m [2mglide_rs::jni_client[0m[2m:[0m DIAG cb=1379104 ERROR_CALLBACK: thread=glide-jni-callback-1 error_code=2 msg=timed out    
[2m2026-03-16T16:19:37.200149Z[0m [33m WARN[0m [2mlogger_core[0m[2m:[0m run_with_timeout - request timed out after 50ms
[2m2026-03-16T16:19:37.200155Z[0m [33m WARN[0m [2mlogger_core[0m[2m:[0m send_command - DIAG TIMEOUT: cmd=DEL(6785000000000000000000000000000000000000...) timeout=50ms
[2m2026-03-16T16:19:37.200185Z[0m [33m WARN[0m [2mglide_rs::jni_client[0m[2m:[0m DIAG cb=1379116 ERROR_CALLBACK: thread=glide-jni-callback-0 error_code=2 msg=timed out    
[2m2026-03-16T16:19:37.200215Z[0m [33m WARN[0m [2mlogger_core[0m[2m:[0m run_with_timeout - request timed out after 50ms
[2m2026-03-16T16:19:37.200219Z[0m [33m WARN[0m [2mlogger_core[0m[2m:[0m send_command - DIAG TIMEOUT: cmd=DEL(2626200000000000000000000000000000000000...) timeout=50ms
[2m2026-03-16T16:19:37.200228Z[0m [33m WARN[0m [2mlogger_core[0m[2m:[0m run_with_timeout - request timed out after 50ms
[2m2026-03-16T16:19:37.200231Z[0m [33m WARN[0m [2mlogger_core[0m[2m:[0m send_command - DIAG TIMEOUT: cmd=DEL(4710000000000000000000000000000000000000...) timeout=50ms
[2m2026-03-16T16:19:37.200237Z[0m [33m WARN[0m [2mlogger_core[0m[2m:[0m run_with_timeout - request timed out after 50ms
[2m2026-03-16T16:19:37.200241Z[0m [33m WARN[0m [2mlogger_core[0m[2m:[0m send_command - DIAG TIMEOUT: cmd=DEL(2436800000000000000000000000000000000000...) timeout=50ms
[2m2026-03-16T16:19:37.200241Z[0m [33m WARN[0m [2mglide_rs::jni_client[0m[2m:[0m DIAG cb=1379110 ERROR_CALLBACK: thread=glide-jni-callback-0 error_code=2 msg=timed out    
[2m2026-03-16T16:19:37.200240Z[0m [33m WARN[0m [2mglide_rs::jni_client[0m[2m:[0m DIAG cb=1379107 ERROR_CALLBACK: thread=glide-jni-callback-1 error_code=2 msg=timed out    
[2m2026-03-16T16:19:37.200246Z[0m [33m WARN[0m [2mlogger_core[0m[2m:[0m run_with_timeout - request timed out after 50ms
[2m2026-03-16T16:19:37.200250Z[0m [33m WARN[0m [2mlogger_core[0m[2m:[0m send_command - DIAG TIMEOUT: cmd=DEL(1938100000000000000000000000000000000000...) timeout=50ms
[2m2026-03-16T16:19:37.200264Z[0m [33m WARN[0m [2mlogger_core[0m[2m:[0m run_with_timeout - request timed out after 50ms
[2m2026-03-16T16:19:37.200267Z[0m [33m WARN[0m [2mglide_rs::jni_client[0m[2m:[0m DIAG cb=1379111 ERROR_CALLBACK: thread=glide-jni-callback-0 error_code=2 msg=timed out    
[2m2026-03-16T16:19:37.200271Z[0m [33m WARN[0m [2mlogger_core[0m[2m:[0m send_command - DIAG TIMEOUT: cmd=DEL(2326800000000000000000000000000000000000...) timeout=50ms
[2m2026-03-16T16:19:37.200278Z[0m [33m WARN[0m [2mlogger_core[0m[2m:[0m run_with_timeout - request timed out after 50ms
[2m2026-03-16T16:19:37.200283Z[0m [33m WARN[0m [2mlogger_core[0m[2m:[0m send_command - DIAG TIMEOUT: cmd=DEL(5716600000000000000000000000000000000000...) timeout=50ms
[2m2026-03-16T16:19:37.200287Z[0m [33m WARN[0m [2mglide_rs::jni_client[0m[2m:[0m DIAG cb=1379112 ERROR_CALLBACK: thread=glide-jni-callback-0 error_code=2 msg=timed out    
[2m2026-03-16T16:19:37.200290Z[0m [33m WARN[0m [2mglide_rs::jni_client[0m[2m:[0m DIAG cb=1379113 ERROR_CALLBACK: thread=glide-jni-callback-1 error_code=2 msg=timed out    
[2m2026-03-16T16:19:37.200305Z[0m [33m WARN[0m [2mglide_rs::jni_client[0m[2m:[0m DIAG cb=1379114 ERROR_CALLBACK: thread=glide-jni-callback-1 error_code=2 msg=timed out    
[2m2026-03-16T16:19:37.200288Z[0m [33m WARN[0m [2mlogger_core[0m[2m:[0m run_with_timeout - request timed out after 50ms
[2m2026-03-16T16:19:37.200311Z[0m [33m WARN[0m [2mlogger_core[0m[2m:[0m send_command - DIAG TIMEOUT: cmd=DEL(1478600000000000000000000000000000000000...) timeout=50ms
[2m2026-03-16T16:19:37.200344Z[0m [33m WARN[0m [2mglide_rs::jni_client[0m[2m:[0m DIAG cb=1379120 ERROR_CALLBACK: thread=glide-jni-callback-0 error_code=2 msg=timed out    
[2m2026-03-16T16:19:37.200351Z[0m [33m WARN[0m [2mlogger_core[0m[2m:[0m run_with_timeout - request timed out after 50ms
[2m2026-03-16T16:19:37.200355Z[0m [33m WARN[0m [2mlogger_core[0m[2m:[0m send_command - DIAG TIMEOUT: cmd=DEL(8695800000000000000000000000000000000000...) timeout=50ms
[2m2026-03-16T16:19:37.200378Z[0m [33m WARN[0m [2mglide_rs::jni_client[0m[2m:[0m DIAG cb=1379115 ERROR_CALLBACK: thread=glide-jni-callback-1 error_code=2 msg=timed out    
[2m2026-03-16T16:19:37.201227Z[0m [33m WARN[0m [2mlogger_core[0m[2m:[0m run_with_timeout - request timed out after 50ms
[2m2026-03-16T16:19:37.201234Z[0m [33m WARN[0m [2mlogger_core[0m[2m:[0m send_command - DIAG TIMEOUT: cmd=DEL(6332500000000000000000000000000000000000...) timeout=50ms
[2m2026-03-16T16:19:37.201254Z[0m [33m WARN[0m [2mglide_rs::jni_client[0m[2m:[0m DIAG cb=1379125 ERROR_CALLBACK: thread=glide-jni-callback-0 error_code=2 msg=timed out    
[2m2026-03-16T16:19:37.201334Z[0m [33m WARN[0m [2mlogger_core[0m[2m:[0m run_with_timeout - request timed out after 50ms
[2m2026-03-16T16:19:37.201338Z[0m [33m WARN[0m [2mlogger_core[0m[2m:[0m send_command - DIAG TIMEOUT: cmd=DEL(8855400000000000000000000000000000000000...) timeout=50ms
[2m2026-03-16T16:19:37.201343Z[0m [33m WARN[0m [2mlogger_core[0m[2m:[0m run_with_timeout - request timed out after 50ms
[2m2026-03-16T16:19:37.201346Z[0m [33m WARN[0m [2mlogger_core[0m[2m:[0m send_command - DIAG TIMEOUT: cmd=DEL(8164100000000000000000000000000000000000...) timeout=50ms
[2m2026-03-16T16:19:37.201346Z[0m [33m WARN[0m [2mglide_rs::jni_client[0m[2m:[0m DIAG cb=1379117 ERROR_CALLBACK: thread=glide-jni-callback-0 error_code=2 msg=timed out    
[2m2026-03-16T16:19:37.201361Z[0m [33m WARN[0m [2mglide_rs::jni_client[0m[2m:[0m DIAG cb=1379118 ERROR_CALLBACK: thread=glide-jni-callback-1 error_code=2 msg=timed out    
[2m2026-03-16T16:19:37.201383Z[0m [33m WARN[0m [2mlogger_core[0m[2m:[0m run_with_timeout - request timed out after 50ms
[2m2026-03-16T16:19:37.201386Z[0m [33m WARN[0m [2mlogger_core[0m[2m:[0m send_command - DIAG TIMEOUT: cmd=DEL(5252000000000000000000000000000000000000...) timeout=50ms
[2m2026-03-16T16:19:37.201393Z[0m [33m WARN[0m [2mlogger_core[0m[2m:[0m run_with_timeout - request timed out after 50ms
[2m2026-03-16T16:19:37.201399Z[0m [33m WARN[0m [2mlogger_core[0m[2m:[0m send_command - DIAG TIMEOUT: cmd=DEL(4922100000000000000000000000000000000000...) timeout=50ms
[2m2026-03-16T16:19:37.201407Z[0m [33m WARN[0m [2mlogger_core[0m[2m:[0m run_with_timeout - request timed out after 50ms
[2m2026-03-16T16:19:37.201408Z[0m [33m WARN[0m [2mglide_rs::jni_client[0m[2m:[0m DIAG cb=1379119 ERROR_CALLBACK: thread=glide-jni-callback-0 error_code=2 msg=timed out    
[2m2026-03-16T16:19:37.201410Z[0m [33m WARN[0m [2mlogger_core[0m[2m:[0m send_command - DIAG TIMEOUT: cmd=DEL(9689000000000000000000000000000000000000...) timeout=50ms
[2m2026-03-16T16:19:37.201413Z[0m [33m WARN[0m [2mglide_rs::jni_client[0m[2m:[0m DIAG cb=1379121 ERROR_CALLBACK: thread=glide-jni-callback-1 error_code=2 msg=timed out    
[2m2026-03-16T16:19:37.201435Z[0m [33m WARN[0m [2mglide_rs::jni_client[0m[2m:[0m DIAG cb=1379122 ERROR_CALLBACK: thread=glide-jni-callback-1 error_code=2 msg=timed out    
[2m2026-03-16T16:19:37.201441Z[0m [33m WARN[0m [2mlogger_core[0m[2m:[0m run_with_timeout - request timed out after 50ms
[2m2026-03-16T16:19:37.201445Z[0m [33m WARN[0m [2mlogger_core[0m[2m:[0m send_command - DIAG TIMEOUT: cmd=DEL(5158000000000000000000000000000000000000...) timeout=50ms
[2m2026-03-16T16:19:37.201460Z[0m [33m WARN[0m [2mglide_rs::jni_client[0m[2m:[0m DIAG cb=1379123 ERROR_CALLBACK: thread=glide-jni-callback-0 error_code=2 msg=timed out    
[2m2026-03-16T16:19:37.201493Z[0m [33m WARN[0m [2mlogger_core[0m[2m:[0m run_with_timeout - request timed out after 50ms
[2m2026-03-16T16:19:37.201571Z[0m [33m WARN[0m [2mlogger_core[0m[2m:[0m send_command - DIAG TIMEOUT: cmd=DEL(2796000000000000000000000000000000000000...) timeout=50ms
[2m2026-03-16T16:19:37.201583Z[0m [33m WARN[0m [2mglide_rs::jni_client[0m[2m:[0m DIAG cb=1379124 ERROR_CALLBACK: thread=glide-jni-callback-1 error_code=2 msg=timed out    
[2m2026-03-16T16:19:37.202931Z[0m [33m WARN[0m [2mlogger_core[0m[2m:[0m run_with_timeout - request timed out after 50ms
[2m2026-03-16T16:19:37.202940Z[0m [33m WARN[0m [2mlogger_core[0m[2m:[0m send_command - DIAG TIMEOUT: cmd=DEL(5500000000000000000000000000000000000000...) timeout=50ms
[2m2026-03-16T16:19:37.202964Z[0m [33m WARN[0m [2mglide_rs::jni_client[0m[2m:[0m DIAG cb=1379128 ERROR_CALLBACK: thread=glide-jni-callback-0 error_code=2 msg=timed out    
[2m2026-03-16T16:19:37.202977Z[0m [33m WARN[0m [2mlogger_core[0m[2m:[0m run_with_timeout - request timed out after 50ms
[2m2026-03-16T16:19:37.202981Z[0m [33m WARN[0m [2mlogger_core[0m[2m:[0m send_command - DIAG TIMEOUT: cmd=DEL(2344100000000000000000000000000000000000...) timeout=50ms
[2m2026-03-16T16:19:37.202991Z[0m [33m WARN[0m [2mlogger_core[0m[2m:[0m run_with_timeout - request timed out after 50ms
[2m2026-03-16T16:19:37.202999Z[0m [33m WARN[0m [2mlogger_core[0m[2m:[0m send_command - DIAG TIMEOUT: cmd=DEL(6211700000000000000000000000000000000000...) timeout=50ms
[2m2026-03-16T16:19:37.202998Z[0m [33m WARN[0m [2mglide_rs::jni_client[0m[2m:[0m DIAG cb=1379126 ERROR_CALLBACK: thread=glide-jni-callback-1 error_code=2 msg=timed out    
[2m2026-03-16T16:19:37.203011Z[0m [33m WARN[0m [2mglide_rs::jni_client[0m[2m:[0m DIAG cb=1379127 ERROR_CALLBACK: thread=glide-jni-callback-0 error_code=2 msg=timed out    
[2m2026-03-16T16:19:37.203803Z[0m [33m WARN[0m [2mlogger_core[0m[2m:[0m run_with_timeout - request timed out after 50ms
[2m2026-03-16T16:19:37.203812Z[0m [33m WARN[0m [2mlogger_core[0m[2m:[0m send_command - DIAG TIMEOUT: cmd=DEL(2139000000000000000000000000000000000000...) timeout=50ms
[2m2026-03-16T16:19:37.203831Z[0m [33m WARN[0m [2mglide_rs::jni_client[0m[2m:[0m DIAG cb=1379137 ERROR_CALLBACK: thread=glide-jni-callback-1 error_code=2 msg=timed out    
[2m2026-03-16T16:19:37.203986Z[0m [33m WARN[0m [2mlogger_core[0m[2m:[0m run_with_timeout - request timed out after 50ms
[2m2026-03-16T16:19:37.203993Z[0m [33m WARN[0m [2mlogger_core[0m[2m:[0m send_command - DIAG TIMEOUT: cmd=DEL(6065000000000000000000000000000000000000...) timeout=50ms
[2m2026-03-16T16:19:37.204004Z[0m [33m WARN[0m [2mlogger_core[0m[2m:[0m run_with_timeout - request timed out after 50ms
[2m2026-03-16T16:19:37.204008Z[0m [33m WARN[0m [2mlogger_core[0m[2m:[0m send_command - DIAG TIMEOUT: cmd=DEL(3150900000000000000000000000000000000000...) timeout=50ms
[2m2026-03-16T16:19:37.204010Z[0m [33m WARN[0m [2mglide_rs::jni_client[0m[2m:[0m DIAG cb=1379129 ERROR_CALLBACK: thread=glide-jni-callback-0 error_code=2 msg=timed out    
[2m2026-03-16T16:19:37.204017Z[0m [33m WARN[0m [2mlogger_core[0m[2m:[0m run_with_timeout - request timed out after 50ms
[2m2026-03-16T16:19:37.204021Z[0m [33m WARN[0m [2mlogger_core[0m[2m:[0m send_command - DIAG TIMEOUT: cmd=DEL(4353300000000000000000000000000000000000...) timeout=50ms
[2m2026-03-16T16:19:37.204029Z[0m [33m WARN[0m [2mlogger_core[0m[2m:[0m run_with_timeout - request timed out after 50ms
[2m2026-03-16T16:19:37.204037Z[0m [33m WARN[0m [2mlogger_core[0m[2m:[0m send_command - DIAG TIMEOUT: cmd=DEL(8946000000000000000000000000000000000000...) timeout=50ms
[2m2026-03-16T16:19:37.204044Z[0m [33m WARN[0m [2mlogger_core[0m[2m:[0m run_with_timeout - request timed out after 50ms
[2m2026-03-16T16:19:37.204048Z[0m [33m WARN[0m [2mlogger_core[0m[2m:[0m send_command - DIAG TIMEOUT: cmd=DEL(1330300000000000000000000000000000000000...) timeout=50ms
[2m2026-03-16T16:19:37.204081Z[0m [33m WARN[0m [2mglide_rs::jni_client[0m[2m:[0m DIAG cb=1379130 ERROR_CALLBACK: thread=glide-jni-callback-1 error_code=2 msg=timed out    
[2m2026-03-16T16:19:37.204101Z[0m [33m WARN[0m [2mglide_rs::jni_client[0m[2m:[0m DIAG cb=1379131 ERROR_CALLBACK: thread=glide-jni-callback-0 error_code=2 msg=timed out    
[2m2026-03-16T16:19:37.204115Z[0m [33m WARN[0m [2mglide_rs::jni_client[0m[2m:[0m DIAG cb=1379132 ERROR_CALLBACK: thread=glide-jni-callback-1 error_code=2 msg=timed out    
[2m2026-03-16T16:19:37.204130Z[0m [33m WARN[0m [2mglide_rs::jni_client[0m[2m:[0m DIAG cb=1379133 ERROR_CALLBACK: thread=glide-jni-callback-1 error_code=2 msg=timed out    
[2m2026-03-16T16:19:37.204792Z[0m [33m WARN[0m [2mlogger_core[0m[2m:[0m run_with_timeout - request timed out after 50ms
[2m2026-03-16T16:19:37.204798Z[0m [33m WARN[0m [2mlogger_core[0m[2m:[0m send_command - DIAG TIMEOUT: cmd=DEL(4293200000000000000000000000000000000000...) timeout=50ms
[2m2026-03-16T16:19:37.204806Z[0m [33m WARN[0m [2mlogger_core[0m[2m:[0m run_with_timeout - request timed out after 50ms
[2m2026-03-16T16:19:37.204809Z[0m [33m WARN[0m [2mlogger_core[0m[2m:[0m send_command - DIAG TIMEOUT: cmd=DEL(4076000000000000000000000000000000000000...) timeout=50ms
[2m2026-03-16T16:19:37.204815Z[0m [33m WARN[0m [2mglide_rs::jni_client[0m[2m:[0m DIAG cb=1379135 ERROR_CALLBACK: thread=glide-jni-callback-0 error_code=2 msg=timed out    
[2m2026-03-16T16:19:37.204823Z[0m [33m WARN[0m [2mglide_rs::jni_client[0m[2m:[0m DIAG cb=1379134 ERROR_CALLBACK: thread=glide-jni-callback-1 error_code=2 msg=timed out    
[2m2026-03-16T16:19:37.205951Z[0m [33m WARN[0m [2mlogger_core[0m[2m:[0m run_with_timeout - request timed out after 50ms
[2m2026-03-16T16:19:37.205959Z[0m [33m WARN[0m [2mlogger_core[0m[2m:[0m send_command - DIAG TIMEOUT: cmd=DEL(4171800000000000000000000000000000000000...) timeout=50ms
[2m2026-03-16T16:19:37.205978Z[0m [33m WARN[0m [2mglide_rs::jni_client[0m[2m:[0m DIAG cb=1379139 ERROR_CALLBACK: thread=glide-jni-callback-0 error_code=2 msg=timed out    
[2m2026-03-16T16:19:37.205982Z[0m [33m WARN[0m [2mlogger_core[0m[2m:[0m run_with_timeout - request timed out after 50ms
[2m2026-03-16T16:19:37.205987Z[0m [33m WARN[0m [2mlogger_core[0m[2m:[0m send_command - DIAG TIMEOUT: cmd=DEL(4421500000000000000000000000000000000000...) timeout=50ms
[2m2026-03-16T16:19:37.205997Z[0m [33m WARN[0m [2mlogger_core[0m[2m:[0m run_with_timeout - request timed out after 50ms
[2m2026-03-16T16:19:37.206001Z[0m [33m WARN[0m [2mlogger_core[0m[2m:[0m send_command - DIAG TIMEOUT: cmd=DEL(5126700000000000000000000000000000000000...) timeout=50ms
[2m2026-03-16T16:19:37.206004Z[0m [33m WARN[0m [2mglide_rs::jni_client[0m[2m:[0m DIAG cb=1379136 ERROR_CALLBACK: thread=glide-jni-callback-1 error_code=2 msg=timed out    
[2m2026-03-16T16:19:37.206012Z[0m [33m WARN[0m [2mglide_rs::jni_client[0m[2m:[0m DIAG cb=1379138 ERROR_CALLBACK: thread=glide-jni-callback-0 error_code=2 msg=timed out    
[2m2026-03-16T16:19:37.222777Z[0m [33m WARN[0m [2mredis::aio::multiplexed_connection[0m[2m:[0m DIAG send_recv: pipeline channel send took 102803ms (backpressure from slow TCP)
[2m2026-03-16T16:19:37.222793Z[0m [33m WARN[0m [2mredis::aio::multiplexed_connection[0m[2m:[0m DIAG send_recv: pipeline channel send took 102803ms (backpressure from slow TCP)
[2m2026-03-16T16:19:37.222796Z[0m [33m WARN[0m [2mredis::aio::multiplexed_connection[0m[2m:[0m DIAG send_recv: pipeline channel send took 102800ms (backpressure from slow TCP)
[2m2026-03-16T16:19:37.222799Z[0m [33m WARN[0m [2mredis::aio::multiplexed_connection[0m[2m:[0m DIAG send_recv: pipeline channel send took 102796ms (backpressure from slow TCP)
[2m2026-03-16T16:19:37.222802Z[0m [33m WARN[0m [2mredis::aio::multiplexed_connection[0m[2m:[0m DIAG send_recv: pipeline channel send took 102796ms (backpressure from slow TCP)
[2m2026-03-16T16:19:37.222805Z[0m [33m WARN[0m [2mredis::aio::multiplexed_connection[0m[2m:[0m DIAG send_recv: pipeline channel send took 102795ms (backpressure from slow TCP)
[2m2026-03-16T16:19:37.222808Z[0m [33m WARN[0m [2mredis::aio::multiplexed_connection[0m[2m:[0m DIAG send_recv: pipeline channel send took 102795ms (backpressure from slow TCP)
[2m2026-03-16T16:19:37.222811Z[0m [33m WARN[0m [2mredis::aio::multiplexed_connection[0m[2m:[0m DIAG send_recv: pipeline channel send took 102791ms (backpressure from slow TCP)
[2m2026-03-16T16:19:37.222813Z[0m [33m WARN[0m [2mredis::aio::multiplexed_connection[0m[2m:[0m DIAG send_recv: pipeline channel send took 102791ms (backpressure from slow TCP)
[2m2026-03-16T16:19:37.222816Z[0m [33m WARN[0m [2mredis::aio::multiplexed_connection[0m[2m:[0m DIAG send_recv: pipeline channel send took 102791ms (backpressure from slow TCP)
[2m2026-03-16T16:19:37.222819Z[0m [33m WARN[0m [2mredis::aio::multiplexed_connection[0m[2m:[0m DIAG send_recv: pipeline channel send took 102791ms (backpressure from slow TCP)
[2m2026-03-16T16:19:37.222821Z[0m [33m WARN[0m [2mredis::aio::multiplexed_connection[0m[2m:[0m DIAG send_recv: pipeline channel send took 102790ms (backpressure from slow TCP)
[2m2026-03-16T16:19:37.222824Z[0m [33m WARN[0m [2mredis::aio::multiplexed_connection[0m[2m:[0m DIAG send_recv: pipeline channel send took 102790ms (backpressure from slow TCP)
[2m2026-03-16T16:19:37.222826Z[0m [33m WARN[0m [2mredis::aio::multiplexed_connection[0m[2m:[0m DIAG send_recv: pipeline channel send took 102790ms (backpressure from slow TCP)
[2m2026-03-16T16:19:37.222829Z[0m [33m WARN[0m [2mredis::aio::multiplexed_connection[0m[2m:[0m DIAG send_recv: pipeline channel send took 102790ms (backpressure from slow TCP)
[2m2026-03-16T16:19:37.222833Z[0m [33m WARN[0m [2mredis::aio::multiplexed_connection[0m[2m:[0m DIAG send_recv: pipeline channel send took 102790ms (backpressure from slow TCP)
[2m2026-03-16T16:19:37.222836Z[0m [33m WARN[0m [2mredis::aio::multiplexed_connection[0m[2m:[0m DIAG send_recv: pipeline channel send took 102789ms (backpressure from slow TCP)
[2m2026-03-16T16:19:37.222840Z[0m [33m WARN[0m [2mredis::aio::multiplexed_connection[0m[2m:[0m DIAG send_recv: pipeline channel send took 102789ms (backpressure from slow TCP)
[2m2026-03-16T16:19:37.222844Z[0m [33m WARN[0m [2mredis::aio::multiplexed_connection[0m[2m:[0m DIAG send_recv: pipeline channel send took 102788ms (backpressure from slow TCP)
[2m2026-03-16T16:19:37.222848Z[0m [33m WARN[0m [2mredis::aio::multiplexed_connection[0m[2m:[0m DIAG send_recv: pipeline channel send took 102788ms (backpressure from slow TCP)
[2m2026-03-16T16:19:37.222852Z[0m [33m WARN[0m [2mredis::aio::multiplexed_connection[0m[2m:[0m DIAG send_recv: pipeline channel send took 102788ms (backpressure from slow TCP)
[2m2026-03-16T16:19:37.222856Z[0m [33m WARN[0m [2mredis::aio::multiplexed_connection[0m[2m:[0m DIAG send_recv: pipeline channel send took 102788ms (backpressure from slow TCP)
[2m2026-03-16T16:19:37.222860Z[0m [33m WARN[0m [2mredis::aio::multiplexed_connection[0m[2m:[0m DIAG send_recv: pipeline channel send took 102785ms (backpressure from slow TCP)
[2m2026-03-16T16:19:37.222864Z[0m [33m WARN[0m [2mredis::aio::multiplexed_connection[0m[2m:[0m DIAG send_recv: pipeline channel send took 102785ms (backpressure from slow TCP)
[2m2026-03-16T16:19:37.222868Z[0m [33m WARN[0m [2mredis::aio::multiplexed_connection[0m[2m:[0m DIAG send_recv: pipeline channel send took 102785ms (backpressure from slow TCP)
[2m2026-03-16T16:19:37.222873Z[0m [33m WARN[0m [2mredis::aio::multiplexed_connection[0m[2m:[0m DIAG send_recv: pipeline channel send took 102785ms (backpressure from slow TCP)
[2m2026-03-16T16:19:37.222877Z[0m [33m WARN[0m [2mredis::aio::multiplexed_connection[0m[2m:[0m DIAG send_recv: pipeline channel send took 102785ms (backpressure from slow TCP)
[2m2026-03-16T16:19:37.222885Z[0m [33m WARN[0m [2mredis::aio::multiplexed_connection[0m[2m:[0m DIAG send_recv: pipeline channel send took 102784ms (backpressure from slow TCP)
[2m2026-03-16T16:19:37.222889Z[0m [33m WARN[0m [2mredis::aio::multiplexed_connection[0m[2m:[0m DIAG send_recv: pipeline channel send took 102784ms (backpressure from slow TCP)
[2m2026-03-16T16:19:37.222892Z[0m [33m WARN[0m [2mredis::aio::multiplexed_connection[0m[2m:[0m DIAG send_recv: pipeline channel send took 102784ms (backpressure from slow TCP)
[2m2026-03-16T16:19:37.222895Z[0m [33m WARN[0m [2mredis::aio::multiplexed_connection[0m[2m:[0m DIAG send_recv: pipeline channel send took 102784ms (backpressure from slow TCP)
[2m2026-03-16T16:19:37.222897Z[0m [33m WARN[0m [2mredis::aio::multiplexed_connection[0m[2m:[0m DIAG send_recv: pipeline channel send took 102784ms (backpressure from slow TCP)
[2m2026-03-16T16:19:37.222900Z[0m [33m WARN[0m [2mredis::aio::multiplexed_connection[0m[2m:[0m DIAG send_recv: pipeline channel send took 102784ms (backpressure from slow TCP)
[2m2026-03-16T16:19:37.222904Z[0m [33m WARN[0m [2mredis::aio::multiplexed_connection[0m[2m:[0m DIAG send_recv: pipeline channel send took 102784ms (backpressure from slow TCP)
[2m2026-03-16T16:19:37.222908Z[0m [33m WARN[0m [2mredis::aio::multiplexed_connection[0m[2m:[0m DIAG send_recv: pipeline channel send took 102783ms (backpressure from slow TCP)
[2m2026-03-16T16:19:37.222912Z[0m [33m WARN[0m [2mredis::aio::multiplexed_connection[0m[2m:[0m DIAG send_recv: pipeline channel send took 102783ms (backpressure from slow TCP)
[2m2026-03-16T16:19:37.222917Z[0m [33m WARN[0m [2mredis::aio::multiplexed_connection[0m[2m:[0m DIAG send_recv: pipeline channel send took 102781ms (backpressure from slow TCP)
[2m2026-03-16T16:19:37.222920Z[0m [33m WARN[0m [2mredis::aio::multiplexed_connection[0m[2m:[0m DIAG send_recv: pipeline channel send took 102781ms (backpressure from slow TCP)
[2m2026-03-16T16:19:37.222923Z[0m [33m WARN[0m [2mredis::aio::multiplexed_connection[0m[2m:[0m DIAG send_recv: pipeline channel send took 102780ms (backpressure from slow TCP)
[2m2026-03-16T16:19:37.222925Z[0m [33m WARN[0m [2mredis::aio::multiplexed_connection[0m[2m:[0m DIAG send_recv: pipeline channel send took 102780ms (backpressure from slow TCP)
[2m2026-03-16T16:19:37.222928Z[0m [33m WARN[0m [2mredis::aio::multiplexed_connection[0m[2m:[0m DIAG send_recv: pipeline channel send took 102780ms (backpressure from slow TCP)
[2m2026-03-16T16:19:37.222931Z[0m [33m WARN[0m [2mredis::aio::multiplexed_connection[0m[2m:[0m DIAG send_recv: pipeline channel send took 102779ms (backpressure from slow TCP)
[2m2026-03-16T16:19:37.222934Z[0m [33m WARN[0m [2mredis::aio::multiplexed_connection[0m[2m:[0m DIAG send_recv: pipeline channel send took 102779ms (backpressure from slow TCP)
[2m2026-03-16T16:19:37.222937Z[0m [33m WARN[0m [2mredis::aio::multiplexed_connection[0m[2m:[0m DIAG send_recv: pipeline channel send took 102779ms (backpressure from slow TCP)
[2m2026-03-16T16:19:37.222939Z[0m [33m WARN[0m [2mredis::aio::multiplexed_connection[0m[2m:[0m DIAG send_recv: pipeline channel send took 102774ms (backpressure from slow TCP)
[2m2026-03-16T16:19:37.222943Z[0m [33m WARN[0m [2mredis::aio::multiplexed_connection[0m[2m:[0m DIAG send_recv: pipeline channel send took 102774ms (backpressure from slow TCP)
[2m2026-03-16T16:19:37.222946Z[0m [33m WARN[0m [2mredis::aio::multiplexed_connection[0m[2m:[0m DIAG send_recv: pipeline channel send took 102774ms (backpressure from slow TCP)
[2m2026-03-16T16:19:37.222949Z[0m [33m WARN[0m [2mredis::aio::multiplexed_connection[0m[2m:[0m DIAG send_recv: pipeline channel send took 102769ms (backpressure from slow TCP)
[2m2026-03-16T16:19:37.222952Z[0m [33m WARN[0m [2mredis::aio::multiplexed_connection[0m[2m:[0m DIAG send_recv: pipeline channel send took 102769ms (backpressure from slow TCP)
[2m2026-03-16T16:19:37.222954Z[0m [33m WARN[0m [2mredis::aio::multiplexed_connection[0m[2m:[0m DIAG send_recv: pipeline channel send took 102769ms (backpressure from slow TCP)
[2m2026-03-16T16:19:37.222959Z[0m [33m WARN[0m [2mredis::cluster_async[0m[2m:[0m DIAG try_cmd_request: node=shohame-global-data-store-iad-0002-001.shohame-global-data-store-iad.ime4qh.use1.cache.amazonaws.com:6379 elapsed=103232ms ok=true
[2m2026-03-16T16:19:37.222969Z[0m [33m WARN[0m [2mredis::cluster_async[0m[2m:[0m DIAG try_cmd_request: node=shohame-global-data-store-iad-0002-001.shohame-global-data-store-iad.ime4qh.use1.cache.amazonaws.com:6379 elapsed=103232ms ok=true
[2m2026-03-16T16:19:37.222974Z[0m [33m WARN[0m [2mredis::cluster_async[0m[2m:[0m DIAG try_cmd_request: node=shohame-global-data-store-iad-0002-001.shohame-global-data-store-iad.ime4qh.use1.cache.amazonaws.com:6379 elapsed=103231ms ok=true
[2m2026-03-16T16:19:37.222979Z[0m [33m WARN[0m [2mredis::cluster_async[0m[2m:[0m DIAG try_cmd_request: node=shohame-global-data-store-iad-0002-001.shohame-global-data-store-iad.ime4qh.use1.cache.amazonaws.com:6379 elapsed=103231ms ok=true
[2m2026-03-16T16:19:37.222984Z[0m [33m WARN[0m [2mredis::cluster_async[0m[2m:[0m DIAG try_cmd_request: node=shohame-global-data-store-iad-0002-001.shohame-global-data-store-iad.ime4qh.use1.cache.amazonaws.com:6379 elapsed=103231ms ok=true
[2m2026-03-16T16:19:37.222988Z[0m [33m WARN[0m [2mredis::cluster_async[0m[2m:[0m DIAG try_cmd_request: node=shohame-global-data-store-iad-0002-001.shohame-global-data-store-iad.ime4qh.use1.cache.amazonaws.com:6379 elapsed=103231ms ok=true
[2m2026-03-16T16:19:37.222994Z[0m [33m WARN[0m [2mredis::cluster_async[0m[2m:[0m DIAG try_cmd_request: node=shohame-global-data-store-iad-0002-001.shohame-global-data-store-iad.ime4qh.use1.cache.amazonaws.com:6379 elapsed=103231ms ok=true
[2m2026-03-16T16:19:37.222998Z[0m [33m WARN[0m [2mredis::cluster_async[0m[2m:[0m DIAG try_cmd_request: node=shohame-global-data-store-iad-0002-001.shohame-global-data-store-iad.ime4qh.use1.cache.amazonaws.com:6379 elapsed=103231ms ok=true
[2m2026-03-16T16:19:37.223002Z[0m [33m WARN[0m [2mredis::cluster_async[0m[2m:[0m DIAG try_cmd_request: node=shohame-global-data-store-iad-0002-001.shohame-global-data-store-iad.ime4qh.use1.cache.amazonaws.com:6379 elapsed=103231ms ok=true
[2m2026-03-16T16:19:37.223007Z[0m [33m WARN[0m [2mredis::cluster_async[0m[2m:[0m DIAG try_cmd_request: node=shohame-global-data-store-iad-0002-001.shohame-global-data-store-iad.ime4qh.use1.cache.amazonaws.com:6379 elapsed=103230ms ok=true
[2m2026-03-16T16:19:37.223012Z[0m [33m WARN[0m [2mredis::cluster_async[0m[2m:[0m DIAG try_cmd_request: node=shohame-global-data-store-iad-0002-001.shohame-global-data-store-iad.ime4qh.use1.cache.amazonaws.com:6379 elapsed=103229ms ok=true
[2m2026-03-16T16:19:37.223017Z[0m [33m WARN[0m [2mredis::cluster_async[0m[2m:[0m DIAG try_cmd_request: node=shohame-global-data-store-iad-0002-001.shohame-global-data-store-iad.ime4qh.use1.cache.amazonaws.com:6379 elapsed=103229ms ok=true
[2m2026-03-16T16:19:37.223024Z[0m [33m WARN[0m [2mredis::cluster_async[0m[2m:[0m DIAG try_cmd_request: node=shohame-global-data-store-iad-0002-001.shohame-global-data-store-iad.ime4qh.use1.cache.amazonaws.com:6379 elapsed=103228ms ok=true
[2m2026-03-16T16:19:37.223030Z[0m [33m WARN[0m [2mredis::cluster_async[0m[2m:[0m DIAG try_cmd_request: node=shohame-global-data-store-iad-0002-001.shohame-global-data-store-iad.ime4qh.use1.cache.amazonaws.com:6379 elapsed=103227ms ok=true
[2m2026-03-16T16:19:37.223035Z[0m [33m WARN[0m [2mredis::cluster_async[0m[2m:[0m DIAG try_cmd_request: node=shohame-global-data-store-iad-0002-001.shohame-global-data-store-iad.ime4qh.use1.cache.amazonaws.com:6379 elapsed=103227ms ok=true
[2m2026-03-16T16:19:37.223039Z[0m [33m WARN[0m [2mredis::cluster_async[0m[2m:[0m DIAG try_cmd_request: node=shohame-global-data-store-iad-0002-001.shohame-global-data-store-iad.ime4qh.use1.cache.amazonaws.com:6379 elapsed=103227ms ok=true
[2m2026-03-16T16:19:37.223188Z[0m [33m WARN[0m [2mredis::cluster_async[0m[2m:[0m DIAG poll_complete: pending_queue=0 in_flight=294417 shed=0 new=0 done=16 cancelled=10 retry=0 refresh=0 reconnect=0
[2m2026-03-16T16:19:37.223400Z[0m [33m WARN[0m [2mredis::aio::multiplexed_connection[0m[2m:[0m DIAG send_recv: pipeline channel send took 102769ms (backpressure from slow TCP)
[2m2026-03-16T16:19:37.223405Z[0m [33m WARN[0m [2mredis::aio::multiplexed_connection[0m[2m:[0m DIAG send_recv: pipeline channel send took 102769ms (backpressure from slow TCP)
[2m2026-03-16T16:19:37.223407Z[0m [33m WARN[0m [2mredis::aio::multiplexed_connection[0m[2m:[0m DIAG send_recv: pipeline channel send took 102769ms (backpressure from slow TCP)
[2m2026-03-16T16:19:37.223410Z[0m [33m WARN[0m [2mredis::aio::multiplexed_connection[0m[2m:[0m DIAG send_recv: pipeline channel send took 102769ms (backpressure from slow TCP)
[2m2026-03-16T16:19:37.223413Z[0m [33m WARN[0m [2mredis::aio::multiplexed_connection[0m[2m:[0m DIAG send_recv: pipeline channel send took 102769ms (backpressure from slow TCP)
[2m2026-03-16T16:19:37.223420Z[0m [33m WARN[0m [2mredis::aio::multiplexed_connection[0m[2m:[0m DIAG send_recv: pipeline channel send took 102769ms (backpressure from slow TCP)
[2m2026-03-16T16:19:37.223423Z[0m [33m WARN[0m [2mredis::aio::multiplexed_connection[0m[2m:[0m DIAG send_recv: pipeline channel send took 102769ms (backpressure from slow TCP)
[2m2026-03-16T16:19:37.223426Z[0m [33m WARN[0m [2mredis::aio::multiplexed_connection[0m[2m:[0m DIAG send_recv: pipeline channel send took 102766ms (backpressure from slow TCP)
[2m2026-03-16T16:19:37.223428Z[0m [33m WARN[0m [2mredis::aio::multiplexed_connection[0m[2m:[0m DIAG send_recv: pipeline channel send took 102766ms (backpressure from slow TCP)
[2m2026-03-16T16:19:37.223431Z[0m [33m WARN[0m [2mredis::aio::multiplexed_connection[0m[2m:[0m DIAG send_recv: pipeline channel send took 102766ms (backpressure from slow TCP)
[2m2026-03-16T16:19:37.223434Z[0m [33m WARN[0m [2mredis::aio::multiplexed_connection[0m[2m:[0m DIAG send_recv: pipeline channel send took 102765ms (backpressure from slow TCP)
[2m2026-03-16T16:19:37.223437Z[0m [33m WARN[0m [2mredis::aio::multiplexed_connection[0m[2m:[0m DIAG send_recv: pipeline channel send took 102765ms (backpressure from slow TCP)
[2m2026-03-16T16:19:37.223440Z[0m [33m WARN[0m [2mredis::aio::multiplexed_connection[0m[2m:[0m DIAG send_recv: pipeline channel send took 102765ms (backpressure from slow TCP)
[2m2026-03-16T16:19:37.223443Z[0m [33m WARN[0m [2mredis::aio::multiplexed_connection[0m[2m:[0m DIAG send_recv: pipeline channel send took 102765ms (backpressure from slow TCP)
[2m2026-03-16T16:19:37.223446Z[0m [33m WARN[0m [2mredis::aio::multiplexed_connection[0m[2m:[0m DIAG send_recv: pipeline channel send took 102765ms (backpressure from slow TCP)
[2m2026-03-16T16:19:37.223449Z[0m [33m WARN[0m [2mredis::aio::multiplexed_connection[0m[2m:[0m DIAG send_recv: pipeline channel send took 102764ms (backpressure from slow TCP)
[2m2026-03-16T16:19:37.223452Z[0m [33m WARN[0m [2mredis::aio::multiplexed_connection[0m[2m:[0m DIAG send_recv: pipeline channel send took 102764ms (backpressure from slow TCP)
[2m2026-03-16T16:19:37.223454Z[0m [33m WARN[0m [2mredis::aio::multiplexed_connection[0m[2m:[0m DIAG send_recv: pipeline channel send took 102763ms (backpressure from slow TCP)
[2m2026-03-16T16:19:37.223457Z[0m [33m WARN[0m [2mredis::aio::multiplexed_connection[0m[2m:[0m DIAG send_recv: pipeline channel send took 102763ms (backpressure from slow TCP)
[2m2026-03-16T16:19:37.223460Z[0m [33m WARN[0m [2mredis::aio::multiplexed_connection[0m[2m:[0m DIAG send_recv: pipeline channel send took 102763ms (backpressure from slow TCP)
[2m2026-03-16T16:19:37.223462Z[0m [33m WARN[0m [2mredis::aio::multiplexed_connection[0m[2m:[0m DIAG send_recv: pipeline channel send took 102763ms (backpressure from slow TCP)
[2m2026-03-16T16:19:37.223465Z[0m [33m WARN[0m [2mredis::aio::multiplexed_connection[0m[2m:[0m DIAG send_recv: pipeline channel send took 102763ms (backpressure from slow TCP)
[2m2026-03-16T16:19:37.223468Z[0m [33m WARN[0m [2mredis::aio::multiplexed_connection[0m[2m:[0m DIAG send_recv: pipeline channel send took 102763ms (backpressure from slow TCP)
[2m2026-03-16T16:19:37.223471Z[0m [33m WARN[0m [2mredis::aio::multiplexed_connection[0m[2m:[0m DIAG send_recv: pipeline channel send took 102763ms (backpressure from slow TCP)
[2m2026-03-16T16:19:37.223474Z[0m [33m WARN[0m [2mredis::aio::multiplexed_connection[0m[2m:[0m DIAG send_recv: pipeline channel send took 102763ms (backpressure from slow TCP)
[2m2026-03-16T16:19:37.223477Z[0m [33m WARN[0m [2mredis::aio::multiplexed_connection[0m[2m:[0m DIAG send_recv: pipeline channel send took 102762ms (backpressure from slow TCP)
[2m2026-03-16T16:19:37.223480Z[0m [33m WARN[0m [2mredis::aio::multiplexed_connection[0m[2m:[0m DIAG send_recv: pipeline channel send took 102762ms (backpressure from slow TCP)
[2m2026-03-16T16:19:37.223482Z[0m [33m WARN[0m [2mredis::aio::multiplexed_connection[0m[2m:[0m DIAG send_recv: pipeline channel send took 102762ms (backpressure from slow TCP)
[2m2026-03-16T16:19:37.223485Z[0m [33m WARN[0m [2mredis::aio::multiplexed_connection[0m[2m:[0m DIAG send_recv: pipeline channel send took 102757ms (backpressure from slow TCP)
[2m2026-03-16T16:19:37.223488Z[0m [33m WARN[0m [2mredis::aio::multiplexed_connection[0m[2m:[0m DIAG send_recv: pipeline channel send took 102755ms (backpressure from slow TCP)
[2m2026-03-16T16:19:37.223490Z[0m [33m WARN[0m [2mredis::aio::multiplexed_connection[0m[2m:[0m DIAG send_recv: pipeline channel send took 102755ms (backpressure from slow TCP)
[2m2026-03-16T16:19:37.223493Z[0m [33m WARN[0m [2mredis::aio::multiplexed_connection[0m[2m:[0m DIAG send_recv: pipeline channel send took 102755ms (backpressure from slow TCP)
[2m2026-03-16T16:19:37.223517Z[0m [33m WARN[0m [2mredis::aio::multiplexed_connection[0m[2m:[0m DIAG send_recv: pipeline channel send took 102755ms (backpressure from slow TCP)
[2m2026-03-16T16:19:37.223520Z[0m [33m WARN[0m [2mredis::aio::multiplexed_connection[0m[2m:[0m DIAG send_recv: pipeline channel send took 102755ms (backpressure from slow TCP)
[2m2026-03-16T16:19:37.223522Z[0m [33m WARN[0m [2mredis::aio::multiplexed_connection[0m[2m:[0m DIAG send_recv: pipeline channel send took 102754ms (backpressure from slow TCP)
[2m2026-03-16T16:19:37.223525Z[0m [33m WARN[0m [2mredis::aio::multiplexed_connection[0m[2m:[0m DIAG send_recv: pipeline channel send took 102754ms (backpressure from slow TCP)
[2m2026-03-16T16:19:37.223528Z[0m [33m WARN[0m [2mredis::aio::multiplexed_connection[0m[2m:[0m DIAG send_recv: pipeline channel send took 102752ms (backpressure from slow TCP)
[2m2026-03-16T16:19:37.223531Z[0m [33m WARN[0m [2mredis::aio::multiplexed_connection[0m[2m:[0m DIAG send_recv: pipeline channel send took 102752ms (backpressure from slow TCP)
[2m2026-03-16T16:19:37.223533Z[0m [33m WARN[0m [2mredis::aio::multiplexed_connection[0m[2m:[0m DIAG send_recv: pipeline channel send took 102750ms (backpressure from slow TCP)
[2m2026-03-16T16:19:37.223536Z[0m [33m WARN[0m [2mredis::aio::multiplexed_connection[0m[2m:[0m DIAG send_recv: pipeline channel send took 102750ms (backpressure from slow TCP)
[2m2026-03-16T16:19:37.223539Z[0m [33m WARN[0m [2mredis::aio::multiplexed_connection[0m[2m:[0m DIAG send_recv: pipeline channel send took 102750ms (backpressure from slow TCP)
[2m2026-03-16T16:19:37.223542Z[0m [33m WARN[0m [2mredis::aio::multiplexed_connection[0m[2m:[0m DIAG send_recv: pipeline channel send took 102750ms (backpressure from slow TCP)
[2m2026-03-16T16:19:37.223544Z[0m [33m WARN[0m [2mredis::aio::multiplexed_connection[0m[2m:[0m DIAG send_recv: pipeline channel send took 102750ms (backpressure from slow TCP)
[2m2026-03-16T16:19:37.223547Z[0m [33m WARN[0m [2mredis::aio::multiplexed_connection[0m[2m:[0m DIAG send_recv: pipeline channel send took 102745ms (backpressure from slow TCP)
[2m2026-03-16T16:19:37.223550Z[0m [33m WARN[0m [2mredis::aio::multiplexed_connection[0m[2m:[0m DIAG send_recv: pipeline channel send took 102744ms (backpressure from slow TCP)
[2m2026-03-16T16:19:37.223553Z[0m [33m WARN[0m [2mredis::aio::multiplexed_connection[0m[2m:[0m DIAG send_recv: pipeline channel send took 102741ms (backpressure from slow TCP)
[2m2026-03-16T16:19:37.223555Z[0m [33m WARN[0m [2mredis::aio::multiplexed_connection[0m[2m:[0m DIAG send_recv: pipeline channel send took 102741ms (backpressure from slow TCP)
[2m2026-03-16T16:19:37.223558Z[0m [33m WARN[0m [2mredis::aio::multiplexed_connection[0m[2m:[0m DIAG send_recv: pipeline channel send took 102741ms (backpressure from slow TCP)
[2m2026-03-16T16:19:37.223560Z[0m [33m WARN[0m [2mredis::aio::multiplexed_connection[0m[2m:[0m DIAG send_recv: pipeline channel send took 102740ms (backpressure from slow TCP)
[2m2026-03-16T16:19:37.223563Z[0m [33m WARN[0m [2mredis::aio::multiplexed_connection[0m[2m:[0m DIAG send_recv: pipeline channel send took 102739ms (backpressure from slow TCP)
[2m2026-03-16T16:19:37.223788Z[0m [33m WARN[0m [2mredis::aio::multiplexed_connection[0m[2m:[0m DIAG send_recv: pipeline channel send took 102739ms (backpressure from slow TCP)
[2m2026-03-16T16:19:37.223794Z[0m [33m WARN[0m [2mredis::aio::multiplexed_connection[0m[2m:[0m DIAG send_recv: pipeline channel send took 102739ms (backpressure from slow TCP)
[2m2026-03-16T16:19:37.223796Z[0m [33m WARN[0m [2mredis::aio::multiplexed_connection[0m[2m:[0m DIAG send_recv: pipeline channel send took 102738ms (backpressure from slow TCP)
[2m2026-03-16T16:19:37.223800Z[0m [33m WARN[0m [2mredis::aio::multiplexed_connection[0m[2m:[0m DIAG send_recv: pipeline channel send took 102738ms (backpressure from slow TCP)
[2m2026-03-16T16:19:37.223802Z[0m [33m WARN[0m [2mredis::aio::multiplexed_connection[0m[2m:[0m DIAG send_recv: pipeline channel send took 102734ms (backpressure from slow TCP)
[2m2026-03-16T16:19:37.223805Z[0m [33m WARN[0m [2mredis::aio::multiplexed_connection[0m[2m:[0m DIAG send_recv: pipeline channel send took 102734ms (backpressure from slow TCP)
[2m2026-03-16T16:19:37.223807Z[0m [33m WARN[0m [2mredis::aio::multiplexed_connection[0m[2m:[0m DIAG send_recv: pipeline channel send took 102734ms (backpressure from slow TCP)
[2m2026-03-16T16:19:37.223810Z[0m [33m WARN[0m [2mredis::aio::multiplexed_connection[0m[2m:[0m DIAG send_recv: pipeline channel send took 102734ms (backpressure from slow TCP)
[2m2026-03-16T16:19:37.223812Z[0m [33m WARN[0m [2mredis::aio::multiplexed_connection[0m[2m:[0m DIAG send_recv: pipeline channel send took 102734ms (backpressure from slow TCP)
[2m2026-03-16T16:19:37.223815Z[0m [33m WARN[0m [2mredis::aio::multiplexed_connection[0m[2m:[0m DIAG send_recv: pipeline channel send took 102734ms (backpressure from slow TCP)
[2m2026-03-16T16:19:37.223818Z[0m [33m WARN[0m [2mredis::aio::multiplexed_connection[0m[2m:[0m DIAG send_recv: pipeline channel send took 102734ms (backpressure from slow TCP)
[2m2026-03-16T16:19:37.223821Z[0m [33m WARN[0m [2mredis::aio::multiplexed_connection[0m[2m:[0m DIAG send_recv: pipeline channel send took 102734ms (backpressure from slow TCP)
[2m2026-03-16T16:19:37.223824Z[0m [33m WARN[0m [2mredis::aio::multiplexed_connection[0m[2m:[0m DIAG send_recv: pipeline channel send took 102734ms (backpressure from slow TCP)
[2m2026-03-16T16:19:37.223826Z[0m [33m WARN[0m [2mredis::aio::multiplexed_connection[0m[2m:[0m DIAG send_recv: pipeline channel send took 102734ms (backpressure from slow TCP)
[2m2026-03-16T16:19:37.223829Z[0m [33m WARN[0m [2mredis::aio::multiplexed_connection[0m[2m:[0m DIAG send_recv: pipeline channel send took 102734ms (backpressure from slow TCP)
[2m2026-03-16T16:19:37.223832Z[0m [33m WARN[0m [2mredis::aio::multiplexed_connection[0m[2m:[0m DIAG send_recv: pipeline channel send took 102733ms (backpressure from slow TCP)
[2m2026-03-16T16:19:37.223876Z[0m [33m WARN[0m [2mredis::cluster_async[0m[2m:[0m DIAG try_cmd_request: node=shohame-global-data-store-iad-0002-001.shohame-global-data-store-iad.ime4qh.use1.cache.amazonaws.com:6379 elapsed=103095ms ok=true
[2m2026-03-16T16:19:37.223883Z[0m [33m WARN[0m [2mredis::cluster_async[0m[2m:[0m DIAG try_cmd_request: node=shohame-global-data-store-iad-0002-001.shohame-global-data-store-iad.ime4qh.use1.cache.amazonaws.com:6379 elapsed=103095ms ok=true
[2m2026-03-16T16:19:37.223889Z[0m [33m WARN[0m [2mredis::cluster_async[0m[2m:[0m DIAG try_cmd_request: node=shohame-global-data-store-iad-0002-001.shohame-global-data-store-iad.ime4qh.use1.cache.amazonaws.com:6379 elapsed=103095ms ok=true
[2m2026-03-16T16:19:37.223897Z[0m [33m WARN[0m [2mredis::cluster_async[0m[2m:[0m DIAG try_cmd_request: node=shohame-global-data-store-iad-0002-001.shohame-global-data-store-iad.ime4qh.use1.cache.amazonaws.com:6379 elapsed=103096ms ok=true
[2m2026-03-16T16:19:37.223903Z[0m [33m WARN[0m [2mredis::cluster_async[0m[2m:[0m DIAG try_cmd_request: node=shohame-global-data-store-iad-0002-001.shohame-global-data-store-iad.ime4qh.use1.cache.amazonaws.com:6379 elapsed=103096ms ok=true
[2m2026-03-16T16:19:37.223908Z[0m [33m WARN[0m [2mredis::cluster_async[0m[2m:[0m DIAG try_cmd_request: node=shohame-global-data-store-iad-0002-001.shohame-global-data-store-iad.ime4qh.use1.cache.amazonaws.com:6379 elapsed=103096ms ok=true
[2m2026-03-16T16:19:37.223915Z[0m [33m WARN[0m [2mredis::cluster_async[0m[2m:[0m DIAG try_cmd_request: node=shohame-global-data-store-iad-0002-001.shohame-global-data-store-iad.ime4qh.use1.cache.amazonaws.com:6379 elapsed=103096ms ok=true
[2m2026-03-16T16:19:37.223920Z[0m [33m WARN[0m [2mredis::cluster_async[0m[2m:[0m DIAG try_cmd_request: node=shohame-global-data-store-iad-0002-001.shohame-global-data-store-iad.ime4qh.use1.cache.amazonaws.com:6379 elapsed=103097ms ok=true
[2m2026-03-16T16:19:37.223927Z[0m [33m WARN[0m [2mredis::cluster_async[0m[2m:[0m DIAG try_cmd_request: node=shohame-global-data-store-iad-0002-001.shohame-global-data-store-iad.ime4qh.use1.cache.amazonaws.com:6379 elapsed=103099ms ok=true
[2m2026-03-16T16:19:37.223932Z[0m [33m WARN[0m [2mredis::cluster_async[0m[2m:[0m DIAG try_cmd_request: node=shohame-global-data-store-iad-0002-001.shohame-global-data-store-iad.ime4qh.use1.cache.amazonaws.com:6379 elapsed=103099ms ok=true
[2m2026-03-16T16:19:37.223939Z[0m [33m WARN[0m [2mredis::cluster_async[0m[2m:[0m DIAG try_cmd_request: node=shohame-global-data-store-iad-0002-001.shohame-global-data-store-iad.ime4qh.use1.cache.amazonaws.com:6379 elapsed=103099ms ok=true
[2m2026-03-16T16:19:37.223944Z[0m [33m WARN[0m [2mredis::cluster_async[0m[2m:[0m DIAG try_cmd_request: node=shohame-global-data-store-iad-0002-001.shohame-global-data-store-iad.ime4qh.use1.cache.amazonaws.com:6379 elapsed=103099ms ok=true
[2m2026-03-16T16:19:37.223950Z[0m [33m WARN[0m [2mredis::cluster_async[0m[2m:[0m DIAG try_cmd_request: node=shohame-global-data-store-iad-0002-001.shohame-global-data-store-iad.ime4qh.use1.cache.amazonaws.com:6379 elapsed=103100ms ok=true
[2m2026-03-16T16:19:37.223954Z[0m [33m WARN[0m [2mredis::cluster_async[0m[2m:[0m DIAG try_cmd_request: node=shohame-global-data-store-iad-0002-001.shohame-global-data-store-iad.ime4qh.use1.cache.amazonaws.com:6379 elapsed=103100ms ok=true
[2m2026-03-16T16:19:37.223960Z[0m [33m WARN[0m [2mredis::cluster_async[0m[2m:[0m DIAG try_cmd_request: node=shohame-global-data-store-iad-0002-001.shohame-global-data-store-iad.ime4qh.use1.cache.amazonaws.com:6379 elapsed=103101ms ok=true
[2m2026-03-16T16:19:37.223965Z[0m [33m WARN[0m [2mredis::cluster_async[0m[2m:[0m DIAG try_cmd_request: node=shohame-global-data-store-iad-0002-001.shohame-global-data-store-iad.ime4qh.use1.cache.amazonaws.com:6379 elapsed=103101ms ok=true
[2m2026-03-16T16:19:37.223981Z[0m [33m WARN[0m [2mredis::cluster_async[0m[2m:[0m DIAG try_cmd_request: node=shohame-global-data-store-iad-0002-001.shohame-global-data-store-iad.ime4qh.use1.cache.amazonaws.com:6379 elapsed=103102ms ok=true
[2m2026-03-16T16:19:37.223986Z[0m [33m WARN[0m [2mredis::cluster_async[0m[2m:[0m DIAG try_cmd_request: node=shohame-global-data-store-iad-0002-001.shohame-global-data-store-iad.ime4qh.use1.cache.amazonaws.com:6379 elapsed=103103ms ok=true
[2m2026-03-16T16:19:37.223991Z[0m [33m WARN[0m [2mredis::cluster_async[0m[2m:[0m DIAG try_cmd_request: node=shohame-global-data-store-iad-0002-001.shohame-global-data-store-iad.ime4qh.use1.cache.amazonaws.com:6379 elapsed=103103ms ok=true
[2m2026-03-16T16:19:37.223995Z[0m [33m WARN[0m [2mredis::cluster_async[0m[2m:[0m DIAG try_cmd_request: node=shohame-global-data-store-iad-0002-001.shohame-global-data-store-iad.ime4qh.use1.cache.amazonaws.com:6379 elapsed=103103ms ok=true
[2m2026-03-16T16:19:37.224000Z[0m [33m WARN[0m [2mredis::cluster_async[0m[2m:[0m DIAG try_cmd_request: node=shohame-global-data-store-iad-0002-001.shohame-global-data-store-iad.ime4qh.use1.cache.amazonaws.com:6379 elapsed=103112ms ok=true
[2m2026-03-16T16:19:37.224005Z[0m [33m WARN[0m [2mredis::cluster_async[0m[2m:[0m DIAG try_cmd_request: node=shohame-global-data-store-iad-0002-001.shohame-global-data-store-iad.ime4qh.use1.cache.amazonaws.com:6379 elapsed=103112ms ok=true
[2m2026-03-16T16:19:37.224012Z[0m [33m WARN[0m [2mredis::cluster_async[0m[2m:[0m DIAG try_cmd_request: node=shohame-global-data-store-iad-0002-001.shohame-global-data-store-iad.ime4qh.use1.cache.amazonaws.com:6379 elapsed=103113ms ok=true
[2m2026-03-16T16:19:37.224017Z[0m [33m WARN[0m [2mredis::cluster_async[0m[2m:[0m DIAG try_cmd_request: node=shohame-global-data-store-iad-0002-001.shohame-global-data-store-iad.ime4qh.use1.cache.amazonaws.com:6379 elapsed=103114ms ok=true
[2m2026-03-16T16:19:37.224022Z[0m [33m WARN[0m [2mredis::cluster_async[0m[2m:[0m DIAG try_cmd_request: node=shohame-global-data-store-iad-0002-001.shohame-global-data-store-iad.ime4qh.use1.cache.amazonaws.com:6379 elapsed=103114ms ok=true
[2m2026-03-16T16:19:37.224028Z[0m [33m WARN[0m [2mredis::cluster_async[0m[2m:[0m DIAG try_cmd_request: node=shohame-global-data-store-iad-0002-001.shohame-global-data-store-iad.ime4qh.use1.cache.amazonaws.com:6379 elapsed=103114ms ok=true
[2m2026-03-16T16:19:37.224032Z[0m [33m WARN[0m [2mredis::cluster_async[0m[2m:[0m DIAG try_cmd_request: node=shohame-global-data-store-iad-0002-001.shohame-global-data-store-iad.ime4qh.use1.cache.amazonaws.com:6379 elapsed=103114ms ok=true
[2m2026-03-16T16:19:37.224037Z[0m [33m WARN[0m [2mredis::cluster_async[0m[2m:[0m DIAG try_cmd_request: node=shohame-global-data-store-iad-0002-001.shohame-global-data-store-iad.ime4qh.use1.cache.amazonaws.com:6379 elapsed=103114ms ok=true
[2m2026-03-16T16:19:37.224042Z[0m [33m WARN[0m [2mredis::cluster_async[0m[2m:[0m DIAG try_cmd_request: node=shohame-global-data-store-iad-0002-001.shohame-global-data-store-iad.ime4qh.use1.cache.amazonaws.com:6379 elapsed=103114ms ok=true
[2m2026-03-16T16:19:37.224050Z[0m [33m WARN[0m [2mredis::cluster_async[0m[2m:[0m DIAG try_cmd_request: node=shohame-global-data-store-iad-0002-001.shohame-global-data-store-iad.ime4qh.use1.cache.amazonaws.com:6379 elapsed=103114ms ok=true
[2m2026-03-16T16:19:37.224055Z[0m [33m WARN[0m [2mredis::cluster_async[0m[2m:[0m DIAG try_cmd_request: node=shohame-global-data-store-iad-0002-001.shohame-global-data-store-iad.ime4qh.use1.cache.amazonaws.com:6379 elapsed=103114ms ok=true
[2m2026-03-16T16:19:37.224061Z[0m [33m WARN[0m [2mredis::cluster_async[0m[2m:[0m DIAG try_cmd_request: node=shohame-global-data-store-iad-0002-001.shohame-global-data-store-iad.ime4qh.use1.cache.amazonaws.com:6379 elapsed=103115ms ok=true
[2m2026-03-16T16:19:37.224066Z[0m [33m WARN[0m [2mredis::cluster_async[0m[2m:[0m DIAG try_cmd_request: node=shohame-global-data-store-iad-0002-001.shohame-global-data-store-iad.ime4qh.use1.cache.amazonaws.com:6379 elapsed=103116ms ok=true
[2m2026-03-16T16:19:37.224081Z[0m [33m WARN[0m [2mredis::cluster_async[0m[2m:[0m DIAG try_cmd_request: node=shohame-global-data-store-iad-0002-001.shohame-global-data-store-iad.ime4qh.use1.cache.amazonaws.com:6379 elapsed=103123ms ok=true
[2m2026-03-16T16:19:37.224087Z[0m [33m WARN[0m [2mredis::cluster_async[0m[2m:[0m DIAG try_cmd_request: node=shohame-global-data-store-iad-0002-001.shohame-global-data-store-iad.ime4qh.use1.cache.amazonaws.com:6379 elapsed=103124ms ok=true
[2m2026-03-16T16:19:37.224092Z[0m [33m WARN[0m [2mredis::cluster_async[0m[2m:[0m DIAG try_cmd_request: node=shohame-global-data-store-iad-0002-001.shohame-global-data-store-iad.ime4qh.use1.cache.amazonaws.com:6379 elapsed=103124ms ok=true
[2m2026-03-16T16:19:37.224101Z[0m [33m WARN[0m [2mredis::cluster_async[0m[2m:[0m DIAG try_cmd_request: node=shohame-global-data-store-iad-0002-001.shohame-global-data-store-iad.ime4qh.use1.cache.amazonaws.com:6379 elapsed=103124ms ok=true
[2m2026-03-16T16:19:37.224106Z[0m [33m WARN[0m [2mredis::cluster_async[0m[2m:[0m DIAG try_cmd_request: node=shohame-global-data-store-iad-0002-001.shohame-global-data-store-iad.ime4qh.use1.cache.amazonaws.com:6379 elapsed=103124ms ok=true
[2m2026-03-16T16:19:37.224111Z[0m [33m WARN[0m [2mredis::cluster_async[0m[2m:[0m DIAG try_cmd_request: node=shohame-global-data-store-iad-0002-001.shohame-global-data-store-iad.ime4qh.use1.cache.amazonaws.com:6379 elapsed=103124ms ok=true
[2m2026-03-16T16:19:37.224116Z[0m [33m WARN[0m [2mredis::cluster_async[0m[2m:[0m DIAG try_cmd_request: node=shohame-global-data-store-iad-0002-001.shohame-global-data-store-iad.ime4qh.use1.cache.amazonaws.com:6379 elapsed=103125ms ok=true
[2m2026-03-16T16:19:37.224124Z[0m [33m WARN[0m [2mredis::cluster_async[0m[2m:[0m DIAG try_cmd_request: node=shohame-global-data-store-iad-0002-001.shohame-global-data-store-iad.ime4qh.use1.cache.amazonaws.com:6379 elapsed=103125ms ok=true
[2m2026-03-16T16:19:37.224129Z[0m [33m WARN[0m [2mredis::cluster_async[0m[2m:[0m DIAG try_cmd_request: node=shohame-global-data-store-iad-0002-001.shohame-global-data-store-iad.ime4qh.use1.cache.amazonaws.com:6379 elapsed=103125ms ok=true
[2m2026-03-16T16:19:37.224134Z[0m [33m WARN[0m [2mredis::cluster_async[0m[2m:[0m DIAG try_cmd_request: node=shohame-global-data-store-iad-0002-001.shohame-global-data-store-iad.ime4qh.use1.cache.amazonaws.com:6379 elapsed=103125ms ok=true
[2m2026-03-16T16:19:37.224139Z[0m [33m WARN[0m [2mredis::cluster_async[0m[2m:[0m DIAG try_cmd_request: node=shohame-global-data-store-iad-0002-001.shohame-global-data-store-iad.ime4qh.use1.cache.amazonaws.com:6379 elapsed=103126ms ok=true
[2m2026-03-16T16:19:37.224145Z[0m [33m WARN[0m [2mredis::cluster_async[0m[2m:[0m DIAG try_cmd_request: node=shohame-global-data-store-iad-0002-001.shohame-global-data-store-iad.ime4qh.use1.cache.amazonaws.com:6379 elapsed=103126ms ok=true
[2m2026-03-16T16:19:37.224150Z[0m [33m WARN[0m [2mredis::cluster_async[0m[2m:[0m DIAG try_cmd_request: node=shohame-global-data-store-iad-0002-001.shohame-global-data-store-iad.ime4qh.use1.cache.amazonaws.com:6379 elapsed=103128ms ok=true
[2m2026-03-16T16:19:37.224155Z[0m [33m WARN[0m [2mredis::cluster_async[0m[2m:[0m DIAG try_cmd_request: node=shohame-global-data-store-iad-0002-001.shohame-global-data-store-iad.ime4qh.use1.cache.amazonaws.com:6379 elapsed=103128ms ok=true
[2m2026-03-16T16:19:37.224160Z[0m [33m WARN[0m [2mredis::cluster_async[0m[2m:[0m DIAG try_cmd_request: node=shohame-global-data-store-iad-0002-001.shohame-global-data-store-iad.ime4qh.use1.cache.amazonaws.com:6379 elapsed=103128ms ok=true
[2m2026-03-16T16:19:37.224167Z[0m [33m WARN[0m [2mredis::cluster_async[0m[2m:[0m DIAG try_cmd_request: node=shohame-global-data-store-iad-0002-001.shohame-global-data-store-iad.ime4qh.use1.cache.amazonaws.com:6379 elapsed=103129ms ok=true
[2m2026-03-16T16:19:37.224172Z[0m [33m WARN[0m [2mredis::cluster_async[0m[2m:[0m DIAG try_cmd_request: node=shohame-global-data-store-iad-0002-001.shohame-global-data-store-iad.ime4qh.use1.cache.amazonaws.com:6379 elapsed=103129ms ok=true
[2m2026-03-16T16:19:37.224177Z[0m [33m WARN[0m [2mredis::cluster_async[0m[2m:[0m DIAG try_cmd_request: node=shohame-global-data-store-iad-0002-001.shohame-global-data-store-iad.ime4qh.use1.cache.amazonaws.com:6379 elapsed=103129ms ok=true
[2m2026-03-16T16:19:37.224183Z[0m [33m WARN[0m [2mredis::cluster_async[0m[2m:[0m DIAG try_cmd_request: node=shohame-global-data-store-iad-0002-001.shohame-global-data-store-iad.ime4qh.use1.cache.amazonaws.com:6379 elapsed=103129ms ok=true
[2m2026-03-16T16:19:37.224188Z[0m [33m WARN[0m [2mredis::cluster_async[0m[2m:[0m DIAG try_cmd_request: node=shohame-global-data-store-iad-0002-001.shohame-global-data-store-iad.ime4qh.use1.cache.amazonaws.com:6379 elapsed=103130ms ok=true
[2m2026-03-16T16:19:37.224193Z[0m [33m WARN[0m [2mredis::cluster_async[0m[2m:[0m DIAG try_cmd_request: node=shohame-global-data-store-iad-0002-001.shohame-global-data-store-iad.ime4qh.use1.cache.amazonaws.com:6379 elapsed=103131ms ok=true
[2m2026-03-16T16:19:37.224201Z[0m [33m WARN[0m [2mredis::cluster_async[0m[2m:[0m DIAG try_cmd_request: node=shohame-global-data-store-iad-0002-001.shohame-global-data-store-iad.ime4qh.use1.cache.amazonaws.com:6379 elapsed=103131ms ok=true
[2m2026-03-16T16:19:37.224207Z[0m [33m WARN[0m [2mredis::cluster_async[0m[2m:[0m DIAG try_cmd_request: node=shohame-global-data-store-iad-0002-001.shohame-global-data-store-iad.ime4qh.use1.cache.amazonaws.com:6379 elapsed=103131ms ok=true
[2m2026-03-16T16:19:37.224213Z[0m [33m WARN[0m [2mredis::cluster_async[0m[2m:[0m DIAG try_cmd_request: node=shohame-global-data-store-iad-0002-001.shohame-global-data-store-iad.ime4qh.use1.cache.amazonaws.com:6379 elapsed=103131ms ok=true
[2m2026-03-16T16:19:37.224218Z[0m [33m WARN[0m [2mredis::cluster_async[0m[2m:[0m DIAG try_cmd_request: node=shohame-global-data-store-iad-0002-001.shohame-global-data-store-iad.ime4qh.use1.cache.amazonaws.com:6379 elapsed=103131ms ok=true
[2m2026-03-16T16:19:37.224267Z[0m [33m WARN[0m [2mredis::cluster_async[0m[2m:[0m DIAG try_cmd_request: node=shohame-global-data-store-iad-0002-001.shohame-global-data-store-iad.ime4qh.use1.cache.amazonaws.com:6379 elapsed=103131ms ok=true
[2m2026-03-16T16:19:37.224275Z[0m [33m WARN[0m [2mredis::cluster_async[0m[2m:[0m DIAG try_cmd_request: node=shohame-global-data-store-iad-0002-001.shohame-global-data-store-iad.ime4qh.use1.cache.amazonaws.com:6379 elapsed=103131ms ok=true
[2m2026-03-16T16:19:37.224279Z[0m [33m WARN[0m [2mredis::cluster_async[0m[2m:[0m DIAG try_cmd_request: node=shohame-global-data-store-iad-0002-001.shohame-global-data-store-iad.ime4qh.use1.cache.amazonaws.com:6379 elapsed=103132ms ok=true
[2m2026-03-16T16:19:37.224285Z[0m [33m WARN[0m [2mredis::cluster_async[0m[2m:[0m DIAG try_cmd_request: node=shohame-global-data-store-iad-0002-001.shohame-global-data-store-iad.ime4qh.use1.cache.amazonaws.com:6379 elapsed=103132ms ok=true
[2m2026-03-16T16:19:37.224293Z[0m [33m WARN[0m [2mredis::cluster_async[0m[2m:[0m DIAG try_cmd_request: node=shohame-global-data-store-iad-0002-001.shohame-global-data-store-iad.ime4qh.use1.cache.amazonaws.com:6379 elapsed=103132ms ok=true
[2m2026-03-16T16:19:37.224320Z[0m [33m WARN[0m [2mredis::cluster_async[0m[2m:[0m DIAG try_cmd_request: node=shohame-global-data-store-iad-0002-001.shohame-global-data-store-iad.ime4qh.use1.cache.amazonaws.com:6379 elapsed=103132ms ok=true
[2m2026-03-16T16:19:37.224325Z[0m [33m WARN[0m [2mredis::cluster_async[0m[2m:[0m DIAG try_cmd_request: node=shohame-global-data-store-iad-0002-001.shohame-global-data-store-iad.ime4qh.use1.cache.amazonaws.com:6379 elapsed=103134ms ok=true
[2m2026-03-16T16:19:37.224330Z[0m [33m WARN[0m [2mredis::cluster_async[0m[2m:[0m DIAG try_cmd_request: node=shohame-global-data-store-iad-0002-001.shohame-global-data-store-iad.ime4qh.use1.cache.amazonaws.com:6379 elapsed=103134ms ok=true
[2m2026-03-16T16:19:37.224335Z[0m [33m WARN[0m [2mredis::cluster_async[0m[2m:[0m DIAG try_cmd_request: node=shohame-global-data-store-iad-0002-001.shohame-global-data-store-iad.ime4qh.use1.cache.amazonaws.com:6379 elapsed=103137ms ok=true
[2m2026-03-16T16:19:37.224342Z[0m [33m WARN[0m [2mredis::cluster_async[0m[2m:[0m DIAG try_cmd_request: node=shohame-global-data-store-iad-0002-001.shohame-global-data-store-iad.ime4qh.use1.cache.amazonaws.com:6379 elapsed=103137ms ok=true
[2m2026-03-16T16:19:37.224346Z[0m [33m WARN[0m [2mredis::cluster_async[0m[2m:[0m DIAG try_cmd_request: node=shohame-global-data-store-iad-0002-001.shohame-global-data-store-iad.ime4qh.use1.cache.amazonaws.com:6379 elapsed=103139ms ok=true
[2m2026-03-16T16:19:37.224359Z[0m [33m WARN[0m [2mredis::cluster_async[0m[2m:[0m DIAG try_cmd_request: node=shohame-global-data-store-iad-0002-001.shohame-global-data-store-iad.ime4qh.use1.cache.amazonaws.com:6379 elapsed=103140ms ok=true
[2m2026-03-16T16:19:37.224364Z[0m [33m WARN[0m [2mredis::cluster_async[0m[2m:[0m DIAG try_cmd_request: node=shohame-global-data-store-iad-0002-001.shohame-global-data-store-iad.ime4qh.use1.cache.amazonaws.com:6379 elapsed=103140ms ok=true
[2m2026-03-16T16:19:37.224369Z[0m [33m WARN[0m [2mredis::cluster_async[0m[2m:[0m DIAG try_cmd_request: node=shohame-global-data-store-iad-0002-001.shohame-global-data-store-iad.ime4qh.use1.cache.amazonaws.com:6379 elapsed=103141ms ok=true
[2m2026-03-16T16:19:37.224373Z[0m [33m WARN[0m [2mredis::cluster_async[0m[2m:[0m DIAG try_cmd_request: node=shohame-global-data-store-iad-0002-001.shohame-global-data-store-iad.ime4qh.use1.cache.amazonaws.com:6379 elapsed=103141ms ok=true
[2m2026-03-16T16:19:37.224377Z[0m [33m WARN[0m [2mredis::cluster_async[0m[2m:[0m DIAG try_cmd_request: node=shohame-global-data-store-iad-0002-001.shohame-global-data-store-iad.ime4qh.use1.cache.amazonaws.com:6379 elapsed=103141ms ok=true
[2m2026-03-16T16:19:37.224381Z[0m [33m WARN[0m [2mredis::cluster_async[0m[2m:[0m DIAG try_cmd_request: node=shohame-global-data-store-iad-0002-001.shohame-global-data-store-iad.ime4qh.use1.cache.amazonaws.com:6379 elapsed=103142ms ok=true
[2m2026-03-16T16:19:37.224385Z[0m [33m WARN[0m [2mredis::cluster_async[0m[2m:[0m DIAG try_cmd_request: node=shohame-global-data-store-iad-0002-001.shohame-global-data-store-iad.ime4qh.use1.cache.amazonaws.com:6379 elapsed=103142ms ok=true
[2m2026-03-16T16:19:37.224393Z[0m [33m WARN[0m [2mredis::cluster_async[0m[2m:[0m DIAG try_cmd_request: node=shohame-global-data-store-iad-0002-001.shohame-global-data-store-iad.ime4qh.use1.cache.amazonaws.com:6379 elapsed=103144ms ok=true
[2m2026-03-16T16:19:37.224396Z[0m [33m WARN[0m [2mredis::cluster_async[0m[2m:[0m DIAG try_cmd_request: node=shohame-global-data-store-iad-0002-001.shohame-global-data-store-iad.ime4qh.use1.cache.amazonaws.com:6379 elapsed=103145ms ok=true
[2m2026-03-16T16:19:37.224401Z[0m [33m WARN[0m [2mredis::cluster_async[0m[2m:[0m DIAG try_cmd_request: node=shohame-global-data-store-iad-0002-001.shohame-global-data-store-iad.ime4qh.use1.cache.amazonaws.com:6379 elapsed=103145ms ok=true
[2m2026-03-16T16:19:37.224405Z[0m [33m WARN[0m [2mredis::cluster_async[0m[2m:[0m DIAG try_cmd_request: node=shohame-global-data-store-iad-0002-001.shohame-global-data-store-iad.ime4qh.use1.cache.amazonaws.com:6379 elapsed=103145ms ok=true
[2m2026-03-16T16:19:37.224411Z[0m [33m WARN[0m [2mredis::cluster_async[0m[2m:[0m DIAG try_cmd_request: node=shohame-global-data-store-iad-0002-001.shohame-global-data-store-iad.ime4qh.use1.cache.amazonaws.com:6379 elapsed=103146ms ok=true
[2m2026-03-16T16:19:37.224415Z[0m [33m WARN[0m [2mredis::cluster_async[0m[2m:[0m DIAG try_cmd_request: node=shohame-global-data-store-iad-0002-001.shohame-global-data-store-iad.ime4qh.use1.cache.amazonaws.com:6379 elapsed=103146ms ok=true
[2m2026-03-16T16:19:37.224421Z[0m [33m WARN[0m [2mredis::cluster_async[0m[2m:[0m DIAG try_cmd_request: node=shohame-global-data-store-iad-0002-001.shohame-global-data-store-iad.ime4qh.use1.cache.amazonaws.com:6379 elapsed=103146ms ok=true
[2m2026-03-16T16:19:37.224425Z[0m [33m WARN[0m [2mredis::cluster_async[0m[2m:[0m DIAG try_cmd_request: node=shohame-global-data-store-iad-0002-001.shohame-global-data-store-iad.ime4qh.use1.cache.amazonaws.com:6379 elapsed=103147ms ok=true
[2m2026-03-16T16:19:37.224429Z[0m [33m WARN[0m [2mredis::cluster_async[0m[2m:[0m DIAG try_cmd_request: node=shohame-global-data-store-iad-0002-001.shohame-global-data-store-iad.ime4qh.use1.cache.amazonaws.com:6379 elapsed=103148ms ok=true
[2m2026-03-16T16:19:37.224433Z[0m [33m WARN[0m [2mredis::cluster_async[0m[2m:[0m DIAG try_cmd_request: node=shohame-global-data-store-iad-0002-001.shohame-global-data-store-iad.ime4qh.use1.cache.amazonaws.com:6379 elapsed=103149ms ok=true
[2m2026-03-16T16:19:37.224439Z[0m [33m WARN[0m [2mredis::cluster_async[0m[2m:[0m DIAG try_cmd_request: node=shohame-global-data-store-iad-0002-001.shohame-global-data-store-iad.ime4qh.use1.cache.amazonaws.com:6379 elapsed=103150ms ok=true
[2m2026-03-16T16:19:37.224443Z[0m [33m WARN[0m [2mredis::cluster_async[0m[2m:[0m DIAG try_cmd_request: node=shohame-global-data-store-iad-0002-001.shohame-global-data-store-iad.ime4qh.use1.cache.amazonaws.com:6379 elapsed=103150ms ok=true
[2m2026-03-16T16:19:37.224458Z[0m [33m WARN[0m [2mredis::cluster_async[0m[2m:[0m DIAG try_cmd_request: node=shohame-global-data-store-iad-0002-001.shohame-global-data-store-iad.ime4qh.use1.cache.amazonaws.com:6379 elapsed=103150ms ok=true
[2m2026-03-16T16:19:37.224465Z[0m [33m WARN[0m [2mredis::cluster_async[0m[2m:[0m DIAG try_cmd_request: node=shohame-global-data-store-iad-0002-001.shohame-global-data-store-iad.ime4qh.use1.cache.amazonaws.com:6379 elapsed=103151ms ok=true
[2m2026-03-16T16:19:37.224470Z[0m [33m WARN[0m [2mredis::cluster_async[0m[2m:[0m DIAG try_cmd_request: node=shohame-global-data-store-iad-0002-001.shohame-global-data-store-iad.ime4qh.use1.cache.amazonaws.com:6379 elapsed=103151ms ok=true
[2m2026-03-16T16:19:37.224475Z[0m [33m WARN[0m [2mredis::cluster_async[0m[2m:[0m DIAG try_cmd_request: node=shohame-global-data-store-iad-0002-001.shohame-global-data-store-iad.ime4qh.use1.cache.amazonaws.com:6379 elapsed=103151ms ok=true
[2m2026-03-16T16:19:37.224482Z[0m [33m WARN[0m [2mredis::cluster_async[0m[2m:[0m DIAG try_cmd_request: node=shohame-global-data-store-iad-0002-001.shohame-global-data-store-iad.ime4qh.use1.cache.amazonaws.com:6379 elapsed=103151ms ok=true
[2m2026-03-16T16:19:37.224489Z[0m [33m WARN[0m [2mredis::cluster_async[0m[2m:[0m DIAG try_cmd_request: node=shohame-global-data-store-iad-0002-001.shohame-global-data-store-iad.ime4qh.use1.cache.amazonaws.com:6379 elapsed=103151ms ok=true
[2m2026-03-16T16:19:37.224514Z[0m [33m WARN[0m [2mredis::cluster_async[0m[2m:[0m DIAG try_cmd_request: node=shohame-global-data-store-iad-0002-001.shohame-global-data-store-iad.ime4qh.use1.cache.amazonaws.com:6379 elapsed=103151ms ok=true
[2m2026-03-16T16:19:37.224520Z[0m [33m WARN[0m [2mredis::cluster_async[0m[2m:[0m DIAG try_cmd_request: node=shohame-global-data-store-iad-0002-001.shohame-global-data-store-iad.ime4qh.use1.cache.amazonaws.com:6379 elapsed=103152ms ok=true
[2m2026-03-16T16:19:37.224553Z[0m [33m WARN[0m [2mredis::cluster_async[0m[2m:[0m DIAG try_cmd_request: node=shohame-global-data-store-iad-0002-001.shohame-global-data-store-iad.ime4qh.use1.cache.amazonaws.com:6379 elapsed=103152ms ok=true
[2m2026-03-16T16:19:37.224557Z[0m [33m WARN[0m [2mredis::cluster_async[0m[2m:[0m DIAG try_cmd_request: node=shohame-global-data-store-iad-0002-001.shohame-global-data-store-iad.ime4qh.use1.cache.amazonaws.com:6379 elapsed=103153ms ok=true
[2m2026-03-16T16:19:37.224562Z[0m [33m WARN[0m [2mredis::cluster_async[0m[2m:[0m DIAG try_cmd_request: node=shohame-global-data-store-iad-0002-001.shohame-global-data-store-iad.ime4qh.use1.cache.amazonaws.com:6379 elapsed=103153ms ok=true
[2m2026-03-16T16:19:37.224566Z[0m [33m WARN[0m [2mredis::cluster_async[0m[2m:[0m DIAG try_cmd_request: node=shohame-global-data-store-iad-0002-001.shohame-global-data-store-iad.ime4qh.use1.cache.amazonaws.com:6379 elapsed=103153ms ok=true
[2m2026-03-16T16:19:37.224570Z[0m [33m WARN[0m [2mredis::cluster_async[0m[2m:[0m DIAG try_cmd_request: node=shohame-global-data-store-iad-0002-001.shohame-global-data-store-iad.ime4qh.use1.cache.amazonaws.com:6379 elapsed=103154ms ok=true
[2m2026-03-16T16:19:37.224574Z[0m [33m WARN[0m [2mredis::cluster_async[0m[2m:[0m DIAG try_cmd_request: node=shohame-global-data-store-iad-0002-001.shohame-global-data-store-iad.ime4qh.use1.cache.amazonaws.com:6379 elapsed=103154ms ok=true
[2m2026-03-16T16:19:37.224578Z[0m [33m WARN[0m [2mredis::cluster_async[0m[2m:[0m DIAG try_cmd_request: node=shohame-global-data-store-iad-0002-001.shohame-global-data-store-iad.ime4qh.use1.cache.amazonaws.com:6379 elapsed=103154ms ok=true
[2m2026-03-16T16:19:37.224582Z[0m [33m WARN[0m [2mredis::cluster_async[0m[2m:[0m DIAG try_cmd_request: node=shohame-global-data-store-iad-0002-001.shohame-global-data-store-iad.ime4qh.use1.cache.amazonaws.com:6379 elapsed=103155ms ok=true
[2m2026-03-16T16:19:37.224586Z[0m [33m WARN[0m [2mredis::cluster_async[0m[2m:[0m DIAG try_cmd_request: node=shohame-global-data-store-iad-0002-001.shohame-global-data-store-iad.ime4qh.use1.cache.amazonaws.com:6379 elapsed=103165ms ok=true
[2m2026-03-16T16:19:37.224591Z[0m [33m WARN[0m [2mredis::cluster_async[0m[2m:[0m DIAG try_cmd_request: node=shohame-global-data-store-iad-0002-001.shohame-global-data-store-iad.ime4qh.use1.cache.amazonaws.com:6379 elapsed=103165ms ok=true
[2m2026-03-16T16:19:37.224595Z[0m [33m WARN[0m [2mredis::cluster_async[0m[2m:[0m DIAG try_cmd_request: node=shohame-global-data-store-iad-0002-001.shohame-global-data-store-iad.ime4qh.use1.cache.amazonaws.com:6379 elapsed=103166ms ok=true
[2m2026-03-16T16:19:37.224599Z[0m [33m WARN[0m [2mredis::cluster_async[0m[2m:[0m DIAG try_cmd_request: node=shohame-global-data-store-iad-0002-001.shohame-global-data-store-iad.ime4qh.use1.cache.amazonaws.com:6379 elapsed=103166ms ok=true
[2m2026-03-16T16:19:37.224604Z[0m [33m WARN[0m [2mredis::cluster_async[0m[2m:[0m DIAG try_cmd_request: node=shohame-global-data-store-iad-0002-001.shohame-global-data-store-iad.ime4qh.use1.cache.amazonaws.com:6379 elapsed=103166ms ok=true
[2m2026-03-16T16:19:37.224633Z[0m [33m WARN[0m [2mredis::cluster_async[0m[2m:[0m DIAG try_cmd_request: node=shohame-global-data-store-iad-0002-001.shohame-global-data-store-iad.ime4qh.use1.cache.amazonaws.com:6379 elapsed=103166ms ok=true
[2m2026-03-16T16:19:37.224638Z[0m [33m WARN[0m [2mredis::cluster_async[0m[2m:[0m DIAG try_cmd_request: node=shohame-global-data-store-iad-0002-001.shohame-global-data-store-iad.ime4qh.use1.cache.amazonaws.com:6379 elapsed=103166ms ok=true
[2m2026-03-16T16:19:37.224642Z[0m [33m WARN[0m [2mredis::cluster_async[0m[2m:[0m DIAG try_cmd_request: node=shohame-global-data-store-iad-0002-001.shohame-global-data-store-iad.ime4qh.use1.cache.amazonaws.com:6379 elapsed=103166ms ok=true
[2m2026-03-16T16:19:37.224646Z[0m [33m WARN[0m [2mredis::cluster_async[0m[2m:[0m DIAG try_cmd_request: node=shohame-global-data-store-iad-0002-001.shohame-global-data-store-iad.ime4qh.use1.cache.amazonaws.com:6379 elapsed=103166ms ok=true
[2m2026-03-16T16:19:37.224651Z[0m [33m WARN[0m [2mredis::cluster_async[0m[2m:[0m DIAG try_cmd_request: node=shohame-global-data-store-iad-0002-001.shohame-global-data-store-iad.ime4qh.use1.cache.amazonaws.com:6379 elapsed=103167ms ok=true
[2m2026-03-16T16:19:37.224655Z[0m [33m WARN[0m [2mredis::cluster_async[0m[2m:[0m DIAG try_cmd_request: node=shohame-global-data-store-iad-0002-001.shohame-global-data-store-iad.ime4qh.use1.cache.amazonaws.com:6379 elapsed=103169ms ok=true
[2m2026-03-16T16:19:37.224660Z[0m [33m WARN[0m [2mredis::cluster_async[0m[2m:[0m DIAG try_cmd_request: node=shohame-global-data-store-iad-0002-001.shohame-global-data-store-iad.ime4qh.use1.cache.amazonaws.com:6379 elapsed=103169ms ok=true
[2m2026-03-16T16:19:37.224664Z[0m [33m WARN[0m [2mredis::cluster_async[0m[2m:[0m DIAG try_cmd_request: node=shohame-global-data-store-iad-0002-001.shohame-global-data-store-iad.ime4qh.use1.cache.amazonaws.com:6379 elapsed=103177ms ok=true
[2m2026-03-16T16:19:37.224668Z[0m [33m WARN[0m [2mredis::cluster_async[0m[2m:[0m DIAG try_cmd_request: node=shohame-global-data-store-iad-0002-001.shohame-global-data-store-iad.ime4qh.use1.cache.amazonaws.com:6379 elapsed=103177ms ok=true
[2m2026-03-16T16:19:37.224672Z[0m [33m WARN[0m [2mredis::cluster_async[0m[2m:[0m DIAG try_cmd_request: node=shohame-global-data-store-iad-0002-001.shohame-global-data-store-iad.ime4qh.use1.cache.amazonaws.com:6379 elapsed=103177ms ok=true
[2m2026-03-16T16:19:37.224676Z[0m [33m WARN[0m [2mredis::cluster_async[0m[2m:[0m DIAG try_cmd_request: node=shohame-global-data-store-iad-0002-001.shohame-global-data-store-iad.ime4qh.use1.cache.amazonaws.com:6379 elapsed=103177ms ok=true
[2m2026-03-16T16:19:37.224679Z[0m [33m WARN[0m [2mredis::cluster_async[0m[2m:[0m DIAG try_cmd_request: node=shohame-global-data-store-iad-0002-001.shohame-global-data-store-iad.ime4qh.use1.cache.amazonaws.com:6379 elapsed=103177ms ok=true
[2m2026-03-16T16:19:37.224688Z[0m [33m WARN[0m [2mredis::cluster_async[0m[2m:[0m DIAG try_cmd_request: node=shohame-global-data-store-iad-0002-001.shohame-global-data-store-iad.ime4qh.use1.cache.amazonaws.com:6379 elapsed=103178ms ok=true
[2m2026-03-16T16:19:37.224694Z[0m [33m WARN[0m [2mredis::cluster_async[0m[2m:[0m DIAG try_cmd_request: node=shohame-global-data-store-iad-0002-001.shohame-global-data-store-iad.ime4qh.use1.cache.amazonaws.com:6379 elapsed=103178ms ok=true
[2m2026-03-16T16:19:37.224698Z[0m [33m WARN[0m [2mredis::cluster_async[0m[2m:[0m DIAG try_cmd_request: node=shohame-global-data-store-iad-0002-001.shohame-global-data-store-iad.ime4qh.use1.cache.amazonaws.com:6379 elapsed=103178ms ok=true
[2m2026-03-16T16:19:37.224701Z[0m [33m WARN[0m [2mredis::cluster_async[0m[2m:[0m DIAG try_cmd_request: node=shohame-global-data-store-iad-0002-001.shohame-global-data-store-iad.ime4qh.use1.cache.amazonaws.com:6379 elapsed=103179ms ok=true
[2m2026-03-16T16:19:37.224705Z[0m [33m WARN[0m [2mredis::cluster_async[0m[2m:[0m DIAG try_cmd_request: node=shohame-global-data-store-iad-0002-001.shohame-global-data-store-iad.ime4qh.use1.cache.amazonaws.com:6379 elapsed=103179ms ok=true
[2m2026-03-16T16:19:37.224709Z[0m [33m WARN[0m [2mredis::cluster_async[0m[2m:[0m DIAG try_cmd_request: node=shohame-global-data-store-iad-0002-001.shohame-global-data-store-iad.ime4qh.use1.cache.amazonaws.com:6379 elapsed=103179ms ok=true
[2m2026-03-16T16:19:37.224714Z[0m [33m WARN[0m [2mredis::cluster_async[0m[2m:[0m DIAG try_cmd_request: node=shohame-global-data-store-iad-0002-001.shohame-global-data-store-iad.ime4qh.use1.cache.amazonaws.com:6379 elapsed=103179ms ok=true
[2m2026-03-16T16:19:37.225326Z[0m [33m WARN[0m [2mredis::cluster_async[0m[2m:[0m DIAG poll_complete: pending_queue=0 in_flight=294196 shed=0 new=0 done=128 cancelled=93 retry=0 refresh=0 reconnect=0
[2m2026-03-16T16:19:37.225729Z[0m [33m WARN[0m [2mredis::aio::multiplexed_connection[0m[2m:[0m DIAG send_recv: pipeline channel send took 102735ms (backpressure from slow TCP)
[2m2026-03-16T16:19:37.225735Z[0m [33m WARN[0m [2mredis::aio::multiplexed_connection[0m[2m:[0m DIAG send_recv: pipeline channel send took 102733ms (backpressure from slow TCP)
[2m2026-03-16T16:19:37.225737Z[0m [33m WARN[0m [2mredis::aio::multiplexed_connection[0m[2m:[0m DIAG send_recv: pipeline channel send took 102733ms (backpressure from slow TCP)
[2m2026-03-16T16:19:37.225740Z[0m [33m WARN[0m [2mredis::aio::multiplexed_connection[0m[2m:[0m DIAG send_recv: pipeline channel send took 102733ms (backpressure from slow TCP)
[2m2026-03-16T16:19:37.225742Z[0m [33m WARN[0m [2mredis::aio::multiplexed_connection[0m[2m:[0m DIAG send_recv: pipeline channel send took 102733ms (backpressure from slow TCP)
[2m2026-03-16T16:19:37.225745Z[0m [33m WARN[0m [2mredis::aio::multiplexed_connection[0m[2m:[0m DIAG send_recv: pipeline channel send took 102732ms (backpressure from slow TCP)
[2m2026-03-16T16:19:37.225747Z[0m [33m WARN[0m [2mredis::aio::multiplexed_connection[0m[2m:[0m DIAG send_recv: pipeline channel send took 102732ms (backpressure from slow TCP)
[2m2026-03-16T16:19:37.225750Z[0m [33m WARN[0m [2mredis::aio::multiplexed_connection[0m[2m:[0m DIAG send_recv: pipeline channel send took 102731ms (backpressure from slow TCP)
[2m2026-03-16T16:19:37.225753Z[0m [33m WARN[0m [2mredis::aio::multiplexed_connection[0m[2m:[0m DIAG send_recv: pipeline channel send took 102731ms (backpressure from slow TCP)
[2m2026-03-16T16:19:37.225756Z[0m [33m WARN[0m [2mredis::aio::multiplexed_connection[0m[2m:[0m DIAG send_recv: pipeline channel send took 102731ms (backpressure from slow TCP)
[2m2026-03-16T16:19:37.225759Z[0m [33m WARN[0m [2mredis::aio::multiplexed_connection[0m[2m:[0m DIAG send_recv: pipeline channel send took 102731ms (backpressure from slow TCP)
[2m2026-03-16T16:19:37.225761Z[0m [33m WARN[0m [2mredis::aio::multiplexed_connection[0m[2m:[0m DIAG send_recv: pipeline channel send took 102731ms (backpressure from slow TCP)
[2m2026-03-16T16:19:37.225764Z[0m [33m WARN[0m [2mredis::aio::multiplexed_connection[0m[2m:[0m DIAG send_recv: pipeline channel send took 102731ms (backpressure from slow TCP)
[2m2026-03-16T16:19:37.225766Z[0m [33m WARN[0m [2mredis::aio::multiplexed_connection[0m[2m:[0m DIAG send_recv: pipeline channel send took 102731ms (backpressure from slow TCP)
[2m2026-03-16T16:19:37.225769Z[0m [33m WARN[0m [2mredis::aio::multiplexed_connection[0m[2m:[0m DIAG send_recv: pipeline channel send took 102731ms (backpressure from slow TCP)
[2m2026-03-16T16:19:37.225771Z[0m [33m WARN[0m [2mredis::aio::multiplexed_connection[0m[2m:[0m DIAG send_recv: pipeline channel send took 102726ms (backpressure from slow TCP)
[2m2026-03-16T16:19:37.225774Z[0m [33m WARN[0m [2mredis::aio::multiplexed_connection[0m[2m:[0m DIAG send_recv: pipeline channel send took 102726ms (backpressure from slow TCP)
[2m2026-03-16T16:19:37.225808Z[0m [33m WARN[0m [2mredis::aio::multiplexed_connection[0m[2m:[0m DIAG send_recv: pipeline channel send took 102720ms (backpressure from slow TCP)
[2m2026-03-16T16:19:37.225812Z[0m [33m WARN[0m [2mredis::aio::multiplexed_connection[0m[2m:[0m DIAG send_recv: pipeline channel send took 102720ms (backpressure from slow TCP)
[2m2026-03-16T16:19:37.225814Z[0m [33m WARN[0m [2mredis::aio::multiplexed_connection[0m[2m:[0m DIAG send_recv: pipeline channel send took 102720ms (backpressure from slow TCP)
[2m2026-03-16T16:19:37.225817Z[0m [33m WARN[0m [2mredis::aio::multiplexed_connection[0m[2m:[0m DIAG send_recv: pipeline channel send took 102720ms (backpressure from slow TCP)
[2m2026-03-16T16:19:37.225820Z[0m [33m WARN[0m [2mredis::aio::multiplexed_connection[0m[2m:[0m DIAG send_recv: pipeline channel send took 102720ms (backpressure from slow TCP)
[2m2026-03-16T16:19:37.225822Z[0m [33m WARN[0m [2mredis::aio::multiplexed_connection[0m[2m:[0m DIAG send_recv: pipeline channel send took 102720ms (backpressure from slow TCP)
[2m2026-03-16T16:19:37.225825Z[0m [33m WARN[0m [2mredis::aio::multiplexed_connection[0m[2m:[0m DIAG send_recv: pipeline channel send took 102720ms (backpressure from slow TCP)
[2m2026-03-16T16:19:37.225828Z[0m [33m WARN[0m [2mredis::aio::multiplexed_connection[0m[2m:[0m DIAG send_recv: pipeline channel send took 102720ms (backpressure from slow TCP)
[2m2026-03-16T16:19:37.225830Z[0m [33m WARN[0m [2mredis::aio::multiplexed_connection[0m[2m:[0m DIAG send_recv: pipeline channel send took 102720ms (backpressure from slow TCP)
[2m2026-03-16T16:19:37.225833Z[0m [33m WARN[0m [2mredis::aio::multiplexed_connection[0m[2m:[0m DIAG send_recv: pipeline channel send took 102719ms (backpressure from slow TCP)
[2m2026-03-16T16:19:37.225836Z[0m [33m WARN[0m [2mredis::aio::multiplexed_connection[0m[2m:[0m DIAG send_recv: pipeline channel send took 102716ms (backpressure from slow TCP)
[2m2026-03-16T16:19:37.225838Z[0m [33m WARN[0m [2mredis::aio::multiplexed_connection[0m[2m:[0m DIAG send_recv: pipeline channel send took 102715ms (backpressure from slow TCP)
[2m2026-03-16T16:19:37.225841Z[0m [33m WARN[0m [2mredis::aio::multiplexed_connection[0m[2m:[0m DIAG send_recv: pipeline channel send took 102715ms (backpressure from slow TCP)
[2m2026-03-16T16:19:37.225844Z[0m [33m WARN[0m [2mredis::aio::multiplexed_connection[0m[2m:[0m DIAG send_recv: pipeline channel send took 102715ms (backpressure from slow TCP)
[2m2026-03-16T16:19:37.225847Z[0m [33m WARN[0m [2mredis::aio::multiplexed_connection[0m[2m:[0m DIAG send_recv: pipeline channel send took 102715ms (backpressure from slow TCP)
[2m2026-03-16T16:19:37.225850Z[0m [33m WARN[0m [2mredis::aio::multiplexed_connection[0m[2m:[0m DIAG send_recv: pipeline channel send took 102715ms (backpressure from slow TCP)
[2m2026-03-16T16:19:37.225872Z[0m [33m WARN[0m [2mredis::aio::multiplexed_connection[0m[2m:[0m DIAG send_recv: pipeline channel send took 102715ms (backpressure from slow TCP)
[2m2026-03-16T16:19:37.225876Z[0m [33m WARN[0m [2mredis::aio::multiplexed_connection[0m[2m:[0m DIAG send_recv: pipeline channel send took 102714ms (backpressure from slow TCP)
[2m2026-03-16T16:19:37.225878Z[0m [33m WARN[0m [2mredis::aio::multiplexed_connection[0m[2m:[0m DIAG send_recv: pipeline channel send took 102714ms (backpressure from slow TCP)
[2m2026-03-16T16:19:37.225881Z[0m [33m WARN[0m [2mredis::aio::multiplexed_connection[0m[2m:[0m DIAG send_recv: pipeline channel send took 102714ms (backpressure from slow TCP)
[2m2026-03-16T16:19:37.225884Z[0m [33m WARN[0m [2mredis::aio::multiplexed_connection[0m[2m:[0m DIAG send_recv: pipeline channel send took 102714ms (backpressure from slow TCP)
[2m2026-03-16T16:19:37.225887Z[0m [33m WARN[0m [2mredis::aio::multiplexed_connection[0m[2m:[0m DIAG send_recv: pipeline channel send took 102714ms (backpressure from slow TCP)
[2m2026-03-16T16:19:37.225889Z[0m [33m WARN[0m [2mredis::aio::multiplexed_connection[0m[2m:[0m DIAG send_recv: pipeline channel send took 102714ms (backpressure from slow TCP)
[2m2026-03-16T16:19:37.225892Z[0m [33m WARN[0m [2mredis::aio::multiplexed_connection[0m[2m:[0m DIAG send_recv: pipeline channel send took 102714ms (backpressure from slow TCP)
[2m2026-03-16T16:19:37.225894Z[0m [33m WARN[0m [2mredis::aio::multiplexed_connection[0m[2m:[0m DIAG send_recv: pipeline channel send took 102713ms (backpressure from slow TCP)
[2m2026-03-16T16:19:37.225897Z[0m [33m WARN[0m [2mredis::aio::multiplexed_connection[0m[2m:[0m DIAG send_recv: pipeline channel send took 102713ms (backpressure from slow TCP)
[2m2026-03-16T16:19:37.225899Z[0m [33m WARN[0m [2mredis::aio::multiplexed_connection[0m[2m:[0m DIAG send_recv: pipeline channel send took 102713ms (backpressure from slow TCP)
[2m2026-03-16T16:19:37.225902Z[0m [33m WARN[0m [2mredis::aio::multiplexed_connection[0m[2m:[0m DIAG send_recv: pipeline channel send took 102713ms (backpressure from slow TCP)
[2m2026-03-16T16:19:37.225905Z[0m [33m WARN[0m [2mredis::aio::multiplexed_connection[0m[2m:[0m DIAG send_recv: pipeline channel send took 102712ms (backpressure from slow TCP)
[2m2026-03-16T16:19:37.225907Z[0m [33m WARN[0m [2mredis::aio::multiplexed_connection[0m[2m:[0m DIAG send_recv: pipeline channel send took 102711ms (backpressure from slow TCP)
[2m2026-03-16T16:19:37.225910Z[0m [33m WARN[0m [2mredis::aio::multiplexed_connection[0m[2m:[0m DIAG send_recv: pipeline channel send took 102710ms (backpressure from slow TCP)
[2m2026-03-16T16:19:37.225912Z[0m [33m WARN[0m [2mredis::aio::multiplexed_connection[0m[2m:[0m DIAG send_recv: pipeline channel send took 102707ms (backpressure from slow TCP)
[2m2026-03-16T16:19:37.225915Z[0m [33m WARN[0m [2mredis::aio::multiplexed_connection[0m[2m:[0m DIAG send_recv: pipeline channel send took 102706ms (backpressure from slow TCP)
[2m2026-03-16T16:19:37.226128Z[0m [33m WARN[0m [2mredis::aio::multiplexed_connection[0m[2m:[0m DIAG send_recv: pipeline channel send took 102706ms (backpressure from slow TCP)
[2m2026-03-16T16:19:37.226149Z[0m [33m WARN[0m [2mredis::aio::multiplexed_connection[0m[2m:[0m DIAG send_recv: pipeline channel send took 102705ms (backpressure from slow TCP)
[2m2026-03-16T16:19:37.226152Z[0m [33m WARN[0m [2mredis::aio::multiplexed_connection[0m[2m:[0m DIAG send_recv: pipeline channel send took 102704ms (backpressure from slow TCP)
[2m2026-03-16T16:19:37.226155Z[0m [33m WARN[0m [2mredis::aio::multiplexed_connection[0m[2m:[0m DIAG send_recv: pipeline channel send took 102704ms (backpressure from slow TCP)
[2m2026-03-16T16:19:37.226158Z[0m [33m WARN[0m [2mredis::aio::multiplexed_connection[0m[2m:[0m DIAG send_recv: pipeline channel send took 102704ms (backpressure from slow TCP)
[2m2026-03-16T16:19:37.226162Z[0m [33m WARN[0m [2mredis::aio::multiplexed_connection[0m[2m:[0m DIAG send_recv: pipeline channel send took 102703ms (backpressure from slow TCP)
[2m2026-03-16T16:19:37.226166Z[0m [33m WARN[0m [2mredis::aio::multiplexed_connection[0m[2m:[0m DIAG send_recv: pipeline channel send took 102702ms (backpressure from slow TCP)
[2m2026-03-16T16:19:37.226170Z[0m [33m WARN[0m [2mredis::aio::multiplexed_connection[0m[2m:[0m DIAG send_recv: pipeline channel send took 102702ms (backpressure from slow TCP)
[2m2026-03-16T16:19:37.226174Z[0m [33m WARN[0m [2mredis::aio::multiplexed_connection[0m[2m:[0m DIAG send_recv: pipeline channel send took 102701ms (backpressure from slow TCP)
[2m2026-03-16T16:19:37.226177Z[0m [33m WARN[0m [2mredis::aio::multiplexed_connection[0m[2m:[0m DIAG send_recv: pipeline channel send took 102701ms (backpressure from slow TCP)
[2m2026-03-16T16:19:37.226181Z[0m [33m WARN[0m [2mredis::aio::multiplexed_connection[0m[2m:[0m DIAG send_recv: pipeline channel send took 102696ms (backpressure from slow TCP)
[2m2026-03-16T16:19:37.226185Z[0m [33m WARN[0m [2mredis::aio::multiplexed_connection[0m[2m:[0m DIAG send_recv: pipeline channel send took 102693ms (backpressure from slow TCP)
[2m2026-03-16T16:19:37.226189Z[0m [33m WARN[0m [2mredis::aio::multiplexed_connection[0m[2m:[0m DIAG send_recv: pipeline channel send took 102690ms (backpressure from slow TCP)
[2m2026-03-16T16:19:37.226192Z[0m [33m WARN[0m [2mredis::aio::multiplexed_connection[0m[2m:[0m DIAG send_recv: pipeline channel send took 102689ms (backpressure from slow TCP)
[2m2026-03-16T16:19:37.226195Z[0m [33m WARN[0m [2mredis::aio::multiplexed_connection[0m[2m:[0m DIAG send_recv: pipeline channel send took 102689ms (backpressure from slow TCP)
[2m2026-03-16T16:19:37.226198Z[0m [33m WARN[0m [2mredis::aio::multiplexed_connection[0m[2m:[0m DIAG send_recv: pipeline channel send took 102689ms (backpressure from slow TCP)
[2m2026-03-16T16:19:37.226200Z[0m [33m WARN[0m [2mredis::aio::multiplexed_connection[0m[2m:[0m DIAG send_recv: pipeline channel send took 102689ms (backpressure from slow TCP)
[2m2026-03-16T16:19:37.226220Z[0m [33m WARN[0m [2mredis::aio::multiplexed_connection[0m[2m:[0m DIAG send_recv: pipeline channel send took 102688ms (backpressure from slow TCP)
[2m2026-03-16T16:19:37.226256Z[0m [33m WARN[0m [2mredis::aio::multiplexed_connection[0m[2m:[0m DIAG send_recv: pipeline channel send took 102669ms (backpressure from slow TCP)
[2m2026-03-16T16:19:37.226260Z[0m [33m WARN[0m [2mredis::aio::multiplexed_connection[0m[2m:[0m DIAG send_recv: pipeline channel send took 102669ms (backpressure from slow TCP)
[2m2026-03-16T16:19:37.226262Z[0m [33m WARN[0m [2mredis::aio::multiplexed_connection[0m[2m:[0m DIAG send_recv: pipeline channel send took 102668ms (backpressure from slow TCP)
[2m2026-03-16T16:19:37.226289Z[0m [33m WARN[0m [2mredis::aio::multiplexed_connection[0m[2m:[0m DIAG send_recv: pipeline channel send took 102668ms (backpressure from slow TCP)
[2m2026-03-16T16:19:37.226293Z[0m [33m WARN[0m [2mredis::aio::multiplexed_connection[0m[2m:[0m DIAG send_recv: pipeline channel send took 102668ms (backpressure from slow TCP)
[2m2026-03-16T16:19:37.226296Z[0m [33m WARN[0m [2mredis::aio::multiplexed_connection[0m[2m:[0m DIAG send_recv: pipeline channel send took 102668ms (backpressure from slow TCP)
[2m2026-03-16T16:19:37.226325Z[0m [33m WARN[0m [2mredis::aio::multiplexed_connection[0m[2m:[0m DIAG send_recv: pipeline channel send took 102670ms (backpressure from slow TCP)
[2m2026-03-16T16:19:37.226329Z[0m [33m WARN[0m [2mredis::aio::multiplexed_connection[0m[2m:[0m DIAG send_recv: pipeline channel send took 102670ms (backpressure from slow TCP)
[2m2026-03-16T16:19:37.226332Z[0m [33m WARN[0m [2mredis::aio::multiplexed_connection[0m[2m:[0m DIAG send_recv: pipeline channel send took 102670ms (backpressure from slow TCP)
[2m2026-03-16T16:19:37.226334Z[0m [33m WARN[0m [2mredis::aio::multiplexed_connection[0m[2m:[0m DIAG send_recv: pipeline channel send took 102670ms (backpressure from slow TCP)
[2m2026-03-16T16:19:37.226336Z[0m [33m WARN[0m [2mredis::aio::multiplexed_connection[0m[2m:[0m DIAG send_recv: pipeline channel send took 102674ms (backpressure from slow TCP)
[2m2026-03-16T16:19:37.226339Z[0m [33m WARN[0m [2mredis::aio::multiplexed_connection[0m[2m:[0m DIAG send_recv: pipeline channel send took 102675ms (backpressure from slow TCP)
[2m2026-03-16T16:19:37.226342Z[0m [33m WARN[0m [2mredis::aio::multiplexed_connection[0m[2m:[0m DIAG send_recv: pipeline channel send took 102678ms (backpressure from slow TCP)
[2m2026-03-16T16:19:37.226344Z[0m [33m WARN[0m [2mredis::aio::multiplexed_connection[0m[2m:[0m DIAG send_recv: pipeline channel send took 102678ms (backpressure from slow TCP)
[2m2026-03-16T16:19:37.226347Z[0m [33m WARN[0m [2mredis::aio::multiplexed_connection[0m[2m:[0m DIAG send_recv: pipeline channel send took 102680ms (backpressure from slow TCP)
[2m2026-03-16T16:19:37.226349Z[0m [33m WARN[0m [2mredis::aio::multiplexed_connection[0m[2m:[0m DIAG send_recv: pipeline channel send took 102681ms (backpressure from slow TCP)
[2m2026-03-16T16:19:37.226352Z[0m [33m WARN[0m [2mredis::aio::multiplexed_connection[0m[2m:[0m DIAG send_recv: pipeline channel send took 102681ms (backpressure from slow TCP)
[2m2026-03-16T16:19:37.226354Z[0m [33m WARN[0m [2mredis::aio::multiplexed_connection[0m[2m:[0m DIAG send_recv: pipeline channel send took 102682ms (backpressure from slow TCP)
[2m2026-03-16T16:19:37.226357Z[0m [33m WARN[0m [2mredis::aio::multiplexed_connection[0m[2m:[0m DIAG send_recv: pipeline channel send took 102682ms (backpressure from slow TCP)
[2m2026-03-16T16:19:37.226360Z[0m [33m WARN[0m [2mredis::aio::multiplexed_connection[0m[2m:[0m DIAG send_recv: pipeline channel send took 102682ms (backpressure from slow TCP)
[2m2026-03-16T16:19:37.226363Z[0m [33m WARN[0m [2mredis::aio::multiplexed_connection[0m[2m:[0m DIAG send_recv: pipeline channel send took 102682ms (backpressure from slow TCP)
[2m2026-03-16T16:19:37.226365Z[0m [33m WARN[0m [2mredis::aio::multiplexed_connection[0m[2m:[0m DIAG send_recv: pipeline channel send took 102682ms (backpressure from slow TCP)
[2m2026-03-16T16:19:37.226367Z[0m [33m WARN[0m [2mredis::aio::multiplexed_connection[0m[2m:[0m DIAG send_recv: pipeline channel send took 102682ms (backpressure from slow TCP)
[2m2026-03-16T16:19:37.226370Z[0m [33m WARN[0m [2mredis::aio::multiplexed_connection[0m[2m:[0m DIAG send_recv: pipeline channel send took 102682ms (backpressure from slow TCP)
[2m2026-03-16T16:19:37.226391Z[0m [33m WARN[0m [2mredis::aio::multiplexed_connection[0m[2m:[0m DIAG send_recv: pipeline channel send took 102682ms (backpressure from slow TCP)
[2m2026-03-16T16:19:37.226394Z[0m [33m WARN[0m [2mredis::aio::multiplexed_connection[0m[2m:[0m DIAG send_recv: pipeline channel send took 102682ms (backpressure from slow TCP)
[2m2026-03-16T16:19:37.226396Z[0m [33m WARN[0m [2mredis::aio::multiplexed_connection[0m[2m:[0m DIAG send_recv: pipeline channel send took 102682ms (backpressure from slow TCP)
[2m2026-03-16T16:19:37.226399Z[0m [33m WARN[0m [2mredis::aio::multiplexed_connection[0m[2m:[0m DIAG send_recv: pipeline channel send took 102685ms (backpressure from slow TCP)
[2m2026-03-16T16:19:37.226402Z[0m [33m WARN[0m [2mredis::aio::multiplexed_connection[0m[2m:[0m DIAG send_recv: pipeline channel send took 102685ms (backpressure from slow TCP)
[2m2026-03-16T16:19:37.226404Z[0m [33m WARN[0m [2mredis::aio::multiplexed_connection[0m[2m:[0m DIAG send_recv: pipeline channel send took 102685ms (backpressure from slow TCP)
[2m2026-03-16T16:19:37.226407Z[0m [33m WARN[0m [2mredis::aio::multiplexed_connection[0m[2m:[0m DIAG send_recv: pipeline channel send took 102685ms (backpressure from slow TCP)
[2m2026-03-16T16:19:37.226409Z[0m [33m WARN[0m [2mredis::aio::multiplexed_connection[0m[2m:[0m DIAG send_recv: pipeline channel send took 102686ms (backpressure from slow TCP)
[2m2026-03-16T16:19:37.226412Z[0m [33m WARN[0m [2mredis::aio::multiplexed_connection[0m[2m:[0m DIAG send_recv: pipeline channel send took 102686ms (backpressure from slow TCP)
[2m2026-03-16T16:19:37.226415Z[0m [33m WARN[0m [2mredis::aio::multiplexed_connection[0m[2m:[0m DIAG send_recv: pipeline channel send took 102686ms (backpressure from slow TCP)
[2m2026-03-16T16:19:37.226417Z[0m [33m WARN[0m [2mredis::aio::multiplexed_connection[0m[2m:[0m DIAG send_recv: pipeline channel send took 102686ms (backpressure from slow TCP)
[2m2026-03-16T16:19:37.226420Z[0m [33m WARN[0m [2mredis::aio::multiplexed_connection[0m[2m:[0m DIAG send_recv: pipeline channel send took 102686ms (backpressure from slow TCP)
[2m2026-03-16T16:19:37.226422Z[0m [33m WARN[0m [2mredis::aio::multiplexed_connection[0m[2m:[0m DIAG send_recv: pipeline channel send took 102687ms (backpressure from slow TCP)
[2m2026-03-16T16:19:37.226425Z[0m [33m WARN[0m [2mredis::aio::multiplexed_connection[0m[2m:[0m DIAG send_recv: pipeline channel send took 102687ms (backpressure from slow TCP)
[2m2026-03-16T16:19:37.226429Z[0m [33m WARN[0m [2mredis::cluster_async[0m[2m:[0m DIAG try_cmd_request: node=shohame-global-data-store-iad-0002-001.shohame-global-data-store-iad.ime4qh.use1.cache.amazonaws.com:6379 elapsed=103231ms ok=true
[2m2026-03-16T16:19:37.226441Z[0m [33m WARN[0m [2mredis::cluster_async[0m[2m:[0m DIAG try_cmd_request: node=shohame-global-data-store-iad-0002-001.shohame-global-data-store-iad.ime4qh.use1.cache.amazonaws.com:6379 elapsed=103230ms ok=true
[2m2026-03-16T16:19:37.226446Z[0m [33m WARN[0m [2mredis::cluster_async[0m[2m:[0m DIAG try_cmd_request: node=shohame-global-data-store-iad-0002-001.shohame-global-data-store-iad.ime4qh.use1.cache.amazonaws.com:6379 elapsed=103230ms ok=true
[2m2026-03-16T16:19:37.226453Z[0m [33m WARN[0m [2mredis::cluster_async[0m[2m:[0m DIAG try_cmd_request: node=shohame-global-data-store-iad-0002-001.shohame-global-data-store-iad.ime4qh.use1.cache.amazonaws.com:6379 elapsed=103229ms ok=true
[2m2026-03-16T16:19:37.226457Z[0m [33m WARN[0m [2mredis::cluster_async[0m[2m:[0m DIAG try_cmd_request: node=shohame-global-data-store-iad-0002-001.shohame-global-data-store-iad.ime4qh.use1.cache.amazonaws.com:6379 elapsed=103222ms ok=true
[2m2026-03-16T16:19:37.226465Z[0m [33m WARN[0m [2mredis::cluster_async[0m[2m:[0m DIAG try_cmd_request: node=shohame-global-data-store-iad-0002-001.shohame-global-data-store-iad.ime4qh.use1.cache.amazonaws.com:6379 elapsed=103222ms ok=true
[2m2026-03-16T16:19:37.226469Z[0m [33m WARN[0m [2mredis::cluster_async[0m[2m:[0m DIAG try_cmd_request: node=shohame-global-data-store-iad-0002-001.shohame-global-data-store-iad.ime4qh.use1.cache.amazonaws.com:6379 elapsed=103222ms ok=true
[2m2026-03-16T16:19:37.226473Z[0m [33m WARN[0m [2mredis::cluster_async[0m[2m:[0m DIAG try_cmd_request: node=shohame-global-data-store-iad-0002-001.shohame-global-data-store-iad.ime4qh.use1.cache.amazonaws.com:6379 elapsed=103219ms ok=true
[2m2026-03-16T16:19:37.226477Z[0m [33m WARN[0m [2mredis::cluster_async[0m[2m:[0m DIAG try_cmd_request: node=shohame-global-data-store-iad-0002-001.shohame-global-data-store-iad.ime4qh.use1.cache.amazonaws.com:6379 elapsed=103218ms ok=true
[2m2026-03-16T16:19:37.226481Z[0m [33m WARN[0m [2mredis::cluster_async[0m[2m:[0m DIAG try_cmd_request: node=shohame-global-data-store-iad-0002-001.shohame-global-data-store-iad.ime4qh.use1.cache.amazonaws.com:6379 elapsed=103218ms ok=true
[2m2026-03-16T16:19:37.226486Z[0m [33m WARN[0m [2mredis::cluster_async[0m[2m:[0m DIAG try_cmd_request: node=shohame-global-data-store-iad-0002-001.shohame-global-data-store-iad.ime4qh.use1.cache.amazonaws.com:6379 elapsed=103218ms ok=true
[2m2026-03-16T16:19:37.226490Z[0m [33m WARN[0m [2mredis::cluster_async[0m[2m:[0m DIAG try_cmd_request: node=shohame-global-data-store-iad-0002-001.shohame-global-data-store-iad.ime4qh.use1.cache.amazonaws.com:6379 elapsed=103218ms ok=true
[2m2026-03-16T16:19:37.226515Z[0m [33m WARN[0m [2mredis::cluster_async[0m[2m:[0m DIAG try_cmd_request: node=shohame-global-data-store-iad-0002-001.shohame-global-data-store-iad.ime4qh.use1.cache.amazonaws.com:6379 elapsed=103218ms ok=true
[2m2026-03-16T16:19:37.226522Z[0m [33m WARN[0m [2mredis::cluster_async[0m[2m:[0m DIAG try_cmd_request: node=shohame-global-data-store-iad-0002-001.shohame-global-data-store-iad.ime4qh.use1.cache.amazonaws.com:6379 elapsed=103218ms ok=true
[2m2026-03-16T16:19:37.226526Z[0m [33m WARN[0m [2mredis::cluster_async[0m[2m:[0m DIAG try_cmd_request: node=shohame-global-data-store-iad-0002-001.shohame-global-data-store-iad.ime4qh.use1.cache.amazonaws.com:6379 elapsed=103218ms ok=true
[2m2026-03-16T16:19:37.226530Z[0m [33m WARN[0m [2mredis::cluster_async[0m[2m:[0m DIAG try_cmd_request: node=shohame-global-data-store-iad-0002-001.shohame-global-data-store-iad.ime4qh.use1.cache.amazonaws.com:6379 elapsed=103211ms ok=true
[2m2026-03-16T16:19:37.226534Z[0m [33m WARN[0m [2mredis::cluster_async[0m[2m:[0m DIAG try_cmd_request: node=shohame-global-data-store-iad-0002-001.shohame-global-data-store-iad.ime4qh.use1.cache.amazonaws.com:6379 elapsed=103209ms ok=true
[2m2026-03-16T16:19:37.226539Z[0m [33m WARN[0m [2mredis::cluster_async[0m[2m:[0m DIAG try_cmd_request: node=shohame-global-data-store-iad-0002-001.shohame-global-data-store-iad.ime4qh.use1.cache.amazonaws.com:6379 elapsed=103208ms ok=true
[2m2026-03-16T16:19:37.226543Z[0m [33m WARN[0m [2mredis::cluster_async[0m[2m:[0m DIAG try_cmd_request: node=shohame-global-data-store-iad-0002-001.shohame-global-data-store-iad.ime4qh.use1.cache.amazonaws.com:6379 elapsed=103208ms ok=true
[2m2026-03-16T16:19:37.226547Z[0m [33m WARN[0m [2mredis::cluster_async[0m[2m:[0m DIAG try_cmd_request: node=shohame-global-data-store-iad-0002-001.shohame-global-data-store-iad.ime4qh.use1.cache.amazonaws.com:6379 elapsed=103207ms ok=true
[2m2026-03-16T16:19:37.226551Z[0m [33m WARN[0m [2mredis::cluster_async[0m[2m:[0m DIAG try_cmd_request: node=shohame-global-data-store-iad-0002-001.shohame-global-data-store-iad.ime4qh.use1.cache.amazonaws.com:6379 elapsed=103206ms ok=true
[2m2026-03-16T16:19:37.226555Z[0m [33m WARN[0m [2mredis::cluster_async[0m[2m:[0m DIAG try_cmd_request: node=shohame-global-data-store-iad-0002-001.shohame-global-data-store-iad.ime4qh.use1.cache.amazonaws.com:6379 elapsed=103206ms ok=true
[2m2026-03-16T16:19:37.226559Z[0m [33m WARN[0m [2mredis::cluster_async[0m[2m:[0m DIAG try_cmd_request: node=shohame-global-data-store-iad-0002-001.shohame-global-data-store-iad.ime4qh.use1.cache.amazonaws.com:6379 elapsed=103206ms ok=true
[2m2026-03-16T16:19:37.226564Z[0m [33m WARN[0m [2mredis::cluster_async[0m[2m:[0m DIAG try_cmd_request: node=shohame-global-data-store-iad-0002-001.shohame-global-data-store-iad.ime4qh.use1.cache.amazonaws.com:6379 elapsed=103206ms ok=true
[2m2026-03-16T16:19:37.226568Z[0m [33m WARN[0m [2mredis::cluster_async[0m[2m:[0m DIAG try_cmd_request: node=shohame-global-data-store-iad-0002-001.shohame-global-data-store-iad.ime4qh.use1.cache.amazonaws.com:6379 elapsed=103206ms ok=true
[2m2026-03-16T16:19:37.226571Z[0m [33m WARN[0m [2mredis::cluster_async[0m[2m:[0m DIAG try_cmd_request: node=shohame-global-data-store-iad-0002-001.shohame-global-data-store-iad.ime4qh.use1.cache.amazonaws.com:6379 elapsed=103205ms ok=true
[2m2026-03-16T16:19:37.226576Z[0m [33m WARN[0m [2mredis::cluster_async[0m[2m:[0m DIAG try_cmd_request: node=shohame-global-data-store-iad-0002-001.shohame-global-data-store-iad.ime4qh.use1.cache.amazonaws.com:6379 elapsed=103204ms ok=true
[2m2026-03-16T16:19:37.226580Z[0m [33m WARN[0m [2mredis::cluster_async[0m[2m:[0m DIAG try_cmd_request: node=shohame-global-data-store-iad-0002-001.shohame-global-data-store-iad.ime4qh.use1.cache.amazonaws.com:6379 elapsed=103204ms ok=true
[2m2026-03-16T16:19:37.226584Z[0m [33m WARN[0m [2mredis::cluster_async[0m[2m:[0m DIAG try_cmd_request: node=shohame-global-data-store-iad-0002-001.shohame-global-data-store-iad.ime4qh.use1.cache.amazonaws.com:6379 elapsed=103204ms ok=true
[2m2026-03-16T16:19:37.226588Z[0m [33m WARN[0m [2mredis::cluster_async[0m[2m:[0m DIAG try_cmd_request: node=shohame-global-data-store-iad-0002-001.shohame-global-data-store-iad.ime4qh.use1.cache.amazonaws.com:6379 elapsed=103204ms ok=true
[2m2026-03-16T16:19:37.226592Z[0m [33m WARN[0m [2mredis::cluster_async[0m[2m:[0m DIAG try_cmd_request: node=shohame-global-data-store-iad-0002-001.shohame-global-data-store-iad.ime4qh.use1.cache.amazonaws.com:6379 elapsed=103203ms ok=true
[2m2026-03-16T16:19:37.226596Z[0m [33m WARN[0m [2mredis::cluster_async[0m[2m:[0m DIAG try_cmd_request: node=shohame-global-data-store-iad-0002-001.shohame-global-data-store-iad.ime4qh.use1.cache.amazonaws.com:6379 elapsed=103203ms ok=true
[2m2026-03-16T16:19:37.226605Z[0m [33m WARN[0m [2mredis::cluster_async[0m[2m:[0m DIAG try_cmd_request: node=shohame-global-data-store-iad-0002-001.shohame-global-data-store-iad.ime4qh.use1.cache.amazonaws.com:6379 elapsed=103203ms ok=true
[2m2026-03-16T16:19:37.226609Z[0m [33m WARN[0m [2mredis::cluster_async[0m[2m:[0m DIAG try_cmd_request: node=shohame-global-data-store-iad-0002-001.shohame-global-data-store-iad.ime4qh.use1.cache.amazonaws.com:6379 elapsed=103203ms ok=true
[2m2026-03-16T16:19:37.226612Z[0m [33m WARN[0m [2mredis::cluster_async[0m[2m:[0m DIAG try_cmd_request: node=shohame-global-data-store-iad-0002-001.shohame-global-data-store-iad.ime4qh.use1.cache.amazonaws.com:6379 elapsed=103203ms ok=true
[2m2026-03-16T16:19:37.226617Z[0m [33m WARN[0m [2mredis::cluster_async[0m[2m:[0m DIAG try_cmd_request: node=shohame-global-data-store-iad-0002-001.shohame-global-data-store-iad.ime4qh.use1.cache.amazonaws.com:6379 elapsed=103202ms ok=true
[2m2026-03-16T16:19:37.226620Z[0m [33m WARN[0m [2mredis::cluster_async[0m[2m:[0m DIAG try_cmd_request: node=shohame-global-data-store-iad-0002-001.shohame-global-data-store-iad.ime4qh.use1.cache.amazonaws.com:6379 elapsed=103202ms ok=true
[2m2026-03-16T16:19:37.226625Z[0m [33m WARN[0m [2mredis::cluster_async[0m[2m:[0m DIAG try_cmd_request: node=shohame-global-data-store-iad-0002-001.shohame-global-data-store-iad.ime4qh.use1.cache.amazonaws.com:6379 elapsed=103200ms ok=true
[2m2026-03-16T16:19:37.226629Z[0m [33m WARN[0m [2mredis::cluster_async[0m[2m:[0m DIAG try_cmd_request: node=shohame-global-data-store-iad-0002-001.shohame-global-data-store-iad.ime4qh.use1.cache.amazonaws.com:6379 elapsed=103200ms ok=true
[2m2026-03-16T16:19:37.226633Z[0m [33m WARN[0m [2mredis::cluster_async[0m[2m:[0m DIAG try_cmd_request: node=shohame-global-data-store-iad-0002-001.shohame-global-data-store-iad.ime4qh.use1.cache.amazonaws.com:6379 elapsed=103199ms ok=true
[2m2026-03-16T16:19:37.226637Z[0m [33m WARN[0m [2mredis::cluster_async[0m[2m:[0m DIAG try_cmd_request: node=shohame-global-data-store-iad-0002-001.shohame-global-data-store-iad.ime4qh.use1.cache.amazonaws.com:6379 elapsed=103199ms ok=true
[2m2026-03-16T16:19:37.226641Z[0m [33m WARN[0m [2mredis::cluster_async[0m[2m:[0m DIAG try_cmd_request: node=shohame-global-data-store-iad-0002-001.shohame-global-data-store-iad.ime4qh.use1.cache.amazonaws.com:6379 elapsed=103199ms ok=true
[2m2026-03-16T16:19:37.226645Z[0m [33m WARN[0m [2mredis::cluster_async[0m[2m:[0m DIAG try_cmd_request: node=shohame-global-data-store-iad-0002-001.shohame-global-data-store-iad.ime4qh.use1.cache.amazonaws.com:6379 elapsed=103198ms ok=true
[2m2026-03-16T16:19:37.226649Z[0m [33m WARN[0m [2mredis::cluster_async[0m[2m:[0m DIAG try_cmd_request: node=shohame-global-data-store-iad-0002-001.shohame-global-data-store-iad.ime4qh.use1.cache.amazonaws.com:6379 elapsed=103198ms ok=true
[2m2026-03-16T16:19:37.226653Z[0m [33m WARN[0m [2mredis::cluster_async[0m[2m:[0m DIAG try_cmd_request: node=shohame-global-data-store-iad-0002-001.shohame-global-data-store-iad.ime4qh.use1.cache.amazonaws.com:6379 elapsed=103198ms ok=true
[2m2026-03-16T16:19:37.226658Z[0m [33m WARN[0m [2mredis::cluster_async[0m[2m:[0m DIAG try_cmd_request: node=shohame-global-data-store-iad-0002-001.shohame-global-data-store-iad.ime4qh.use1.cache.amazonaws.com:6379 elapsed=103198ms ok=true
[2m2026-03-16T16:19:37.226662Z[0m [33m WARN[0m [2mredis::cluster_async[0m[2m:[0m DIAG try_cmd_request: node=shohame-global-data-store-iad-0002-001.shohame-global-data-store-iad.ime4qh.use1.cache.amazonaws.com:6379 elapsed=103198ms ok=true
[2m2026-03-16T16:19:37.226666Z[0m [33m WARN[0m [2mredis::cluster_async[0m[2m:[0m DIAG try_cmd_request: node=shohame-global-data-store-iad-0002-001.shohame-global-data-store-iad.ime4qh.use1.cache.amazonaws.com:6379 elapsed=103198ms ok=true
[2m2026-03-16T16:19:37.226670Z[0m [33m WARN[0m [2mredis::cluster_async[0m[2m:[0m DIAG try_cmd_request: node=shohame-global-data-store-iad-0002-001.shohame-global-data-store-iad.ime4qh.use1.cache.amazonaws.com:6379 elapsed=103197ms ok=true
[2m2026-03-16T16:19:37.226678Z[0m [33m WARN[0m [2mredis::cluster_async[0m[2m:[0m DIAG try_cmd_request: node=shohame-global-data-store-iad-0002-001.shohame-global-data-store-iad.ime4qh.use1.cache.amazonaws.com:6379 elapsed=103197ms ok=true
[2m2026-03-16T16:19:37.226682Z[0m [33m WARN[0m [2mredis::cluster_async[0m[2m:[0m DIAG try_cmd_request: node=shohame-global-data-store-iad-0002-001.shohame-global-data-store-iad.ime4qh.use1.cache.amazonaws.com:6379 elapsed=103197ms ok=true
[2m2026-03-16T16:19:37.226686Z[0m [33m WARN[0m [2mredis::cluster_async[0m[2m:[0m DIAG try_cmd_request: node=shohame-global-data-store-iad-0002-001.shohame-global-data-store-iad.ime4qh.use1.cache.amazonaws.com:6379 elapsed=103195ms ok=true
[2m2026-03-16T16:19:37.226691Z[0m [33m WARN[0m [2mredis::cluster_async[0m[2m:[0m DIAG try_cmd_request: node=shohame-global-data-store-iad-0002-001.shohame-global-data-store-iad.ime4qh.use1.cache.amazonaws.com:6379 elapsed=103195ms ok=true
[2m2026-03-16T16:19:37.226695Z[0m [33m WARN[0m [2mredis::cluster_async[0m[2m:[0m DIAG try_cmd_request: node=shohame-global-data-store-iad-0002-001.shohame-global-data-store-iad.ime4qh.use1.cache.amazonaws.com:6379 elapsed=103194ms ok=true
[2m2026-03-16T16:19:37.226698Z[0m [33m WARN[0m [2mredis::cluster_async[0m[2m:[0m DIAG try_cmd_request: node=shohame-global-data-store-iad-0002-001.shohame-global-data-store-iad.ime4qh.use1.cache.amazonaws.com:6379 elapsed=103194ms ok=true
[2m2026-03-16T16:19:37.226703Z[0m [33m WARN[0m [2mredis::cluster_async[0m[2m:[0m DIAG try_cmd_request: node=shohame-global-data-store-iad-0002-001.shohame-global-data-store-iad.ime4qh.use1.cache.amazonaws.com:6379 elapsed=103194ms ok=true
[2m2026-03-16T16:19:37.226706Z[0m [33m WARN[0m [2mredis::cluster_async[0m[2m:[0m DIAG try_cmd_request: node=shohame-global-data-store-iad-0002-001.shohame-global-data-store-iad.ime4qh.use1.cache.amazonaws.com:6379 elapsed=103193ms ok=true
[2m2026-03-16T16:19:37.226711Z[0m [33m WARN[0m [2mredis::cluster_async[0m[2m:[0m DIAG try_cmd_request: node=shohame-global-data-store-iad-0002-001.shohame-global-data-store-iad.ime4qh.use1.cache.amazonaws.com:6379 elapsed=103193ms ok=true
[2m2026-03-16T16:19:37.226719Z[0m [33m WARN[0m [2mredis::cluster_async[0m[2m:[0m DIAG try_cmd_request: node=shohame-global-data-store-iad-0002-001.shohame-global-data-store-iad.ime4qh.use1.cache.amazonaws.com:6379 elapsed=103192ms ok=true
[2m2026-03-16T16:19:37.226722Z[0m [33m WARN[0m [2mredis::cluster_async[0m[2m:[0m DIAG try_cmd_request: node=shohame-global-data-store-iad-0002-001.shohame-global-data-store-iad.ime4qh.use1.cache.amazonaws.com:6379 elapsed=103192ms ok=true
[2m2026-03-16T16:19:37.226727Z[0m [33m WARN[0m [2mredis::cluster_async[0m[2m:[0m DIAG try_cmd_request: node=shohame-global-data-store-iad-0002-001.shohame-global-data-store-iad.ime4qh.use1.cache.amazonaws.com:6379 elapsed=103192ms ok=true
[2m2026-03-16T16:19:37.226731Z[0m [33m WARN[0m [2mredis::cluster_async[0m[2m:[0m DIAG try_cmd_request: node=shohame-global-data-store-iad-0002-001.shohame-global-data-store-iad.ime4qh.use1.cache.amazonaws.com:6379 elapsed=103192ms ok=true
[2m2026-03-16T16:19:37.226736Z[0m [33m WARN[0m [2mredis::cluster_async[0m[2m:[0m DIAG try_cmd_request: node=shohame-global-data-store-iad-0002-001.shohame-global-data-store-iad.ime4qh.use1.cache.amazonaws.com:6379 elapsed=103187ms ok=true
[2m2026-03-16T16:19:37.226755Z[0m [33m WARN[0m [2mredis::cluster_async[0m[2m:[0m DIAG try_cmd_request: node=shohame-global-data-store-iad-0002-001.shohame-global-data-store-iad.ime4qh.use1.cache.amazonaws.com:6379 elapsed=103187ms ok=true
[2m2026-03-16T16:19:37.226760Z[0m [33m WARN[0m [2mredis::cluster_async[0m[2m:[0m DIAG try_cmd_request: node=shohame-global-data-store-iad-0002-001.shohame-global-data-store-iad.ime4qh.use1.cache.amazonaws.com:6379 elapsed=103186ms ok=true
[2m2026-03-16T16:19:37.226764Z[0m [33m WARN[0m [2mredis::cluster_async[0m[2m:[0m DIAG try_cmd_request: node=shohame-global-data-store-iad-0002-001.shohame-global-data-store-iad.ime4qh.use1.cache.amazonaws.com:6379 elapsed=103186ms ok=true
[2m2026-03-16T16:19:37.226768Z[0m [33m WARN[0m [2mredis::cluster_async[0m[2m:[0m DIAG try_cmd_request: node=shohame-global-data-store-iad-0002-001.shohame-global-data-store-iad.ime4qh.use1.cache.amazonaws.com:6379 elapsed=103186ms ok=true
[2m2026-03-16T16:19:37.226772Z[0m [33m WARN[0m [2mredis::cluster_async[0m[2m:[0m DIAG try_cmd_request: node=shohame-global-data-store-iad-0002-001.shohame-global-data-store-iad.ime4qh.use1.cache.amazonaws.com:6379 elapsed=103185ms ok=true
[2m2026-03-16T16:19:37.226778Z[0m [33m WARN[0m [2mredis::cluster_async[0m[2m:[0m DIAG try_cmd_request: node=shohame-global-data-store-iad-0002-001.shohame-global-data-store-iad.ime4qh.use1.cache.amazonaws.com:6379 elapsed=103184ms ok=true
[2m2026-03-16T16:19:37.226782Z[0m [33m WARN[0m [2mredis::cluster_async[0m[2m:[0m DIAG try_cmd_request: node=shohame-global-data-store-iad-0002-001.shohame-global-data-store-iad.ime4qh.use1.cache.amazonaws.com:6379 elapsed=103184ms ok=true
[2m2026-03-16T16:19:37.226786Z[0m [33m WARN[0m [2mredis::cluster_async[0m[2m:[0m DIAG try_cmd_request: node=shohame-global-data-store-iad-0002-001.shohame-global-data-store-iad.ime4qh.use1.cache.amazonaws.com:6379 elapsed=103184ms ok=true
[2m2026-03-16T16:19:37.226790Z[0m [33m WARN[0m [2mredis::cluster_async[0m[2m:[0m DIAG try_cmd_request: node=shohame-global-data-store-iad-0002-001.shohame-global-data-store-iad.ime4qh.use1.cache.amazonaws.com:6379 elapsed=103184ms ok=true
[2m2026-03-16T16:19:37.226794Z[0m [33m WARN[0m [2mredis::cluster_async[0m[2m:[0m DIAG try_cmd_request: node=shohame-global-data-store-iad-0002-001.shohame-global-data-store-iad.ime4qh.use1.cache.amazonaws.com:6379 elapsed=103184ms ok=true
[2m2026-03-16T16:19:37.226804Z[0m [33m WARN[0m [2mredis::cluster_async[0m[2m:[0m DIAG try_cmd_request: node=shohame-global-data-store-iad-0002-001.shohame-global-data-store-iad.ime4qh.use1.cache.amazonaws.com:6379 elapsed=103184ms ok=true
[2m2026-03-16T16:19:37.226807Z[0m [33m WARN[0m [2mredis::cluster_async[0m[2m:[0m DIAG try_cmd_request: node=shohame-global-data-store-iad-0002-001.shohame-global-data-store-iad.ime4qh.use1.cache.amazonaws.com:6379 elapsed=103184ms ok=true
[2m2026-03-16T16:19:37.226822Z[0m [33m WARN[0m [2mredis::cluster_async[0m[2m:[0m DIAG try_cmd_request: node=shohame-global-data-store-iad-0002-001.shohame-global-data-store-iad.ime4qh.use1.cache.amazonaws.com:6379 elapsed=103182ms ok=true
[2m2026-03-16T16:19:37.226826Z[0m [33m WARN[0m [2mredis::cluster_async[0m[2m:[0m DIAG try_cmd_request: node=shohame-global-data-store-iad-0002-001.shohame-global-data-store-iad.ime4qh.use1.cache.amazonaws.com:6379 elapsed=103182ms ok=true
[2m2026-03-16T16:19:37.226830Z[0m [33m WARN[0m [2mredis::cluster_async[0m[2m:[0m DIAG try_cmd_request: node=shohame-global-data-store-iad-0002-001.shohame-global-data-store-iad.ime4qh.use1.cache.amazonaws.com:6379 elapsed=103182ms ok=true
[2m2026-03-16T16:19:37.227045Z[0m [33m WARN[0m [2mredis::cluster_async[0m[2m:[0m DIAG poll_complete: pending_queue=0 in_flight=294064 shed=0 new=0 done=78 cancelled=54 retry=0 refresh=0 reconnect=0
[2m2026-03-16T16:19:37.227146Z[0m [33m WARN[0m [2mredis::aio::multiplexed_connection[0m[2m:[0m DIAG send_recv: pipeline channel send took 102667ms (backpressure from slow TCP)
[2m2026-03-16T16:19:37.227151Z[0m [33m WARN[0m [2mredis::aio::multiplexed_connection[0m[2m:[0m DIAG send_recv: pipeline channel send took 102665ms (backpressure from slow TCP)
[2m2026-03-16T16:19:37.227153Z[0m [33m WARN[0m [2mredis::aio::multiplexed_connection[0m[2m:[0m DIAG send_recv: pipeline channel send took 102665ms (backpressure from slow TCP)
[2m2026-03-16T16:19:37.227156Z[0m [33m WARN[0m [2mredis::aio::multiplexed_connection[0m[2m:[0m DIAG send_recv: pipeline channel send took 102665ms (backpressure from slow TCP)
[2m2026-03-16T16:19:37.227159Z[0m [33m WARN[0m [2mredis::aio::multiplexed_connection[0m[2m:[0m DIAG send_recv: pipeline channel send took 102665ms (backpressure from slow TCP)
[2m2026-03-16T16:19:37.247312Z[0m [33m WARN[0m [2mlogger_core[0m[2m:[0m run_with_timeout - request timed out after 50ms
[2m2026-03-16T16:19:37.247333Z[0m [33m WARN[0m [2mlogger_core[0m[2m:[0m send_command - DIAG TIMEOUT: cmd=DEL(5879900000000000000000000000000000000000...) timeout=50ms
[2m2026-03-16T16:19:37.247348Z[0m [33m WARN[0m [2mlogger_core[0m[2m:[0m run_with_timeout - request timed out after 50ms
[2m2026-03-16T16:19:37.247352Z[0m [33m WARN[0m [2mlogger_core[0m[2m:[0m send_command - DIAG TIMEOUT: cmd=DEL(4866200000000000000000000000000000000000...) timeout=50ms
[2m2026-03-16T16:19:37.247360Z[0m [33m WARN[0m [2mlogger_core[0m[2m:[0m run_with_timeout - request timed out after 50ms
[2m2026-03-16T16:19:37.247364Z[0m [33m WARN[0m [2mlogger_core[0m[2m:[0m send_command - DIAG TIMEOUT: cmd=DEL(4096800000000000000000000000000000000000...) timeout=50ms
[2m2026-03-16T16:19:37.247365Z[0m [33m WARN[0m [2mglide_rs::jni_client[0m[2m:[0m DIAG cb=1379146 ERROR_CALLBACK: thread=glide-jni-callback-1 error_code=2 msg=timed out    
[2m2026-03-16T16:19:37.247372Z[0m [33m WARN[0m [2mlogger_core[0m[2m:[0m run_with_timeout - request timed out after 50ms
[2m2026-03-16T16:19:37.247370Z[0m [33m WARN[0m [2mglide_rs::jni_client[0m[2m:[0m DIAG cb=1379140 ERROR_CALLBACK: thread=glide-jni-callback-0 error_code=2 msg=timed out    
[2m2026-03-16T16:19:37.247376Z[0m [33m WARN[0m [2mlogger_core[0m[2m:[0m send_command - DIAG TIMEOUT: cmd=DEL(4474300000000000000000000000000000000000...) timeout=50ms
[2m2026-03-16T16:19:37.247385Z[0m [33m WARN[0m [2mlogger_core[0m[2m:[0m run_with_timeout - request timed out after 50ms
[2m2026-03-16T16:19:37.247389Z[0m [33m WARN[0m [2mlogger_core[0m[2m:[0m send_command - DIAG TIMEOUT: cmd=DEL(4961400000000000000000000000000000000000...) timeout=50ms
[2m2026-03-16T16:19:37.247396Z[0m [33m WARN[0m [2mlogger_core[0m[2m:[0m run_with_timeout - request timed out after 50ms
[2m2026-03-16T16:19:37.247400Z[0m [33m WARN[0m [2mlogger_core[0m[2m:[0m send_command - DIAG TIMEOUT: cmd=DEL(3699400000000000000000000000000000000000...) timeout=50ms
[2m2026-03-16T16:19:37.247408Z[0m [33m WARN[0m [2mlogger_core[0m[2m:[0m run_with_timeout - request timed out after 50ms
[2m2026-03-16T16:19:37.247411Z[0m [33m WARN[0m [2mlogger_core[0m[2m:[0m send_command - DIAG TIMEOUT: cmd=DEL(9533000000000000000000000000000000000000...) timeout=50ms
[2m2026-03-16T16:19:37.247422Z[0m [33m WARN[0m [2mglide_rs::jni_client[0m[2m:[0m DIAG cb=1379142 ERROR_CALLBACK: thread=glide-jni-callback-1 error_code=2 msg=timed out    
[2m2026-03-16T16:19:37.247422Z[0m [33m WARN[0m [2mglide_rs::jni_client[0m[2m:[0m DIAG cb=1379144 ERROR_CALLBACK: thread=glide-jni-callback-0 error_code=2 msg=timed out    
[2m2026-03-16T16:19:37.247436Z[0m [33m WARN[0m [2mglide_rs::jni_client[0m[2m:[0m DIAG cb=1379141 ERROR_CALLBACK: thread=glide-jni-callback-1 error_code=2 msg=timed out    
[2m2026-03-16T16:19:37.247439Z[0m [33m WARN[0m [2mglide_rs::jni_client[0m[2m:[0m DIAG cb=1379143 ERROR_CALLBACK: thread=glide-jni-callback-0 error_code=2 msg=timed out    
[2m2026-03-16T16:19:37.247452Z[0m [33m WARN[0m [2mglide_rs::jni_client[0m[2m:[0m DIAG cb=1379145 ERROR_CALLBACK: thread=glide-jni-callback-1 error_code=2 msg=timed out    
[2m2026-03-16T16:19:37.248034Z[0m [33m WARN[0m [2mlogger_core[0m[2m:[0m run_with_timeout - request timed out after 50ms
[2m2026-03-16T16:19:37.248042Z[0m [33m WARN[0m [2mlogger_core[0m[2m:[0m send_command - DIAG TIMEOUT: cmd=DEL(2542400000000000000000000000000000000000...) timeout=50ms
[2m2026-03-16T16:19:37.248053Z[0m [33m WARN[0m [2mlogger_core[0m[2m:[0m run_with_timeout - request timed out after 50ms
[2m2026-03-16T16:19:37.248057Z[0m [33m WARN[0m [2mlogger_core[0m[2m:[0m send_command - DIAG TIMEOUT: cmd=DEL(2263300000000000000000000000000000000000...) timeout=50ms
[2m2026-03-16T16:19:37.248063Z[0m [33m WARN[0m [2mlogger_core[0m[2m:[0m run_with_timeout - request timed out after 50ms
[2m2026-03-16T16:19:37.248067Z[0m [33m WARN[0m [2mlogger_core[0m[2m:[0m send_command - DIAG TIMEOUT: cmd=DEL(8641800000000000000000000000000000000000...) timeout=50ms
[2m2026-03-16T16:19:37.248069Z[0m [33m WARN[0m [2mglide_rs::jni_client[0m[2m:[0m DIAG cb=1379151 ERROR_CALLBACK: thread=glide-jni-callback-0 error_code=2 msg=timed out    
[2m2026-03-16T16:19:37.248074Z[0m [33m WARN[0m [2mlogger_core[0m[2m:[0m run_with_timeout - request timed out after 50ms
[2m2026-03-16T16:19:37.248076Z[0m [33m WARN[0m [2mglide_rs::jni_client[0m[2m:[0m DIAG cb=1379147 ERROR_CALLBACK: thread=glide-jni-callback-1 error_code=2 msg=timed out    
[2m2026-03-16T16:19:37.248078Z[0m [33m WARN[0m [2mlogger_core[0m[2m:[0m send_command - DIAG TIMEOUT: cmd=DEL(4344200000000000000000000000000000000000...) timeout=50ms
[2m2026-03-16T16:19:37.248101Z[0m [33m WARN[0m [2mglide_rs::jni_client[0m[2m:[0m DIAG cb=1379148 ERROR_CALLBACK: thread=glide-jni-callback-0 error_code=2 msg=timed out    
[2m2026-03-16T16:19:37.248106Z[0m [33m WARN[0m [2mglide_rs::jni_client[0m[2m:[0m DIAG cb=1379149 ERROR_CALLBACK: thread=glide-jni-callback-1 error_code=2 msg=timed out    
[2m2026-03-16T16:19:37.248721Z[0m [33m WARN[0m [2mlogger_core[0m[2m:[0m run_with_timeout - request timed out after 50ms
[2m2026-03-16T16:19:37.248729Z[0m [33m WARN[0m [2mlogger_core[0m[2m:[0m send_command - DIAG TIMEOUT: cmd=DEL(7538500000000000000000000000000000000000...) timeout=50ms
[2m2026-03-16T16:19:37.248750Z[0m [33m WARN[0m [2mglide_rs::jni_client[0m[2m:[0m DIAG cb=1379157 ERROR_CALLBACK: thread=glide-jni-callback-0 error_code=2 msg=timed out    
[2m2026-03-16T16:19:37.248765Z[0m [33m WARN[0m [2mlogger_core[0m[2m:[0m run_with_timeout - request timed out after 50ms
[2m2026-03-16T16:19:37.248770Z[0m [33m WARN[0m [2mlogger_core[0m[2m:[0m send_command - DIAG TIMEOUT: cmd=DEL(2312900000000000000000000000000000000000...) timeout=50ms
[2m2026-03-16T16:19:37.248780Z[0m [33m WARN[0m [2mlogger_core[0m[2m:[0m run_with_timeout - request timed out after 50ms
[2m2026-03-16T16:19:37.248785Z[0m [33m WARN[0m [2mlogger_core[0m[2m:[0m send_command - DIAG TIMEOUT: cmd=DEL(1200900000000000000000000000000000000000...) timeout=50ms
[2m2026-03-16T16:19:37.248784Z[0m [33m WARN[0m [2mglide_rs::jni_client[0m[2m:[0m DIAG cb=1379152 ERROR_CALLBACK: thread=glide-jni-callback-1 error_code=2 msg=timed out    
[2m2026-03-16T16:19:37.248797Z[0m [33m WARN[0m [2mlogger_core[0m[2m:[0m run_with_timeout - request timed out after 50ms
[2m2026-03-16T16:19:37.248799Z[0m [33m WARN[0m [2mglide_rs::jni_client[0m[2m:[0m DIAG cb=1379153 ERROR_CALLBACK: thread=glide-jni-callback-0 error_code=2 msg=timed out    
[2m2026-03-16T16:19:37.248800Z[0m [33m WARN[0m [2mlogger_core[0m[2m:[0m send_command - DIAG TIMEOUT: cmd=DEL(3929500000000000000000000000000000000000...) timeout=50ms
[2m2026-03-16T16:19:37.248810Z[0m [33m WARN[0m [2mlogger_core[0m[2m:[0m run_with_timeout - request timed out after 50ms
[2m2026-03-16T16:19:37.248813Z[0m [33m WARN[0m [2mglide_rs::jni_client[0m[2m:[0m DIAG cb=1379154 ERROR_CALLBACK: thread=glide-jni-callback-1 error_code=2 msg=timed out    
[2m2026-03-16T16:19:37.248813Z[0m [33m WARN[0m [2mlogger_core[0m[2m:[0m send_command - DIAG TIMEOUT: cmd=DEL(4630200000000000000000000000000000000000...) timeout=50ms
[2m2026-03-16T16:19:37.248822Z[0m [33m WARN[0m [2mlogger_core[0m[2m:[0m run_with_timeout - request timed out after 50ms
[2m2026-03-16T16:19:37.248824Z[0m [33m WARN[0m [2mglide_rs::jni_client[0m[2m:[0m DIAG cb=1379155 ERROR_CALLBACK: thread=glide-jni-callback-0 error_code=2 msg=timed out    
[2m2026-03-16T16:19:37.248826Z[0m [33m WARN[0m [2mlogger_core[0m[2m:[0m send_command - DIAG TIMEOUT: cmd=DEL(3135700000000000000000000000000000000000...) timeout=50ms
[2m2026-03-16T16:19:37.248864Z[0m [33m WARN[0m [2mglide_rs::jni_client[0m[2m:[0m DIAG cb=1379156 ERROR_CALLBACK: thread=glide-jni-callback-1 error_code=2 msg=timed out    
[2m2026-03-16T16:19:37.249779Z[0m [33m WARN[0m [2mlogger_core[0m[2m:[0m run_with_timeout - request timed out after 50ms
[2m2026-03-16T16:19:37.249787Z[0m [33m WARN[0m [2mlogger_core[0m[2m:[0m send_command - DIAG TIMEOUT: cmd=DEL(2285000000000000000000000000000000000000...) timeout=50ms
[2m2026-03-16T16:19:37.249810Z[0m [33m WARN[0m [2mlogger_core[0m[2m:[0m run_with_timeout - request timed out after 50ms
[2m2026-03-16T16:19:37.249811Z[0m [33m WARN[0m [2mglide_rs::jni_client[0m[2m:[0m DIAG cb=1379165 ERROR_CALLBACK: thread=glide-jni-callback-0 error_code=2 msg=timed out    
[2m2026-03-16T16:19:37.249814Z[0m [33m WARN[0m [2mlogger_core[0m[2m:[0m send_command - DIAG TIMEOUT: cmd=DEL(2433500000000000000000000000000000000000...) timeout=50ms
[2m2026-03-16T16:19:37.249828Z[0m [33m WARN[0m [2mlogger_core[0m[2m:[0m run_with_timeout - request timed out after 50ms
[2m2026-03-16T16:19:37.249832Z[0m [33m WARN[0m [2mlogger_core[0m[2m:[0m send_command - DIAG TIMEOUT: cmd=DEL(5664900000000000000000000000000000000000...) timeout=50ms
[2m2026-03-16T16:19:37.249833Z[0m [33m WARN[0m [2mglide_rs::jni_client[0m[2m:[0m DIAG cb=1379158 ERROR_CALLBACK: thread=glide-jni-callback-1 error_code=2 msg=timed out    
[2m2026-03-16T16:19:37.249841Z[0m [33m WARN[0m [2mlogger_core[0m[2m:[0m run_with_timeout - request timed out after 50ms
[2m2026-03-16T16:19:37.249844Z[0m [33m WARN[0m [2mlogger_core[0m[2m:[0m send_command - DIAG TIMEOUT: cmd=DEL(6376200000000000000000000000000000000000...) timeout=50ms
[2m2026-03-16T16:19:37.249851Z[0m [33m WARN[0m [2mlogger_core[0m[2m:[0m run_with_timeout - request timed out after 50ms
[2m2026-03-16T16:19:37.249854Z[0m [33m WARN[0m [2mlogger_core[0m[2m:[0m send_command - DIAG TIMEOUT: cmd=DEL(3686300000000000000000000000000000000000...) timeout=50ms
[2m2026-03-16T16:19:37.249856Z[0m [33m WARN[0m [2mglide_rs::jni_client[0m[2m:[0m DIAG cb=1379159 ERROR_CALLBACK: thread=glide-jni-callback-0 error_code=2 msg=timed out    
[2m2026-03-16T16:19:37.249858Z[0m [33m WARN[0m [2mglide_rs::jni_client[0m[2m:[0m DIAG cb=1379160 ERROR_CALLBACK: thread=glide-jni-callback-1 error_code=2 msg=timed out    
[2m2026-03-16T16:19:37.249861Z[0m [33m WARN[0m [2mlogger_core[0m[2m:[0m run_with_timeout - request timed out after 50ms
[2m2026-03-16T16:19:37.249865Z[0m [33m WARN[0m [2mlogger_core[0m[2m:[0m send_command - DIAG TIMEOUT: cmd=DEL(8419500000000000000000000000000000000000...) timeout=50ms
[2m2026-03-16T16:19:37.249870Z[0m [33m WARN[0m [2mglide_rs::jni_client[0m[2m:[0m DIAG cb=1379161 ERROR_CALLBACK: thread=glide-jni-callback-0 error_code=2 msg=timed out    
[2m2026-03-16T16:19:37.249870Z[0m [33m WARN[0m [2mglide_rs::jni_client[0m[2m:[0m DIAG cb=1379162 ERROR_CALLBACK: thread=glide-jni-callback-1 error_code=2 msg=timed out    
[2m2026-03-16T16:19:37.249872Z[0m [33m WARN[0m [2mlogger_core[0m[2m:[0m run_with_timeout - request timed out after 50ms
[2m2026-03-16T16:19:37.249892Z[0m [33m WARN[0m [2mlogger_core[0m[2m:[0m send_command - DIAG TIMEOUT: cmd=DEL(6589500000000000000000000000000000000000...) timeout=50ms
[2m2026-03-16T16:19:37.249903Z[0m [33m WARN[0m [2mlogger_core[0m[2m:[0m run_with_timeout - request timed out after 50ms
[2m2026-03-16T16:19:37.249905Z[0m [33m WARN[0m [2mglide_rs::jni_client[0m[2m:[0m DIAG cb=1379164 ERROR_CALLBACK: thread=glide-jni-callback-0 error_code=2 msg=timed out    
[2m2026-03-16T16:19:37.249906Z[0m [33m WARN[0m [2mlogger_core[0m[2m:[0m send_command - DIAG TIMEOUT: cmd=DEL(9967900000000000000000000000000000000000...) timeout=50ms
[2m2026-03-16T16:19:37.249917Z[0m [33m WARN[0m [2mglide_rs::jni_client[0m[2m:[0m DIAG cb=1379163 ERROR_CALLBACK: thread=glide-jni-callback-1 error_code=2 msg=timed out    
[2m2026-03-16T16:19:37.250719Z[0m [33m WARN[0m [2mlogger_core[0m[2m:[0m run_with_timeout - request timed out after 50ms
[2m2026-03-16T16:19:37.250726Z[0m [33m WARN[0m [2mlogger_core[0m[2m:[0m send_command - DIAG TIMEOUT: cmd=DEL(8690800000000000000000000000000000000000...) timeout=50ms
[2m2026-03-16T16:19:37.250750Z[0m [33m WARN[0m [2mglide_rs::jni_client[0m[2m:[0m DIAG cb=1379175 ERROR_CALLBACK: thread=glide-jni-callback-0 error_code=2 msg=timed out    
[2m2026-03-16T16:19:37.250754Z[0m [33m WARN[0m [2mlogger_core[0m[2m:[0m run_with_timeout - request timed out after 50ms
[2m2026-03-16T16:19:37.250759Z[0m [33m WARN[0m [2mlogger_core[0m[2m:[0m send_command - DIAG TIMEOUT: cmd=DEL(4689500000000000000000000000000000000000...) timeout=50ms
[2m2026-03-16T16:19:37.250767Z[0m [33m WARN[0m [2mlogger_core[0m[2m:[0m run_with_timeout - request timed out after 50ms
[2m2026-03-16T16:19:37.250772Z[0m [33m WARN[0m [2mlogger_core[0m[2m:[0m send_command - DIAG TIMEOUT: cmd=DEL(1049200000000000000000000000000000000000...) timeout=50ms
[2m2026-03-16T16:19:37.250772Z[0m [33m WARN[0m [2mglide_rs::jni_client[0m[2m:[0m DIAG cb=1379166 ERROR_CALLBACK: thread=glide-jni-callback-1 error_code=2 msg=timed out    
[2m2026-03-16T16:19:37.250779Z[0m [33m WARN[0m [2mlogger_core[0m[2m:[0m run_with_timeout - request timed out after 50ms
[2m2026-03-16T16:19:37.250784Z[0m [33m WARN[0m [2mlogger_core[0m[2m:[0m send_command - DIAG TIMEOUT: cmd=DEL(6286900000000000000000000000000000000000...) timeout=50ms
[2m2026-03-16T16:19:37.250784Z[0m [33m WARN[0m [2mglide_rs::jni_client[0m[2m:[0m DIAG cb=1379167 ERROR_CALLBACK: thread=glide-jni-callback-0 error_code=2 msg=timed out    
[2m2026-03-16T16:19:37.250791Z[0m [33m WARN[0m [2mlogger_core[0m[2m:[0m run_with_timeout - request timed out after 50ms
[2m2026-03-16T16:19:37.250795Z[0m [33m WARN[0m [2mglide_rs::jni_client[0m[2m:[0m DIAG cb=1379168 ERROR_CALLBACK: thread=glide-jni-callback-1 error_code=2 msg=timed out    
[2m2026-03-16T16:19:37.250795Z[0m [33m WARN[0m [2mlogger_core[0m[2m:[0m send_command - DIAG TIMEOUT: cmd=DEL(5779500000000000000000000000000000000000...) timeout=50ms
[2m2026-03-16T16:19:37.250803Z[0m [33m WARN[0m [2mlogger_core[0m[2m:[0m run_with_timeout - request timed out after 50ms
[2m2026-03-16T16:19:37.250805Z[0m [33m WARN[0m [2mglide_rs::jni_client[0m[2m:[0m DIAG cb=1379169 ERROR_CALLBACK: thread=glide-jni-callback-0 error_code=2 msg=timed out    
[2m2026-03-16T16:19:37.250806Z[0m [33m WARN[0m [2mlogger_core[0m[2m:[0m send_command - DIAG TIMEOUT: cmd=DEL(4589700000000000000000000000000000000000...) timeout=50ms
[2m2026-03-16T16:19:37.250816Z[0m [33m WARN[0m [2mlogger_core[0m[2m:[0m run_with_timeout - request timed out after 50ms
[2m2026-03-16T16:19:37.250821Z[0m [33m WARN[0m [2mlogger_core[0m[2m:[0m send_command - DIAG TIMEOUT: cmd=DEL(5963200000000000000000000000000000000000...) timeout=50ms
[2m2026-03-16T16:19:37.250821Z[0m [33m WARN[0m [2mglide_rs::jni_client[0m[2m:[0m DIAG cb=1379170 ERROR_CALLBACK: thread=glide-jni-callback-1 error_code=2 msg=timed out    
[2m2026-03-16T16:19:37.250867Z[0m [33m WARN[0m [2mglide_rs::jni_client[0m[2m:[0m DIAG cb=1379171 ERROR_CALLBACK: thread=glide-jni-callback-0 error_code=2 msg=timed out    
[2m2026-03-16T16:19:37.250868Z[0m [33m WARN[0m [2mlogger_core[0m[2m:[0m run_with_timeout - request timed out after 50ms
[2m2026-03-16T16:19:37.250874Z[0m [33m WARN[0m [2mlogger_core[0m[2m:[0m send_command - DIAG TIMEOUT: cmd=DEL(6307700000000000000000000000000000000000...) timeout=50ms
[2m2026-03-16T16:19:37.250887Z[0m [33m WARN[0m [2mglide_rs::jni_client[0m[2m:[0m DIAG cb=1379174 ERROR_CALLBACK: thread=glide-jni-callback-1 error_code=2 msg=timed out    
[2m2026-03-16T16:19:37.251704Z[0m [33m WARN[0m [2mlogger_core[0m[2m:[0m run_with_timeout - request timed out after 50ms
[2m2026-03-16T16:19:37.251711Z[0m [33m WARN[0m [2mlogger_core[0m[2m:[0m send_command - DIAG TIMEOUT: cmd=DEL(1662000000000000000000000000000000000000...) timeout=50ms
[2m2026-03-16T16:19:37.251730Z[0m [33m WARN[0m [2mglide_rs::jni_client[0m[2m:[0m DIAG cb=1379183 ERROR_CALLBACK: thread=glide-jni-callback-1 error_code=2 msg=timed out    
[2m2026-03-16T16:19:37.251776Z[0m [33m WARN[0m [2mlogger_core[0m[2m:[0m run_with_timeout - request timed out after 50ms
[2m2026-03-16T16:19:37.251780Z[0m [33m WARN[0m [2mlogger_core[0m[2m:[0m send_command - DIAG TIMEOUT: cmd=DEL(8274200000000000000000000000000000000000...) timeout=50ms
[2m2026-03-16T16:19:37.251787Z[0m [33m WARN[0m [2mlogger_core[0m[2m:[0m run_with_timeout - request timed out after 50ms
[2m2026-03-16T16:19:37.251790Z[0m [33m WARN[0m [2mlogger_core[0m[2m:[0m send_command - DIAG TIMEOUT: cmd=DEL(9934300000000000000000000000000000000000...) timeout=50ms
[2m2026-03-16T16:19:37.251794Z[0m [33m WARN[0m [2mglide_rs::jni_client[0m[2m:[0m DIAG cb=1379176 ERROR_CALLBACK: thread=glide-jni-callback-1 error_code=2 msg=timed out    
[2m2026-03-16T16:19:37.251797Z[0m [33m WARN[0m [2mlogger_core[0m[2m:[0m run_with_timeout - request timed out after 50ms
[2m2026-03-16T16:19:37.251805Z[0m [33m WARN[0m [2mlogger_core[0m[2m:[0m send_command - DIAG TIMEOUT: cmd=DEL(1220300000000000000000000000000000000000...) timeout=50ms
[2m2026-03-16T16:19:37.251808Z[0m [33m WARN[0m [2mglide_rs::jni_client[0m[2m:[0m DIAG cb=1379172 ERROR_CALLBACK: thread=glide-jni-callback-0 error_code=2 msg=timed out    
[2m2026-03-16T16:19:37.251812Z[0m [33m WARN[0m [2mlogger_core[0m[2m:[0m run_with_timeout - request timed out after 50ms
[2m2026-03-16T16:19:37.251816Z[0m [33m WARN[0m [2mlogger_core[0m[2m:[0m send_command - DIAG TIMEOUT: cmd=DEL(9394200000000000000000000000000000000000...) timeout=50ms
[2m2026-03-16T16:19:37.251822Z[0m [33m WARN[0m [2mlogger_core[0m[2m:[0m run_with_timeout - request timed out after 50ms
[2m2026-03-16T16:19:37.251822Z[0m [33m WARN[0m [2mglide_rs::jni_client[0m[2m:[0m DIAG cb=1379177 ERROR_CALLBACK: thread=glide-jni-callback-1 error_code=2 msg=timed out    
[2m2026-03-16T16:19:37.251826Z[0m [33m WARN[0m [2mlogger_core[0m[2m:[0m send_command - DIAG TIMEOUT: cmd=DEL(8093300000000000000000000000000000000000...) timeout=50ms
[2m2026-03-16T16:19:37.251835Z[0m [33m WARN[0m [2mglide_rs::jni_client[0m[2m:[0m DIAG cb=1379178 ERROR_CALLBACK: thread=glide-jni-callback-1 error_code=2 msg=timed out    
[2m2026-03-16T16:19:37.251837Z[0m [33m WARN[0m [2mglide_rs::jni_client[0m[2m:[0m DIAG cb=1379179 ERROR_CALLBACK: thread=glide-jni-callback-0 error_code=2 msg=timed out    
[2m2026-03-16T16:19:37.251873Z[0m [33m WARN[0m [2mlogger_core[0m[2m:[0m run_with_timeout - request timed out after 50ms
[2m2026-03-16T16:19:37.251882Z[0m [33m WARN[0m [2mlogger_core[0m[2m:[0m send_command - DIAG TIMEOUT: cmd=DEL(4651500000000000000000000000000000000000...) timeout=50ms
[2m2026-03-16T16:19:37.251894Z[0m [33m WARN[0m [2mlogger_core[0m[2m:[0m run_with_timeout - request timed out after 50ms
[2m2026-03-16T16:19:37.251898Z[0m [33m WARN[0m [2mlogger_core[0m[2m:[0m send_command - DIAG TIMEOUT: cmd=DEL(5734000000000000000000000000000000000000...) timeout=50ms
[2m2026-03-16T16:19:37.251905Z[0m [33m WARN[0m [2mlogger_core[0m[2m:[0m run_with_timeout - request timed out after 50ms
[2m2026-03-16T16:19:37.251909Z[0m [33m WARN[0m [2mlogger_core[0m[2m:[0m send_command - DIAG TIMEOUT: cmd=DEL(1535600000000000000000000000000000000000...) timeout=50ms
[2m2026-03-16T16:19:37.251909Z[0m [33m WARN[0m [2mglide_rs::jni_client[0m[2m:[0m DIAG cb=1379181 ERROR_CALLBACK: thread=glide-jni-callback-0 error_code=2 msg=timed out    
[2m2026-03-16T16:19:37.251908Z[0m [33m WARN[0m [2mglide_rs::jni_client[0m[2m:[0m DIAG cb=1379180 ERROR_CALLBACK: thread=glide-jni-callback-1 error_code=2 msg=timed out    
[2m2026-03-16T16:19:37.251929Z[0m [33m WARN[0m [2mglide_rs::jni_client[0m[2m:[0m DIAG cb=1379182 ERROR_CALLBACK: thread=glide-jni-callback-0 error_code=2 msg=timed out    
[2m2026-03-16T16:19:37.252788Z[0m [33m WARN[0m [2mlogger_core[0m[2m:[0m run_with_timeout - request timed out after 50ms
[2m2026-03-16T16:19:37.252795Z[0m [33m WARN[0m [2mlogger_core[0m[2m:[0m send_command - DIAG TIMEOUT: cmd=DEL(9247000000000000000000000000000000000000...) timeout=50ms
[2m2026-03-16T16:19:37.252815Z[0m [33m WARN[0m [2mglide_rs::jni_client[0m[2m:[0m DIAG cb=1379187 ERROR_CALLBACK: thread=glide-jni-callback-1 error_code=2 msg=timed out    
[2m2026-03-16T16:19:37.252835Z[0m [33m WARN[0m [2mlogger_core[0m[2m:[0m run_with_timeout - request timed out after 50ms
[2m2026-03-16T16:19:37.252840Z[0m [33m WARN[0m [2mlogger_core[0m[2m:[0m send_command - DIAG TIMEOUT: cmd=DEL(8625700000000000000000000000000000000000...) timeout=50ms
[2m2026-03-16T16:19:37.252850Z[0m [33m WARN[0m [2mlogger_core[0m[2m:[0m run_with_timeout - request timed out after 50ms
[2m2026-03-16T16:19:37.252853Z[0m [33m WARN[0m [2mglide_rs::jni_client[0m[2m:[0m DIAG cb=1379184 ERROR_CALLBACK: thread=glide-jni-callback-0 error_code=2 msg=timed out    
[2m2026-03-16T16:19:37.252854Z[0m [33m WARN[0m [2mlogger_core[0m[2m:[0m send_command - DIAG TIMEOUT: cmd=DEL(9466400000000000000000000000000000000000...) timeout=50ms
[2m2026-03-16T16:19:37.252863Z[0m [33m WARN[0m [2mlogger_core[0m[2m:[0m run_with_timeout - request timed out after 50ms
[2m2026-03-16T16:19:37.252867Z[0m [33m WARN[0m [2mlogger_core[0m[2m:[0m send_command - DIAG TIMEOUT: cmd=DEL(2562200000000000000000000000000000000000...) timeout=50ms
[2m2026-03-16T16:19:37.252868Z[0m [33m WARN[0m [2mglide_rs::jni_client[0m[2m:[0m DIAG cb=1379185 ERROR_CALLBACK: thread=glide-jni-callback-1 error_code=2 msg=timed out    
[2m2026-03-16T16:19:37.252880Z[0m [33m WARN[0m [2mglide_rs::jni_client[0m[2m:[0m DIAG cb=1379186 ERROR_CALLBACK: thread=glide-jni-callback-0 error_code=2 msg=timed out    
[2m2026-03-16T16:19:37.253716Z[0m [33m WARN[0m [2mlogger_core[0m[2m:[0m run_with_timeout - request timed out after 50ms
[2m2026-03-16T16:19:37.253723Z[0m [33m WARN[0m [2mlogger_core[0m[2m:[0m send_command - DIAG TIMEOUT: cmd=DEL(1072700000000000000000000000000000000000...) timeout=50ms
[2m2026-03-16T16:19:37.253736Z[0m [33m WARN[0m [2mlogger_core[0m[2m:[0m run_with_timeout - request timed out after 50ms
[2m2026-03-16T16:19:37.253739Z[0m [33m WARN[0m [2mlogger_core[0m[2m:[0m send_command - DIAG TIMEOUT: cmd=DEL(3134000000000000000000000000000000000000...) timeout=50ms
[2m2026-03-16T16:19:37.253745Z[0m [33m WARN[0m [2mglide_rs::jni_client[0m[2m:[0m DIAG cb=1379190 ERROR_CALLBACK: thread=glide-jni-callback-1 error_code=2 msg=timed out    
[2m2026-03-16T16:19:37.253746Z[0m [33m WARN[0m [2mlogger_core[0m[2m:[0m run_with_timeout - request timed out after 50ms
[2m2026-03-16T16:19:37.253753Z[0m [33m WARN[0m [2mlogger_core[0m[2m:[0m send_command - DIAG TIMEOUT: cmd=DEL(2071600000000000000000000000000000000000...) timeout=50ms
[2m2026-03-16T16:19:37.253753Z[0m [33m WARN[0m [2mglide_rs::jni_client[0m[2m:[0m DIAG cb=1379188 ERROR_CALLBACK: thread=glide-jni-callback-0 error_code=2 msg=timed out    
[2m2026-03-16T16:19:37.253772Z[0m [33m WARN[0m [2mglide_rs::jni_client[0m[2m:[0m DIAG cb=1379189 ERROR_CALLBACK: thread=glide-jni-callback-1 error_code=2 msg=timed out    
[2m2026-03-16T16:19:37.255030Z[0m [33m WARN[0m [2mlogger_core[0m[2m:[0m run_with_timeout - request timed out after 50ms
[2m2026-03-16T16:19:37.255040Z[0m [33m WARN[0m [2mlogger_core[0m[2m:[0m send_command - DIAG TIMEOUT: cmd=DEL(1912100000000000000000000000000000000000...) timeout=50ms
[2m2026-03-16T16:19:37.255050Z[0m [33m WARN[0m [2mlogger_core[0m[2m:[0m run_with_timeout - request timed out after 50ms
[2m2026-03-16T16:19:37.255055Z[0m [33m WARN[0m [2mlogger_core[0m[2m:[0m send_command - DIAG TIMEOUT: cmd=DEL(6120100000000000000000000000000000000000...) timeout=50ms
[2m2026-03-16T16:19:37.255061Z[0m [33m WARN[0m [2mlogger_core[0m[2m:[0m run_with_timeout - request timed out after 50ms
[2m2026-03-16T16:19:37.255058Z[0m [33m WARN[0m [2mglide_rs::jni_client[0m[2m:[0m DIAG cb=1379196 ERROR_CALLBACK: thread=glide-jni-callback-0 error_code=2 msg=timed out    
[2m2026-03-16T16:19:37.255064Z[0m [33m WARN[0m [2mlogger_core[0m[2m:[0m send_command - DIAG TIMEOUT: cmd=DEL(3103300000000000000000000000000000000000...) timeout=50ms
[2m2026-03-16T16:19:37.255065Z[0m [33m WARN[0m [2mglide_rs::jni_client[0m[2m:[0m DIAG cb=1379191 ERROR_CALLBACK: thread=glide-jni-callback-1 error_code=2 msg=timed out    
[2m2026-03-16T16:19:37.255070Z[0m [33m WARN[0m [2mlogger_core[0m[2m:[0m run_with_timeout - request timed out after 50ms
[2m2026-03-16T16:19:37.255073Z[0m [33m WARN[0m [2mlogger_core[0m[2m:[0m send_command - DIAG TIMEOUT: cmd=DEL(1366900000000000000000000000000000000000...) timeout=50ms
[2m2026-03-16T16:19:37.255078Z[0m [33m WARN[0m [2mlogger_core[0m[2m:[0m run_with_timeout - request timed out after 50ms
[2m2026-03-16T16:19:37.255080Z[0m [33m WARN[0m [2mlogger_core[0m[2m:[0m send_command - DIAG TIMEOUT: cmd=DEL(1333400000000000000000000000000000000000...) timeout=50ms
[2m2026-03-16T16:19:37.255085Z[0m [33m WARN[0m [2mlogger_core[0m[2m:[0m run_with_timeout - request timed out after 50ms
[2m2026-03-16T16:19:37.255091Z[0m [33m WARN[0m [2mlogger_core[0m[2m:[0m send_command - DIAG TIMEOUT: cmd=DEL(1548100000000000000000000000000000000000...) timeout=50ms
[2m2026-03-16T16:19:37.255092Z[0m [33m WARN[0m [2mglide_rs::jni_client[0m[2m:[0m DIAG cb=1379192 ERROR_CALLBACK: thread=glide-jni-callback-0 error_code=2 msg=timed out    
[2m2026-03-16T16:19:37.255092Z[0m [33m WARN[0m [2mglide_rs::jni_client[0m[2m:[0m DIAG cb=1379193 ERROR_CALLBACK: thread=glide-jni-callback-1 error_code=2 msg=timed out    
[2m2026-03-16T16:19:37.255108Z[0m [33m WARN[0m [2mglide_rs::jni_client[0m[2m:[0m DIAG cb=1379194 ERROR_CALLBACK: thread=glide-jni-callback-0 error_code=2 msg=timed out    
[2m2026-03-16T16:19:37.255114Z[0m [33m WARN[0m [2mglide_rs::jni_client[0m[2m:[0m DIAG cb=1379195 ERROR_CALLBACK: thread=glide-jni-callback-1 error_code=2 msg=timed out    
[2m2026-03-16T16:19:37.255852Z[0m [33m WARN[0m [2mlogger_core[0m[2m:[0m run_with_timeout - request timed out after 50ms
[2m2026-03-16T16:19:37.255860Z[0m [33m WARN[0m [2mlogger_core[0m[2m:[0m send_command - DIAG TIMEOUT: cmd=DEL(1766400000000000000000000000000000000000...) timeout=50ms
[2m2026-03-16T16:19:37.255878Z[0m [33m WARN[0m [2mglide_rs::jni_client[0m[2m:[0m DIAG cb=1379198 ERROR_CALLBACK: thread=glide-jni-callback-0 error_code=2 msg=timed out    
[2m2026-03-16T16:19:37.255923Z[0m [33m WARN[0m [2mlogger_core[0m[2m:[0m run_with_timeout - request timed out after 50ms
[2m2026-03-16T16:19:37.255928Z[0m [33m WARN[0m [2mlogger_core[0m[2m:[0m send_command - DIAG TIMEOUT: cmd=DEL(8061200000000000000000000000000000000000...) timeout=50ms
[2m2026-03-16T16:19:37.255944Z[0m [33m WARN[0m [2mglide_rs::jni_client[0m[2m:[0m DIAG cb=1379197 ERROR_CALLBACK: thread=glide-jni-callback-1 error_code=2 msg=timed out    
[2m2026-03-16T16:19:37.257649Z[0m [33m WARN[0m [2mlogger_core[0m[2m:[0m run_with_timeout - request timed out after 50ms
[2m2026-03-16T16:19:37.257657Z[0m [33m WARN[0m [2mlogger_core[0m[2m:[0m send_command - DIAG TIMEOUT: cmd=DEL(3386000000000000000000000000000000000000...) timeout=50ms
[2m2026-03-16T16:19:37.257666Z[0m [33m WARN[0m [2mlogger_core[0m[2m:[0m run_with_timeout - request timed out after 50ms
[2m2026-03-16T16:19:37.257671Z[0m [33m WARN[0m [2mlogger_core[0m[2m:[0m send_command - DIAG TIMEOUT: cmd=DEL(2279600000000000000000000000000000000000...) timeout=50ms
[2m2026-03-16T16:19:37.257678Z[0m [33m WARN[0m [2mglide_rs::jni_client[0m[2m:[0m DIAG cb=1379201 ERROR_CALLBACK: thread=glide-jni-callback-0 error_code=2 msg=timed out    
[2m2026-03-16T16:19:37.257685Z[0m [33m WARN[0m [2mglide_rs::jni_client[0m[2m:[0m DIAG cb=1379199 ERROR_CALLBACK: thread=glide-jni-callback-1 error_code=2 msg=timed out    
[2m2026-03-16T16:19:37.257767Z[0m [33m WARN[0m [2mlogger_core[0m[2m:[0m run_with_timeout - request timed out after 50ms
[2m2026-03-16T16:19:37.257771Z[0m [33m WARN[0m [2mlogger_core[0m[2m:[0m send_command - DIAG TIMEOUT: cmd=DEL(7694900000000000000000000000000000000000...) timeout=50ms
[2m2026-03-16T16:19:37.257785Z[0m [33m WARN[0m [2mglide_rs::jni_client[0m[2m:[0m DIAG cb=1379202 ERROR_CALLBACK: thread=glide-jni-callback-0 error_code=2 msg=timed out    
[2m2026-03-16T16:19:37.298363Z[0m [33m WARN[0m [2mlogger_core[0m[2m:[0m run_with_timeout - request timed out after 50ms
[2m2026-03-16T16:19:37.298382Z[0m [33m WARN[0m [2mlogger_core[0m[2m:[0m send_command - DIAG TIMEOUT: cmd=DEL(6239300000000000000000000000000000000000...) timeout=50ms
[2m2026-03-16T16:19:37.298395Z[0m [33m WARN[0m [2mlogger_core[0m[2m:[0m run_with_timeout - request timed out after 50ms
[2m2026-03-16T16:19:37.298398Z[0m [33m WARN[0m [2mlogger_core[0m[2m:[0m send_command - DIAG TIMEOUT: cmd=DEL(4793500000000000000000000000000000000000...) timeout=50ms
[2m2026-03-16T16:19:37.298404Z[0m [33m WARN[0m [2mlogger_core[0m[2m:[0m run_with_timeout - request timed out after 50ms
[2m2026-03-16T16:19:37.298407Z[0m [33m WARN[0m [2mlogger_core[0m[2m:[0m send_command - DIAG TIMEOUT: cmd=DEL(4719700000000000000000000000000000000000...) timeout=50ms
[2m2026-03-16T16:19:37.298413Z[0m [33m WARN[0m [2mglide_rs::jni_client[0m[2m:[0m DIAG cb=1379205 ERROR_CALLBACK: thread=glide-jni-callback-1 error_code=2 msg=timed out    
[2m2026-03-16T16:19:37.298421Z[0m [33m WARN[0m [2mglide_rs::jni_client[0m[2m:[0m DIAG cb=1379203 ERROR_CALLBACK: thread=glide-jni-callback-0 error_code=2 msg=timed out    
[2m2026-03-16T16:19:37.298467Z[0m [33m WARN[0m [2mglide_rs::jni_client[0m[2m:[0m DIAG cb=1379204 ERROR_CALLBACK: thread=glide-jni-callback-1 error_code=2 msg=timed out    
[2m2026-03-16T16:19:37.298758Z[0m [33m WARN[0m [2mlogger_core[0m[2m:[0m run_with_timeout - request timed out after 50ms
[2m2026-03-16T16:19:37.298765Z[0m [33m WARN[0m [2mlogger_core[0m[2m:[0m send_command - DIAG TIMEOUT: cmd=DEL(8028400000000000000000000000000000000000...) timeout=50ms
[2m2026-03-16T16:19:37.298777Z[0m [33m WARN[0m [2mlogger_core[0m[2m:[0m run_with_timeout - request timed out after 50ms
[2m2026-03-16T16:19:37.298781Z[0m [33m WARN[0m [2mlogger_core[0m[2m:[0m send_command - DIAG TIMEOUT: cmd=DEL(3347100000000000000000000000000000000000...) timeout=50ms
[2m2026-03-16T16:19:37.298789Z[0m [33m WARN[0m [2mlogger_core[0m[2m:[0m run_with_timeout - request timed out after 50ms
[2m2026-03-16T16:19:37.298788Z[0m [33m WARN[0m [2mglide_rs::jni_client[0m[2m:[0m DIAG cb=1379213 ERROR_CALLBACK: thread=glide-jni-callback-0 error_code=2 msg=timed out    
[2m2026-03-16T16:19:37.298794Z[0m [33m WARN[0m [2mlogger_core[0m[2m:[0m send_command - DIAG TIMEOUT: cmd=DEL(9170200000000000000000000000000000000000...) timeout=50ms
[2m2026-03-16T16:19:37.298793Z[0m [33m WARN[0m [2mglide_rs::jni_client[0m[2m:[0m DIAG cb=1379206 ERROR_CALLBACK: thread=glide-jni-callback-1 error_code=2 msg=timed out    
[2m2026-03-16T16:19:37.298801Z[0m [33m WARN[0m [2mlogger_core[0m[2m:[0m run_with_timeout - request timed out after 50ms
[2m2026-03-16T16:19:37.298804Z[0m [33m WARN[0m [2mlogger_core[0m[2m:[0m send_command - DIAG TIMEOUT: cmd=DEL(8574000000000000000000000000000000000000...) timeout=50ms
[2m2026-03-16T16:19:37.298809Z[0m [33m WARN[0m [2mlogger_core[0m[2m:[0m run_with_timeout - request timed out after 50ms
[2m2026-03-16T16:19:37.298812Z[0m [33m WARN[0m [2mlogger_core[0m[2m:[0m send_command - DIAG TIMEOUT: cmd=DEL(6276900000000000000000000000000000000000...) timeout=50ms
[2m2026-03-16T16:19:37.298815Z[0m [33m WARN[0m [2mglide_rs::jni_client[0m[2m:[0m DIAG cb=1379207 ERROR_CALLBACK: thread=glide-jni-callback-1 error_code=2 msg=timed out    
[2m2026-03-16T16:19:37.298819Z[0m [33m WARN[0m [2mlogger_core[0m[2m:[0m run_with_timeout - request timed out after 50ms
[2m2026-03-16T16:19:37.298822Z[0m [33m WARN[0m [2mlogger_core[0m[2m:[0m send_command - DIAG TIMEOUT: cmd=DEL(8117200000000000000000000000000000000000...) timeout=50ms
[2m2026-03-16T16:19:37.298825Z[0m [33m WARN[0m [2mglide_rs::jni_client[0m[2m:[0m DIAG cb=1379208 ERROR_CALLBACK: thread=glide-jni-callback-0 error_code=2 msg=timed out    
[2m2026-03-16T16:19:37.298827Z[0m [33m WARN[0m [2mlogger_core[0m[2m:[0m run_with_timeout - request timed out after 50ms
[2m2026-03-16T16:19:37.298837Z[0m [33m WARN[0m [2mlogger_core[0m[2m:[0m send_command - DIAG TIMEOUT: cmd=DEL(6369300000000000000000000000000000000000...) timeout=50ms
[2m2026-03-16T16:19:37.298828Z[0m [33m WARN[0m [2mglide_rs::jni_client[0m[2m:[0m DIAG cb=1379209 ERROR_CALLBACK: thread=glide-jni-callback-1 error_code=2 msg=timed out    
[2m2026-03-16T16:19:37.298845Z[0m [33m WARN[0m [2mlogger_core[0m[2m:[0m run_with_timeout - request timed out after 50ms
[2m2026-03-16T16:19:37.298846Z[0m [33m WARN[0m [2mglide_rs::jni_client[0m[2m:[0m DIAG cb=1379210 ERROR_CALLBACK: thread=glide-jni-callback-0 error_code=2 msg=timed out    
[2m2026-03-16T16:19:37.298848Z[0m [33m WARN[0m [2mlogger_core[0m[2m:[0m send_command - DIAG TIMEOUT: cmd=DEL(2906200000000000000000000000000000000000...) timeout=50ms
[2m2026-03-16T16:19:37.298852Z[0m [33m WARN[0m [2mglide_rs::jni_client[0m[2m:[0m DIAG cb=1379212 ERROR_CALLBACK: thread=glide-jni-callback-1 error_code=2 msg=timed out    
[2m2026-03-16T16:19:37.298863Z[0m [33m WARN[0m [2mglide_rs::jni_client[0m[2m:[0m DIAG cb=1379211 ERROR_CALLBACK: thread=glide-jni-callback-1 error_code=2 msg=timed out    
[2m2026-03-16T16:19:37.299715Z[0m [33m WARN[0m [2mlogger_core[0m[2m:[0m run_with_timeout - request timed out after 50ms
[2m2026-03-16T16:19:37.299723Z[0m [33m WARN[0m [2mlogger_core[0m[2m:[0m send_command - DIAG TIMEOUT: cmd=DEL(7507900000000000000000000000000000000000...) timeout=50ms
[2m2026-03-16T16:19:37.299737Z[0m [33m WARN[0m [2mlogger_core[0m[2m:[0m run_with_timeout - request timed out after 50ms
[2m2026-03-16T16:19:37.299741Z[0m [33m WARN[0m [2mlogger_core[0m[2m:[0m send_command - DIAG TIMEOUT: cmd=DEL(2084600000000000000000000000000000000000...) timeout=50ms
[2m2026-03-16T16:19:37.299749Z[0m [33m WARN[0m [2mlogger_core[0m[2m:[0m run_with_timeout - request timed out after 50ms
[2m2026-03-16T16:19:37.299749Z[0m [33m WARN[0m [2mglide_rs::jni_client[0m[2m:[0m DIAG cb=1379217 ERROR_CALLBACK: thread=glide-jni-callback-0 error_code=2 msg=timed out    
[2m2026-03-16T16:19:37.299752Z[0m [33m WARN[0m [2mlogger_core[0m[2m:[0m send_command - DIAG TIMEOUT: cmd=DEL(2450500000000000000000000000000000000000...) timeout=50ms
[2m2026-03-16T16:19:37.299758Z[0m [33m WARN[0m [2mglide_rs::jni_client[0m[2m:[0m DIAG cb=1379214 ERROR_CALLBACK: thread=glide-jni-callback-1 error_code=2 msg=timed out    
[2m2026-03-16T16:19:37.299762Z[0m [33m WARN[0m [2mlogger_core[0m[2m:[0m run_with_timeout - request timed out after 50ms
[2m2026-03-16T16:19:37.299770Z[0m [33m WARN[0m [2mlogger_core[0m[2m:[0m send_command - DIAG TIMEOUT: cmd=DEL(1452000000000000000000000000000000000000...) timeout=50ms
[2m2026-03-16T16:19:37.299776Z[0m [33m WARN[0m [2mlogger_core[0m[2m:[0m run_with_timeout - request timed out after 50ms
[2m2026-03-16T16:19:37.299781Z[0m [33m WARN[0m [2mlogger_core[0m[2m:[0m send_command - DIAG TIMEOUT: cmd=DEL(9265000000000000000000000000000000000000...) timeout=50ms
[2m2026-03-16T16:19:37.299785Z[0m [33m WARN[0m [2mglide_rs::jni_client[0m[2m:[0m DIAG cb=1379215 ERROR_CALLBACK: thread=glide-jni-callback-0 error_code=2 msg=timed out    
[2m2026-03-16T16:19:37.299787Z[0m [33m WARN[0m [2mlogger_core[0m[2m:[0m run_with_timeout - request timed out after 50ms
[2m2026-03-16T16:19:37.299791Z[0m [33m WARN[0m [2mlogger_core[0m[2m:[0m send_command - DIAG TIMEOUT: cmd=DEL(5790700000000000000000000000000000000000...) timeout=50ms
[2m2026-03-16T16:19:37.299801Z[0m [33m WARN[0m [2mglide_rs::jni_client[0m[2m:[0m DIAG cb=1379219 ERROR_CALLBACK: thread=glide-jni-callback-1 error_code=2 msg=timed out    
[2m2026-03-16T16:19:37.299804Z[0m [33m WARN[0m [2mglide_rs::jni_client[0m[2m:[0m DIAG cb=1379216 ERROR_CALLBACK: thread=glide-jni-callback-0 error_code=2 msg=timed out    
[2m2026-03-16T16:19:37.299823Z[0m [33m WARN[0m [2mglide_rs::jni_client[0m[2m:[0m DIAG cb=1379218 ERROR_CALLBACK: thread=glide-jni-callback-1 error_code=2 msg=timed out    
[2m2026-03-16T16:19:37.300722Z[0m [33m WARN[0m [2mlogger_core[0m[2m:[0m run_with_timeout - request timed out after 50ms
[2m2026-03-16T16:19:37.300729Z[0m [33m WARN[0m [2mlogger_core[0m[2m:[0m send_command - DIAG TIMEOUT: cmd=DEL(3292000000000000000000000000000000000000...) timeout=50ms
[2m2026-03-16T16:19:37.300746Z[0m [33m WARN[0m [2mglide_rs::jni_client[0m[2m:[0m DIAG cb=1379227 ERROR_CALLBACK: thread=glide-jni-callback-1 error_code=2 msg=timed out    
[2m2026-03-16T16:19:37.300748Z[0m [33m WARN[0m [2mlogger_core[0m[2m:[0m run_with_timeout - request timed out after 50ms
[2m2026-03-16T16:19:37.300754Z[0m [33m WARN[0m [2mlogger_core[0m[2m:[0m send_command - DIAG TIMEOUT: cmd=DEL(5480000000000000000000000000000000000000...) timeout=50ms
[2m2026-03-16T16:19:37.300761Z[0m [33m WARN[0m [2mlogger_core[0m[2m:[0m run_with_timeout - request timed out after 50ms
[2m2026-03-16T16:19:37.300764Z[0m [33m WARN[0m [2mlogger_core[0m[2m:[0m send_command - DIAG TIMEOUT: cmd=DEL(9274000000000000000000000000000000000000...) timeout=50ms
[2m2026-03-16T16:19:37.300770Z[0m [33m WARN[0m [2mlogger_core[0m[2m:[0m run_with_timeout - request timed out after 50ms
[2m2026-03-16T16:19:37.300767Z[0m [33m WARN[0m [2mglide_rs::jni_client[0m[2m:[0m DIAG cb=1379221 ERROR_CALLBACK: thread=glide-jni-callback-0 error_code=2 msg=timed out    
[2m2026-03-16T16:19:37.300772Z[0m [33m WARN[0m [2mlogger_core[0m[2m:[0m send_command - DIAG TIMEOUT: cmd=DEL(4726000000000000000000000000000000000000...) timeout=50ms
[2m2026-03-16T16:19:37.300771Z[0m [33m WARN[0m [2mglide_rs::jni_client[0m[2m:[0m DIAG cb=1379222 ERROR_CALLBACK: thread=glide-jni-callback-1 error_code=2 msg=timed out    
[2m2026-03-16T16:19:37.300805Z[0m [33m WARN[0m [2mlogger_core[0m[2m:[0m run_with_timeout - request timed out after 50ms
[2m2026-03-16T16:19:37.300808Z[0m [33m WARN[0m [2mlogger_core[0m[2m:[0m send_command - DIAG TIMEOUT: cmd=DEL(5693000000000000000000000000000000000000...) timeout=50ms
[2m2026-03-16T16:19:37.300808Z[0m [33m WARN[0m [2mglide_rs::jni_client[0m[2m:[0m DIAG cb=1379220 ERROR_CALLBACK: thread=glide-jni-callback-0 error_code=2 msg=timed out    
[2m2026-03-16T16:19:37.300814Z[0m [33m WARN[0m [2mlogger_core[0m[2m:[0m run_with_timeout - request timed out after 50ms
[2m2026-03-16T16:19:37.300816Z[0m [33m WARN[0m [2mglide_rs::jni_client[0m[2m:[0m DIAG cb=1379223 ERROR_CALLBACK: thread=glide-jni-callback-1 error_code=2 msg=timed out    
[2m2026-03-16T16:19:37.300817Z[0m [33m WARN[0m [2mlogger_core[0m[2m:[0m send_command - DIAG TIMEOUT: cmd=DEL(7249600000000000000000000000000000000000...) timeout=50ms
[2m2026-03-16T16:19:37.300822Z[0m [33m WARN[0m [2mlogger_core[0m[2m:[0m run_with_timeout - request timed out after 50ms
[2m2026-03-16T16:19:37.300824Z[0m [33m WARN[0m [2mglide_rs::jni_client[0m[2m:[0m DIAG cb=1379224 ERROR_CALLBACK: thread=glide-jni-callback-0 error_code=2 msg=timed out    
[2m2026-03-16T16:19:37.300825Z[0m [33m WARN[0m [2mlogger_core[0m[2m:[0m send_command - DIAG TIMEOUT: cmd=DEL(5362100000000000000000000000000000000000...) timeout=50ms
[2m2026-03-16T16:19:37.300835Z[0m [33m WARN[0m [2mglide_rs::jni_client[0m[2m:[0m DIAG cb=1379226 ERROR_CALLBACK: thread=glide-jni-callback-1 error_code=2 msg=timed out    
[2m2026-03-16T16:19:37.300860Z[0m [33m WARN[0m [2mlogger_core[0m[2m:[0m run_with_timeout - request timed out after 50ms
[2m2026-03-16T16:19:37.300864Z[0m [33m WARN[0m [2mlogger_core[0m[2m:[0m send_command - DIAG TIMEOUT: cmd=DEL(8930300000000000000000000000000000000000...) timeout=50ms
[2m2026-03-16T16:19:37.300879Z[0m [33m WARN[0m [2mglide_rs::jni_client[0m[2m:[0m DIAG cb=1379225 ERROR_CALLBACK: thread=glide-jni-callback-0 error_code=2 msg=timed out    
[2m2026-03-16T16:19:37.301709Z[0m [33m WARN[0m [2mlogger_core[0m[2m:[0m run_with_timeout - request timed out after 50ms
[2m2026-03-16T16:19:37.301717Z[0m [33m WARN[0m [2mlogger_core[0m[2m:[0m send_command - DIAG TIMEOUT: cmd=DEL(5915200000000000000000000000000000000000...) timeout=50ms
[2m2026-03-16T16:19:37.301737Z[0m [33m WARN[0m [2mglide_rs::jni_client[0m[2m:[0m DIAG cb=1379235 ERROR_CALLBACK: thread=glide-jni-callback-1 error_code=2 msg=timed out    
[2m2026-03-16T16:19:37.301762Z[0m [33m WARN[0m [2mlogger_core[0m[2m:[0m run_with_timeout - request timed out after 50ms
[2m2026-03-16T16:19:37.301768Z[0m [33m WARN[0m [2mlogger_core[0m[2m:[0m send_command - DIAG TIMEOUT: cmd=DEL(1365000000000000000000000000000000000000...) timeout=50ms
[2m2026-03-16T16:19:37.301779Z[0m [33m WARN[0m [2mlogger_core[0m[2m:[0m run_with_timeout - request timed out after 50ms
[2m2026-03-16T16:19:37.301784Z[0m [33m WARN[0m [2mlogger_core[0m[2m:[0m send_command - DIAG TIMEOUT: cmd=DEL(2860000000000000000000000000000000000000...) timeout=50ms
[2m2026-03-16T16:19:37.301791Z[0m [33m WARN[0m [2mlogger_core[0m[2m:[0m run_with_timeout - request timed out after 50ms
[2m2026-03-16T16:19:37.301794Z[0m [33m WARN[0m [2mlogger_core[0m[2m:[0m send_command - DIAG TIMEOUT: cmd=DEL(1703000000000000000000000000000000000000...) timeout=50ms
[2m2026-03-16T16:19:37.301795Z[0m [33m WARN[0m [2mglide_rs::jni_client[0m[2m:[0m DIAG cb=1379229 ERROR_CALLBACK: thread=glide-jni-callback-1 error_code=2 msg=timed out    
[2m2026-03-16T16:19:37.301795Z[0m [33m WARN[0m [2mglide_rs::jni_client[0m[2m:[0m DIAG cb=1379228 ERROR_CALLBACK: thread=glide-jni-callback-0 error_code=2 msg=timed out    
[2m2026-03-16T16:19:37.301800Z[0m [33m WARN[0m [2mlogger_core[0m[2m:[0m run_with_timeout - request timed out after 50ms
[2m2026-03-16T16:19:37.301807Z[0m [33m WARN[0m [2mlogger_core[0m[2m:[0m send_command - DIAG TIMEOUT: cmd=DEL(1570000000000000000000000000000000000000...) timeout=50ms
[2m2026-03-16T16:19:37.301807Z[0m [33m WARN[0m [2mglide_rs::jni_client[0m[2m:[0m DIAG cb=1379234 ERROR_CALLBACK: thread=glide-jni-callback-1 error_code=2 msg=timed out    
[2m2026-03-16T16:19:37.301870Z[0m [33m WARN[0m [2mlogger_core[0m[2m:[0m run_with_timeout - request timed out after 50ms
[2m2026-03-16T16:19:37.301875Z[0m [33m WARN[0m [2mlogger_core[0m[2m:[0m send_command - DIAG TIMEOUT: cmd=DEL(4909400000000000000000000000000000000000...) timeout=50ms
[2m2026-03-16T16:19:37.301876Z[0m [33m WARN[0m [2mglide_rs::jni_client[0m[2m:[0m DIAG cb=1379231 ERROR_CALLBACK: thread=glide-jni-callback-0 error_code=2 msg=timed out    
[2m2026-03-16T16:19:37.301905Z[0m [33m WARN[0m [2mglide_rs::jni_client[0m[2m:[0m DIAG cb=1379232 ERROR_CALLBACK: thread=glide-jni-callback-1 error_code=2 msg=timed out    
[2m2026-03-16T16:19:37.301942Z[0m [33m WARN[0m [2mlogger_core[0m[2m:[0m run_with_timeout - request timed out after 50ms
[2m2026-03-16T16:19:37.301948Z[0m [33m WARN[0m [2mlogger_core[0m[2m:[0m send_command - DIAG TIMEOUT: cmd=DEL(2708700000000000000000000000000000000000...) timeout=50ms
[2m2026-03-16T16:19:37.301960Z[0m [33m WARN[0m [2mglide_rs::jni_client[0m[2m:[0m DIAG cb=1379233 ERROR_CALLBACK: thread=glide-jni-callback-1 error_code=2 msg=timed out    
[2m2026-03-16T16:19:37.302706Z[0m [33m WARN[0m [2mlogger_core[0m[2m:[0m run_with_timeout - request timed out after 50ms
[2m2026-03-16T16:19:37.302712Z[0m [33m WARN[0m [2mlogger_core[0m[2m:[0m send_command - DIAG TIMEOUT: cmd=DEL(2768400000000000000000000000000000000000...) timeout=50ms
[2m2026-03-16T16:19:37.302729Z[0m [33m WARN[0m [2mlogger_core[0m[2m:[0m run_with_timeout - request timed out after 50ms
[2m2026-03-16T16:19:37.302734Z[0m [33m WARN[0m [2mlogger_core[0m[2m:[0m send_command - DIAG TIMEOUT: cmd=DEL(8052100000000000000000000000000000000000...) timeout=50ms
[2m2026-03-16T16:19:37.302736Z[0m [33m WARN[0m [2mglide_rs::jni_client[0m[2m:[0m DIAG cb=1379245 ERROR_CALLBACK: thread=glide-jni-callback-0 error_code=2 msg=timed out    
[2m2026-03-16T16:19:37.302742Z[0m [33m WARN[0m [2mlogger_core[0m[2m:[0m run_with_timeout - request timed out after 50ms
[2m2026-03-16T16:19:37.302746Z[0m [33m WARN[0m [2mlogger_core[0m[2m:[0m send_command - DIAG TIMEOUT: cmd=DEL(6236000000000000000000000000000000000000...) timeout=50ms
[2m2026-03-16T16:19:37.302748Z[0m [33m WARN[0m [2mglide_rs::jni_client[0m[2m:[0m DIAG cb=1379236 ERROR_CALLBACK: thread=glide-jni-callback-1 error_code=2 msg=timed out    
[2m2026-03-16T16:19:37.302751Z[0m [33m WARN[0m [2mlogger_core[0m[2m:[0m run_with_timeout - request timed out after 50ms
[2m2026-03-16T16:19:37.302754Z[0m [33m WARN[0m [2mlogger_core[0m[2m:[0m send_command - DIAG TIMEOUT: cmd=DEL(6708200000000000000000000000000000000000...) timeout=50ms
[2m2026-03-16T16:19:37.302760Z[0m [33m WARN[0m [2mlogger_core[0m[2m:[0m run_with_timeout - request timed out after 50ms
[2m2026-03-16T16:19:37.302764Z[0m [33m WARN[0m [2mlogger_core[0m[2m:[0m send_command - DIAG TIMEOUT: cmd=DEL(1079600000000000000000000000000000000000...) timeout=50ms
[2m2026-03-16T16:19:37.302769Z[0m [33m WARN[0m [2mlogger_core[0m[2m:[0m run_with_timeout - request timed out after 50ms
[2m2026-03-16T16:19:37.302770Z[0m [33m WARN[0m [2mglide_rs::jni_client[0m[2m:[0m DIAG cb=1379237 ERROR_CALLBACK: thread=glide-jni-callback-1 error_code=2 msg=timed out    
[2m2026-03-16T16:19:37.302773Z[0m [33m WARN[0m [2mlogger_core[0m[2m:[0m send_command - DIAG TIMEOUT: cmd=DEL(6900400000000000000000000000000000000000...) timeout=50ms
[2m2026-03-16T16:19:37.302778Z[0m [33m WARN[0m [2mlogger_core[0m[2m:[0m run_with_timeout - request timed out after 50ms
[2m2026-03-16T16:19:37.302771Z[0m [33m WARN[0m [2mglide_rs::jni_client[0m[2m:[0m DIAG cb=1379238 ERROR_CALLBACK: thread=glide-jni-callback-0 error_code=2 msg=timed out    
[2m2026-03-16T16:19:37.302785Z[0m [33m WARN[0m [2mlogger_core[0m[2m:[0m send_command - DIAG TIMEOUT: cmd=DEL(6958000000000000000000000000000000000000...) timeout=50ms
[2m2026-03-16T16:19:37.302787Z[0m [33m WARN[0m [2mglide_rs::jni_client[0m[2m:[0m DIAG cb=1379240 ERROR_CALLBACK: thread=glide-jni-callback-1 error_code=2 msg=timed out    
[2m2026-03-16T16:19:37.302791Z[0m [33m WARN[0m [2mlogger_core[0m[2m:[0m run_with_timeout - request timed out after 50ms
[2m2026-03-16T16:19:37.302794Z[0m [33m WARN[0m [2mlogger_core[0m[2m:[0m send_command - DIAG TIMEOUT: cmd=DEL(3687700000000000000000000000000000000000...) timeout=50ms
[2m2026-03-16T16:19:37.302798Z[0m [33m WARN[0m [2mglide_rs::jni_client[0m[2m:[0m DIAG cb=1379239 ERROR_CALLBACK: thread=glide-jni-callback-1 error_code=2 msg=timed out    
[2m2026-03-16T16:19:37.302801Z[0m [33m WARN[0m [2mlogger_core[0m[2m:[0m run_with_timeout - request timed out after 50ms
[2m2026-03-16T16:19:37.302803Z[0m [33m WARN[0m [2mlogger_core[0m[2m:[0m send_command - DIAG TIMEOUT: cmd=DEL(1983300000000000000000000000000000000000...) timeout=50ms
[2m2026-03-16T16:19:37.302806Z[0m [33m WARN[0m [2mglide_rs::jni_client[0m[2m:[0m DIAG cb=1379241 ERROR_CALLBACK: thread=glide-jni-callback-0 error_code=2 msg=timed out    
[2m2026-03-16T16:19:37.302809Z[0m [33m WARN[0m [2mlogger_core[0m[2m:[0m run_with_timeout - request timed out after 50ms
[2m2026-03-16T16:19:37.302809Z[0m [33m WARN[0m [2mglide_rs::jni_client[0m[2m:[0m DIAG cb=1379243 ERROR_CALLBACK: thread=glide-jni-callback-1 error_code=2 msg=timed out    
[2m2026-03-16T16:19:37.302812Z[0m [33m WARN[0m [2mlogger_core[0m[2m:[0m send_command - DIAG TIMEOUT: cmd=DEL(9394700000000000000000000000000000000000...) timeout=50ms
[2m2026-03-16T16:19:37.302821Z[0m [33m WARN[0m [2mglide_rs::jni_client[0m[2m:[0m DIAG cb=1379242 ERROR_CALLBACK: thread=glide-jni-callback-1 error_code=2 msg=timed out    
[2m2026-03-16T16:19:37.302822Z[0m [33m WARN[0m [2mglide_rs::jni_client[0m[2m:[0m DIAG cb=1379244 ERROR_CALLBACK: thread=glide-jni-callback-0 error_code=2 msg=timed out    
[2m2026-03-16T16:19:37.303768Z[0m [33m WARN[0m [2mlogger_core[0m[2m:[0m run_with_timeout - request timed out after 50ms
[2m2026-03-16T16:19:37.303775Z[0m [33m WARN[0m [2mlogger_core[0m[2m:[0m send_command - DIAG TIMEOUT: cmd=DEL(1835300000000000000000000000000000000000...) timeout=50ms
[2m2026-03-16T16:19:37.303790Z[0m [33m WARN[0m [2mglide_rs::jni_client[0m[2m:[0m DIAG cb=1379249 ERROR_CALLBACK: thread=glide-jni-callback-1 error_code=2 msg=timed out    
[2m2026-03-16T16:19:37.303804Z[0m [33m WARN[0m [2mlogger_core[0m[2m:[0m run_with_timeout - request timed out after 50ms
[2m2026-03-16T16:19:37.303809Z[0m [33m WARN[0m [2mlogger_core[0m[2m:[0m send_command - DIAG TIMEOUT: cmd=DEL(8101500000000000000000000000000000000000...) timeout=50ms
[2m2026-03-16T16:19:37.303817Z[0m [33m WARN[0m [2mlogger_core[0m[2m:[0m run_with_timeout - request timed out after 50ms
[2m2026-03-16T16:19:37.303821Z[0m [33m WARN[0m [2mlogger_core[0m[2m:[0m send_command - DIAG TIMEOUT: cmd=DEL(4203600000000000000000000000000000000000...) timeout=50ms
[2m2026-03-16T16:19:37.303826Z[0m [33m WARN[0m [2mlogger_core[0m[2m:[0m run_with_timeout - request timed out after 50ms
[2m2026-03-16T16:19:37.303827Z[0m [33m WARN[0m [2mglide_rs::jni_client[0m[2m:[0m DIAG cb=1379247 ERROR_CALLBACK: thread=glide-jni-callback-1 error_code=2 msg=timed out    
[2m2026-03-16T16:19:37.303827Z[0m [33m WARN[0m [2mglide_rs::jni_client[0m[2m:[0m DIAG cb=1379246 ERROR_CALLBACK: thread=glide-jni-callback-0 error_code=2 msg=timed out    
[2m2026-03-16T16:19:37.303830Z[0m [33m WARN[0m [2mlogger_core[0m[2m:[0m send_command - DIAG TIMEOUT: cmd=DEL(8412400000000000000000000000000000000000...) timeout=50ms
[2m2026-03-16T16:19:37.303841Z[0m [33m WARN[0m [2mglide_rs::jni_client[0m[2m:[0m DIAG cb=1379248 ERROR_CALLBACK: thread=glide-jni-callback-1 error_code=2 msg=timed out    
[2m2026-03-16T16:19:37.305750Z[0m [33m WARN[0m [2mlogger_core[0m[2m:[0m run_with_timeout - request timed out after 50ms
[2m2026-03-16T16:19:37.305758Z[0m [33m WARN[0m [2mlogger_core[0m[2m:[0m send_command - DIAG TIMEOUT: cmd=DEL(5950000000000000000000000000000000000000...) timeout=50ms
[2m2026-03-16T16:19:37.305768Z[0m [33m WARN[0m [2mlogger_core[0m[2m:[0m run_with_timeout - request timed out after 50ms
[2m2026-03-16T16:19:37.305771Z[0m [33m WARN[0m [2mlogger_core[0m[2m:[0m send_command - DIAG TIMEOUT: cmd=DEL(3234400000000000000000000000000000000000...) timeout=50ms
[2m2026-03-16T16:19:37.305780Z[0m [33m WARN[0m [2mlogger_core[0m[2m:[0m run_with_timeout - request timed out after 50ms
[2m2026-03-16T16:19:37.305781Z[0m [33m WARN[0m [2mglide_rs::jni_client[0m[2m:[0m DIAG cb=1379255 ERROR_CALLBACK: thread=glide-jni-callback-1 error_code=2 msg=timed out    
[2m2026-03-16T16:19:37.305787Z[0m [33m WARN[0m [2mlogger_core[0m[2m:[0m send_command - DIAG TIMEOUT: cmd=DEL(2711500000000000000000000000000000000000...) timeout=50ms
[2m2026-03-16T16:19:37.305794Z[0m [33m WARN[0m [2mlogger_core[0m[2m:[0m run_with_timeout - request timed out after 50ms
[2m2026-03-16T16:19:37.305792Z[0m [33m WARN[0m [2mglide_rs::jni_client[0m[2m:[0m DIAG cb=1379250 ERROR_CALLBACK: thread=glide-jni-callback-0 error_code=2 msg=timed out    
[2m2026-03-16T16:19:37.305797Z[0m [33m WARN[0m [2mlogger_core[0m[2m:[0m send_command - DIAG TIMEOUT: cmd=DEL(4088700000000000000000000000000000000000...) timeout=50ms
[2m2026-03-16T16:19:37.305803Z[0m [33m WARN[0m [2mlogger_core[0m[2m:[0m run_with_timeout - request timed out after 50ms
[2m2026-03-16T16:19:37.305808Z[0m [33m WARN[0m [2mlogger_core[0m[2m:[0m send_command - DIAG TIMEOUT: cmd=DEL(9611900000000000000000000000000000000000...) timeout=50ms
[2m2026-03-16T16:19:37.305813Z[0m [33m WARN[0m [2mlogger_core[0m[2m:[0m run_with_timeout - request timed out after 50ms
[2m2026-03-16T16:19:37.305813Z[0m [33m WARN[0m [2mglide_rs::jni_client[0m[2m:[0m DIAG cb=1379252 ERROR_CALLBACK: thread=glide-jni-callback-1 error_code=2 msg=timed out    
[2m2026-03-16T16:19:37.305816Z[0m [33m WARN[0m [2mlogger_core[0m[2m:[0m send_command - DIAG TIMEOUT: cmd=DEL(9582600000000000000000000000000000000000...) timeout=50ms
[2m2026-03-16T16:19:37.305823Z[0m [33m WARN[0m [2mlogger_core[0m[2m:[0m run_with_timeout - request timed out after 50ms
[2m2026-03-16T16:19:37.305827Z[0m [33m WARN[0m [2mlogger_core[0m[2m:[0m send_command - DIAG TIMEOUT: cmd=DEL(8840200000000000000000000000000000000000...) timeout=50ms
[2m2026-03-16T16:19:37.305826Z[0m [33m WARN[0m [2mglide_rs::jni_client[0m[2m:[0m DIAG cb=1379251 ERROR_CALLBACK: thread=glide-jni-callback-0 error_code=2 msg=timed out    
[2m2026-03-16T16:19:37.305834Z[0m [33m WARN[0m [2mlogger_core[0m[2m:[0m run_with_timeout - request timed out after 50ms
[2m2026-03-16T16:19:37.305827Z[0m [33m WARN[0m [2mglide_rs::jni_client[0m[2m:[0m DIAG cb=1379253 ERROR_CALLBACK: thread=glide-jni-callback-1 error_code=2 msg=timed out    
[2m2026-03-16T16:19:37.305841Z[0m [33m WARN[0m [2mlogger_core[0m[2m:[0m send_command - DIAG TIMEOUT: cmd=DEL(6966800000000000000000000000000000000000...) timeout=50ms
[2m2026-03-16T16:19:37.305849Z[0m [33m WARN[0m [2mlogger_core[0m[2m:[0m run_with_timeout - request timed out after 50ms
[2m2026-03-16T16:19:37.305851Z[0m [33m WARN[0m [2mglide_rs::jni_client[0m[2m:[0m DIAG cb=1379254 ERROR_CALLBACK: thread=glide-jni-callback-0 error_code=2 msg=timed out    
[2m2026-03-16T16:19:37.305855Z[0m [33m WARN[0m [2mlogger_core[0m[2m:[0m send_command - DIAG TIMEOUT: cmd=DEL(1758000000000000000000000000000000000000...) timeout=50ms
[2m2026-03-16T16:19:37.305858Z[0m [33m WARN[0m [2mglide_rs::jni_client[0m[2m:[0m DIAG cb=1379256 ERROR_CALLBACK: thread=glide-jni-callback-1 error_code=2 msg=timed out    
[2m2026-03-16T16:19:37.305872Z[0m [33m WARN[0m [2mglide_rs::jni_client[0m[2m:[0m DIAG cb=1379257 ERROR_CALLBACK: thread=glide-jni-callback-0 error_code=2 msg=timed out    
[2m2026-03-16T16:19:37.305878Z[0m [33m WARN[0m [2mglide_rs::jni_client[0m[2m:[0m DIAG cb=1379258 ERROR_CALLBACK: thread=glide-jni-callback-1 error_code=2 msg=timed out    
[2m2026-03-16T16:19:37.306745Z[0m [33m WARN[0m [2mlogger_core[0m[2m:[0m run_with_timeout - request timed out after 50ms
[2m2026-03-16T16:19:37.306756Z[0m [33m WARN[0m [2mlogger_core[0m[2m:[0m send_command - DIAG TIMEOUT: cmd=DEL(7628800000000000000000000000000000000000...) timeout=50ms
[2m2026-03-16T16:19:37.306768Z[0m [33m WARN[0m [2mlogger_core[0m[2m:[0m run_with_timeout - request timed out after 50ms
[2m2026-03-16T16:19:37.306773Z[0m [33m WARN[0m [2mlogger_core[0m[2m:[0m send_command - DIAG TIMEOUT: cmd=DEL(9708200000000000000000000000000000000000...) timeout=50ms
[2m2026-03-16T16:19:37.306784Z[0m [33m WARN[0m [2mglide_rs::jni_client[0m[2m:[0m DIAG cb=1379260 ERROR_CALLBACK: thread=glide-jni-callback-0 error_code=2 msg=timed out    
[2m2026-03-16T16:19:37.306787Z[0m [33m WARN[0m [2mglide_rs::jni_client[0m[2m:[0m DIAG cb=1379259 ERROR_CALLBACK: thread=glide-jni-callback-1 error_code=2 msg=timed out    
[2m2026-03-16T16:19:37.308719Z[0m [33m WARN[0m [2mlogger_core[0m[2m:[0m run_with_timeout - request timed out after 50ms
[2m2026-03-16T16:19:37.308727Z[0m [33m WARN[0m [2mlogger_core[0m[2m:[0m send_command - DIAG TIMEOUT: cmd=DEL(1445600000000000000000000000000000000000...) timeout=50ms
[2m2026-03-16T16:19:37.308750Z[0m [33m WARN[0m [2mglide_rs::jni_client[0m[2m:[0m DIAG cb=1379263 ERROR_CALLBACK: thread=glide-jni-callback-0 error_code=2 msg=timed out    
[2m2026-03-16T16:19:37.308754Z[0m [33m WARN[0m [2mlogger_core[0m[2m:[0m run_with_timeout - request timed out after 50ms
[2m2026-03-16T16:19:37.308760Z[0m [33m WARN[0m [2mlogger_core[0m[2m:[0m send_command - DIAG TIMEOUT: cmd=DEL(8801500000000000000000000000000000000000...) timeout=50ms
[2m2026-03-16T16:19:37.308768Z[0m [33m WARN[0m [2mlogger_core[0m[2m:[0m run_with_timeout - request timed out after 50ms
[2m2026-03-16T16:19:37.308772Z[0m [33m WARN[0m [2mlogger_core[0m[2m:[0m send_command - DIAG TIMEOUT: cmd=DEL(3396000000000000000000000000000000000000...) timeout=50ms
[2m2026-03-16T16:19:37.308774Z[0m [33m WARN[0m [2mglide_rs::jni_client[0m[2m:[0m DIAG cb=1379261 ERROR_CALLBACK: thread=glide-jni-callback-1 error_code=2 msg=timed out    
[2m2026-03-16T16:19:37.308788Z[0m [33m WARN[0m [2mglide_rs::jni_client[0m[2m:[0m DIAG cb=1379262 ERROR_CALLBACK: thread=glide-jni-callback-0 error_code=2 msg=timed out    
[2m2026-03-16T16:19:37.349543Z[0m [33m WARN[0m [2mlogger_core[0m[2m:[0m run_with_timeout - request timed out after 50ms
[2m2026-03-16T16:19:37.349557Z[0m [33m WARN[0m [2mlogger_core[0m[2m:[0m send_command - DIAG TIMEOUT: cmd=DEL(1517300000000000000000000000000000000000...) timeout=50ms
[2m2026-03-16T16:19:37.349569Z[0m [33m WARN[0m [2mlogger_core[0m[2m:[0m run_with_timeout - request timed out after 50ms
[2m2026-03-16T16:19:37.349572Z[0m [33m WARN[0m [2mlogger_core[0m[2m:[0m send_command - DIAG TIMEOUT: cmd=DEL(1766300000000000000000000000000000000000...) timeout=50ms
[2m2026-03-16T16:19:37.349585Z[0m [33m WARN[0m [2mglide_rs::jni_client[0m[2m:[0m DIAG cb=1379265 ERROR_CALLBACK: thread=glide-jni-callback-1 error_code=2 msg=timed out    
[2m2026-03-16T16:19:37.349599Z[0m [33m WARN[0m [2mglide_rs::jni_client[0m[2m:[0m DIAG cb=1379264 ERROR_CALLBACK: thread=glide-jni-callback-0 error_code=2 msg=timed out    
[2m2026-03-16T16:19:37.349768Z[0m [33m WARN[0m [2mlogger_core[0m[2m:[0m run_with_timeout - request timed out after 50ms
[2m2026-03-16T16:19:37.349772Z[0m [33m WARN[0m [2mlogger_core[0m[2m:[0m send_command - DIAG TIMEOUT: cmd=DEL(8026600000000000000000000000000000000000...) timeout=50ms
[2m2026-03-16T16:19:37.349779Z[0m [33m WARN[0m [2mlogger_core[0m[2m:[0m run_with_timeout - request timed out after 50ms
[2m2026-03-16T16:19:37.349782Z[0m [33m WARN[0m [2mlogger_core[0m[2m:[0m send_command - DIAG TIMEOUT: cmd=DEL(4006100000000000000000000000000000000000...) timeout=50ms
[2m2026-03-16T16:19:37.349784Z[0m [33m WARN[0m [2mglide_rs::jni_client[0m[2m:[0m DIAG cb=1379266 ERROR_CALLBACK: thread=glide-jni-callback-1 error_code=2 msg=timed out    
[2m2026-03-16T16:19:37.349797Z[0m [33m WARN[0m [2mglide_rs::jni_client[0m[2m:[0m DIAG cb=1379267 ERROR_CALLBACK: thread=glide-jni-callback-0 error_code=2 msg=timed out    
[2m2026-03-16T16:19:37.349893Z[0m [33m WARN[0m [2mlogger_core[0m[2m:[0m run_with_timeout - request timed out after 50ms
[2m2026-03-16T16:19:37.349899Z[0m [33m WARN[0m [2mlogger_core[0m[2m:[0m send_command - DIAG TIMEOUT: cmd=DEL(9321100000000000000000000000000000000000...) timeout=50ms
[2m2026-03-16T16:19:37.349906Z[0m [33m WARN[0m [2mlogger_core[0m[2m:[0m run_with_timeout - request timed out after 50ms
[2m2026-03-16T16:19:37.349909Z[0m [33m WARN[0m [2mlogger_core[0m[2m:[0m send_command - DIAG TIMEOUT: cmd=DEL(5107500000000000000000000000000000000000...) timeout=50ms
[2m2026-03-16T16:19:37.349910Z[0m [33m WARN[0m [2mglide_rs::jni_client[0m[2m:[0m DIAG cb=1379268 ERROR_CALLBACK: thread=glide-jni-callback-1 error_code=2 msg=timed out    
[2m2026-03-16T16:19:37.349915Z[0m [33m WARN[0m [2mlogger_core[0m[2m:[0m run_with_timeout - request timed out after 50ms
[2m2026-03-16T16:19:37.349915Z[0m [33m WARN[0m [2mglide_rs::jni_client[0m[2m:[0m DIAG cb=1379269 ERROR_CALLBACK: thread=glide-jni-callback-0 error_code=2 msg=timed out    
[2m2026-03-16T16:19:37.349918Z[0m [33m WARN[0m [2mlogger_core[0m[2m:[0m send_command - DIAG TIMEOUT: cmd=DEL(9202800000000000000000000000000000000000...) timeout=50ms
[2m2026-03-16T16:19:37.349924Z[0m [33m WARN[0m [2mlogger_core[0m[2m:[0m run_with_timeout - request timed out after 50ms
[2m2026-03-16T16:19:37.349924Z[0m [33m WARN[0m [2mglide_rs::jni_client[0m[2m:[0m DIAG cb=1379270 ERROR_CALLBACK: thread=glide-jni-callback-1 error_code=2 msg=timed out    
[2m2026-03-16T16:19:37.349926Z[0m [33m WARN[0m [2mlogger_core[0m[2m:[0m send_command - DIAG TIMEOUT: cmd=DEL(4574700000000000000000000000000000000000...) timeout=50ms
[2m2026-03-16T16:19:37.349931Z[0m [33m WARN[0m [2mglide_rs::jni_client[0m[2m:[0m DIAG cb=1379273 ERROR_CALLBACK: thread=glide-jni-callback-0 error_code=2 msg=timed out    
[2m2026-03-16T16:19:37.349932Z[0m [33m WARN[0m [2mlogger_core[0m[2m:[0m run_with_timeout - request timed out after 50ms
[2m2026-03-16T16:19:37.349936Z[0m [33m WARN[0m [2mlogger_core[0m[2m:[0m send_command - DIAG TIMEOUT: cmd=DEL(3089000000000000000000000000000000000000...) timeout=50ms
[2m2026-03-16T16:19:37.349943Z[0m [33m WARN[0m [2mlogger_core[0m[2m:[0m run_with_timeout - request timed out after 50ms
[2m2026-03-16T16:19:37.349946Z[0m [33m WARN[0m [2mlogger_core[0m[2m:[0m send_command - DIAG TIMEOUT: cmd=DEL(9668800000000000000000000000000000000000...) timeout=50ms
[2m2026-03-16T16:19:37.349946Z[0m [33m WARN[0m [2mglide_rs::jni_client[0m[2m:[0m DIAG cb=1379272 ERROR_CALLBACK: thread=glide-jni-callback-1 error_code=2 msg=timed out    
[2m2026-03-16T16:19:37.349955Z[0m [33m WARN[0m [2mglide_rs::jni_client[0m[2m:[0m DIAG cb=1379271 ERROR_CALLBACK: thread=glide-jni-callback-0 error_code=2 msg=timed out    
[2m2026-03-16T16:19:37.350739Z[0m [33m WARN[0m [2mlogger_core[0m[2m:[0m run_with_timeout - request timed out after 50ms
[2m2026-03-16T16:19:37.350746Z[0m [33m WARN[0m [2mlogger_core[0m[2m:[0m send_command - DIAG TIMEOUT: cmd=DEL(7679200000000000000000000000000000000000...) timeout=50ms
[2m2026-03-16T16:19:37.350754Z[0m [33m WARN[0m [2mlogger_core[0m[2m:[0m run_with_timeout - request timed out after 50ms
[2m2026-03-16T16:19:37.350757Z[0m [33m WARN[0m [2mlogger_core[0m[2m:[0m send_command - DIAG TIMEOUT: cmd=DEL(3091700000000000000000000000000000000000...) timeout=50ms
[2m2026-03-16T16:19:37.350761Z[0m [33m WARN[0m [2mglide_rs::jni_client[0m[2m:[0m DIAG cb=1379281 ERROR_CALLBACK: thread=glide-jni-callback-0 error_code=2 msg=timed out    
[2m2026-03-16T16:19:37.350764Z[0m [33m WARN[0m [2mlogger_core[0m[2m:[0m run_with_timeout - request timed out after 50ms
[2m2026-03-16T16:19:37.350766Z[0m [33m WARN[0m [2mglide_rs::jni_client[0m[2m:[0m DIAG cb=1379275 ERROR_CALLBACK: thread=glide-jni-callback-1 error_code=2 msg=timed out    
[2m2026-03-16T16:19:37.350770Z[0m [33m WARN[0m [2mlogger_core[0m[2m:[0m send_command - DIAG TIMEOUT: cmd=DEL(7118400000000000000000000000000000000000...) timeout=50ms
[2m2026-03-16T16:19:37.350776Z[0m [33m WARN[0m [2mlogger_core[0m[2m:[0m run_with_timeout - request timed out after 50ms
[2m2026-03-16T16:19:37.350779Z[0m [33m WARN[0m [2mlogger_core[0m[2m:[0m send_command - DIAG TIMEOUT: cmd=DEL(9828300000000000000000000000000000000000...) timeout=50ms
[2m2026-03-16T16:19:37.350785Z[0m [33m WARN[0m [2mlogger_core[0m[2m:[0m run_with_timeout - request timed out after 50ms
[2m2026-03-16T16:19:37.350787Z[0m [33m WARN[0m [2mlogger_core[0m[2m:[0m send_command - DIAG TIMEOUT: cmd=DEL(3294000000000000000000000000000000000000...) timeout=50ms
[2m2026-03-16T16:19:37.350789Z[0m [33m WARN[0m [2mglide_rs::jni_client[0m[2m:[0m DIAG cb=1379276 ERROR_CALLBACK: thread=glide-jni-callback-0 error_code=2 msg=timed out    
[2m2026-03-16T16:19:37.350794Z[0m [33m WARN[0m [2mglide_rs::jni_client[0m[2m:[0m DIAG cb=1379277 ERROR_CALLBACK: thread=glide-jni-callback-1 error_code=2 msg=timed out    
[2m2026-03-16T16:19:37.350801Z[0m [33m WARN[0m [2mglide_rs::jni_client[0m[2m:[0m DIAG cb=1379278 ERROR_CALLBACK: thread=glide-jni-callback-0 error_code=2 msg=timed out    
[2m2026-03-16T16:19:37.350824Z[0m [33m WARN[0m [2mlogger_core[0m[2m:[0m run_with_timeout - request timed out after 50ms
[2m2026-03-16T16:19:37.350828Z[0m [33m WARN[0m [2mlogger_core[0m[2m:[0m send_command - DIAG TIMEOUT: cmd=DEL(3250800000000000000000000000000000000000...) timeout=50ms
[2m2026-03-16T16:19:37.350834Z[0m [33m WARN[0m [2mlogger_core[0m[2m:[0m run_with_timeout - request timed out after 50ms
[2m2026-03-16T16:19:37.350837Z[0m [33m WARN[0m [2mlogger_core[0m[2m:[0m send_command - DIAG TIMEOUT: cmd=DEL(1094200000000000000000000000000000000000...) timeout=50ms
[2m2026-03-16T16:19:37.350840Z[0m [33m WARN[0m [2mglide_rs::jni_client[0m[2m:[0m DIAG cb=1379279 ERROR_CALLBACK: thread=glide-jni-callback-1 error_code=2 msg=timed out    
[2m2026-03-16T16:19:37.350846Z[0m [33m WARN[0m [2mglide_rs::jni_client[0m[2m:[0m DIAG cb=1379280 ERROR_CALLBACK: thread=glide-jni-callback-0 error_code=2 msg=timed out    
[2m2026-03-16T16:19:37.351708Z[0m [33m WARN[0m [2mlogger_core[0m[2m:[0m run_with_timeout - request timed out after 50ms
[2m2026-03-16T16:19:37.351714Z[0m [33m WARN[0m [2mlogger_core[0m[2m:[0m send_command - DIAG TIMEOUT: cmd=DEL(9364000000000000000000000000000000000000...) timeout=50ms
[2m2026-03-16T16:19:37.351737Z[0m [33m WARN[0m [2mglide_rs::jni_client[0m[2m:[0m DIAG cb=1379289 ERROR_CALLBACK: thread=glide-jni-callback-1 error_code=2 msg=timed out    
[2m2026-03-16T16:19:37.351749Z[0m [33m WARN[0m [2mlogger_core[0m[2m:[0m run_with_timeout - request timed out after 50ms
[2m2026-03-16T16:19:37.351754Z[0m [33m WARN[0m [2mlogger_core[0m[2m:[0m send_command - DIAG TIMEOUT: cmd=DEL(9795700000000000000000000000000000000000...) timeout=50ms
[2m2026-03-16T16:19:37.351768Z[0m [33m WARN[0m [2mlogger_core[0m[2m:[0m run_with_timeout - request timed out after 50ms
[2m2026-03-16T16:19:37.351772Z[0m [33m WARN[0m [2mlogger_core[0m[2m:[0m send_command - DIAG TIMEOUT: cmd=DEL(1910900000000000000000000000000000000000...) timeout=50ms
[2m2026-03-16T16:19:37.351780Z[0m [33m WARN[0m [2mglide_rs::jni_client[0m[2m:[0m DIAG cb=1379283 ERROR_CALLBACK: thread=glide-jni-callback-1 error_code=2 msg=timed out    
[2m2026-03-16T16:19:37.351780Z[0m [33m WARN[0m [2mlogger_core[0m[2m:[0m run_with_timeout - request timed out after 50ms
[2m2026-03-16T16:19:37.351789Z[0m [33m WARN[0m [2mlogger_core[0m[2m:[0m send_command - DIAG TIMEOUT: cmd=DEL(6264000000000000000000000000000000000000...) timeout=50ms
[2m2026-03-16T16:19:37.351778Z[0m [33m WARN[0m [2mglide_rs::jni_client[0m[2m:[0m DIAG cb=1379282 ERROR_CALLBACK: thread=glide-jni-callback-0 error_code=2 msg=timed out    
[2m2026-03-16T16:19:37.351802Z[0m [33m WARN[0m [2mlogger_core[0m[2m:[0m run_with_timeout - request timed out after 50ms
[2m2026-03-16T16:19:37.351804Z[0m [33m WARN[0m [2mglide_rs::jni_client[0m[2m:[0m DIAG cb=1379285 ERROR_CALLBACK: thread=glide-jni-callback-1 error_code=2 msg=timed out    
[2m2026-03-16T16:19:37.351808Z[0m [33m WARN[0m [2mlogger_core[0m[2m:[0m send_command - DIAG TIMEOUT: cmd=DEL(8654900000000000000000000000000000000000...) timeout=50ms
[2m2026-03-16T16:19:37.351815Z[0m [33m WARN[0m [2mlogger_core[0m[2m:[0m run_with_timeout - request timed out after 50ms
[2m2026-03-16T16:19:37.351819Z[0m [33m WARN[0m [2mglide_rs::jni_client[0m[2m:[0m DIAG cb=1379284 ERROR_CALLBACK: thread=glide-jni-callback-1 error_code=2 msg=timed out    
[2m2026-03-16T16:19:37.351820Z[0m [33m WARN[0m [2mlogger_core[0m[2m:[0m send_command - DIAG TIMEOUT: cmd=DEL(6077200000000000000000000000000000000000...) timeout=50ms
[2m2026-03-16T16:19:37.351828Z[0m [33m WARN[0m [2mlogger_core[0m[2m:[0m run_with_timeout - request timed out after 50ms
[2m2026-03-16T16:19:37.351829Z[0m [33m WARN[0m [2mglide_rs::jni_client[0m[2m:[0m DIAG cb=1379286 ERROR_CALLBACK: thread=glide-jni-callback-0 error_code=2 msg=timed out    
[2m2026-03-16T16:19:37.351833Z[0m [33m WARN[0m [2mlogger_core[0m[2m:[0m send_command - DIAG TIMEOUT: cmd=DEL(5133300000000000000000000000000000000000...) timeout=50ms
[2m2026-03-16T16:19:37.351848Z[0m [33m WARN[0m [2mglide_rs::jni_client[0m[2m:[0m DIAG cb=1379287 ERROR_CALLBACK: thread=glide-jni-callback-1 error_code=2 msg=timed out    
[2m2026-03-16T16:19:37.351880Z[0m [33m WARN[0m [2mlogger_core[0m[2m:[0m run_with_timeout - request timed out after 50ms
[2m2026-03-16T16:19:37.351885Z[0m [33m WARN[0m [2mlogger_core[0m[2m:[0m send_command - DIAG TIMEOUT: cmd=DEL(7163000000000000000000000000000000000000...) timeout=50ms
[2m2026-03-16T16:19:37.351901Z[0m [33m WARN[0m [2mglide_rs::jni_client[0m[2m:[0m DIAG cb=1379288 ERROR_CALLBACK: thread=glide-jni-callback-0 error_code=2 msg=timed out    
[2m2026-03-16T16:19:37.352708Z[0m [33m WARN[0m [2mlogger_core[0m[2m:[0m run_with_timeout - request timed out after 50ms
[2m2026-03-16T16:19:37.352716Z[0m [33m WARN[0m [2mlogger_core[0m[2m:[0m send_command - DIAG TIMEOUT: cmd=DEL(5334700000000000000000000000000000000000...) timeout=50ms
[2m2026-03-16T16:19:37.352734Z[0m [33m WARN[0m [2mglide_rs::jni_client[0m[2m:[0m DIAG cb=1379296 ERROR_CALLBACK: thread=glide-jni-callback-1 error_code=2 msg=timed out    
[2m2026-03-16T16:19:37.352752Z[0m [33m WARN[0m [2mlogger_core[0m[2m:[0m run_with_timeout - request timed out after 50ms
[2m2026-03-16T16:19:37.352756Z[0m [33m WARN[0m [2mlogger_core[0m[2m:[0m send_command - DIAG TIMEOUT: cmd=DEL(9557100000000000000000000000000000000000...) timeout=50ms
[2m2026-03-16T16:19:37.352762Z[0m [33m WARN[0m [2mlogger_core[0m[2m:[0m run_with_timeout - request timed out after 50ms
[2m2026-03-16T16:19:37.352771Z[0m [33m WARN[0m [2mlogger_core[0m[2m:[0m send_command - DIAG TIMEOUT: cmd=DEL(8883800000000000000000000000000000000000...) timeout=50ms
[2m2026-03-16T16:19:37.352773Z[0m [33m WARN[0m [2mglide_rs::jni_client[0m[2m:[0m DIAG cb=1379290 ERROR_CALLBACK: thread=glide-jni-callback-0 error_code=2 msg=timed out    
[2m2026-03-16T16:19:37.352777Z[0m [33m WARN[0m [2mlogger_core[0m[2m:[0m run_with_timeout - request timed out after 50ms
[2m2026-03-16T16:19:37.352781Z[0m [33m WARN[0m [2mglide_rs::jni_client[0m[2m:[0m DIAG cb=1379291 ERROR_CALLBACK: thread=glide-jni-callback-1 error_code=2 msg=timed out    
[2m2026-03-16T16:19:37.352783Z[0m [33m WARN[0m [2mlogger_core[0m[2m:[0m send_command - DIAG TIMEOUT: cmd=DEL(2076000000000000000000000000000000000000...) timeout=50ms
[2m2026-03-16T16:19:37.352788Z[0m [33m WARN[0m [2mlogger_core[0m[2m:[0m run_with_timeout - request timed out after 50ms
[2m2026-03-16T16:19:37.352790Z[0m [33m WARN[0m [2mlogger_core[0m[2m:[0m send_command - DIAG TIMEOUT: cmd=DEL(4521400000000000000000000000000000000000...) timeout=50ms
[2m2026-03-16T16:19:37.352796Z[0m [33m WARN[0m [2mlogger_core[0m[2m:[0m run_with_timeout - request timed out after 50ms
[2m2026-03-16T16:19:37.352796Z[0m [33m WARN[0m [2mglide_rs::jni_client[0m[2m:[0m DIAG cb=1379292 ERROR_CALLBACK: thread=glide-jni-callback-1 error_code=2 msg=timed out    
[2m2026-03-16T16:19:37.352802Z[0m [33m WARN[0m [2mlogger_core[0m[2m:[0m send_command - DIAG TIMEOUT: cmd=DEL(5061600000000000000000000000000000000000...) timeout=50ms
[2m2026-03-16T16:19:37.352809Z[0m [33m WARN[0m [2mlogger_core[0m[2m:[0m run_with_timeout - request timed out after 50ms
[2m2026-03-16T16:19:37.352808Z[0m [33m WARN[0m [2mglide_rs::jni_client[0m[2m:[0m DIAG cb=1379293 ERROR_CALLBACK: thread=glide-jni-callback-0 error_code=2 msg=timed out    
[2m2026-03-16T16:19:37.352813Z[0m [33m WARN[0m [2mglide_rs::jni_client[0m[2m:[0m DIAG cb=1379294 ERROR_CALLBACK: thread=glide-jni-callback-1 error_code=2 msg=timed out    
[2m2026-03-16T16:19:37.352814Z[0m [33m WARN[0m [2mlogger_core[0m[2m:[0m send_command - DIAG TIMEOUT: cmd=DEL(7130000000000000000000000000000000000000...) timeout=50ms
[2m2026-03-16T16:19:37.352825Z[0m [33m WARN[0m [2mglide_rs::jni_client[0m[2m:[0m DIAG cb=1379295 ERROR_CALLBACK: thread=glide-jni-callback-1 error_code=2 msg=timed out    
[2m2026-03-16T16:19:37.353819Z[0m [33m WARN[0m [2mlogger_core[0m[2m:[0m run_with_timeout - request timed out after 50ms
[2m2026-03-16T16:19:37.353828Z[0m [33m WARN[0m [2mlogger_core[0m[2m:[0m send_command - DIAG TIMEOUT: cmd=DEL(6880400000000000000000000000000000000000...) timeout=50ms
[2m2026-03-16T16:19:37.353849Z[0m [33m WARN[0m [2mglide_rs::jni_client[0m[2m:[0m DIAG cb=1379303 ERROR_CALLBACK: thread=glide-jni-callback-0 error_code=2 msg=timed out    
[2m2026-03-16T16:19:37.353852Z[0m [33m WARN[0m [2mlogger_core[0m[2m:[0m run_with_timeout - request timed out after 50ms
[2m2026-03-16T16:19:37.353858Z[0m [33m WARN[0m [2mlogger_core[0m[2m:[0m send_command - DIAG TIMEOUT: cmd=DEL(7103000000000000000000000000000000000000...) timeout=50ms
[2m2026-03-16T16:19:37.353865Z[0m [33m WARN[0m [2mlogger_core[0m[2m:[0m run_with_timeout - request timed out after 50ms
[2m2026-03-16T16:19:37.353873Z[0m [33m WARN[0m [2mlogger_core[0m[2m:[0m send_command - DIAG TIMEOUT: cmd=DEL(7558100000000000000000000000000000000000...) timeout=50ms
[2m2026-03-16T16:19:37.353874Z[0m [33m WARN[0m [2mglide_rs::jni_client[0m[2m:[0m DIAG cb=1379297 ERROR_CALLBACK: thread=glide-jni-callback-1 error_code=2 msg=timed out    
[2m2026-03-16T16:19:37.353878Z[0m [33m WARN[0m [2mlogger_core[0m[2m:[0m run_with_timeout - request timed out after 50ms
[2m2026-03-16T16:19:37.353901Z[0m [33m WARN[0m [2mlogger_core[0m[2m:[0m send_command - DIAG TIMEOUT: cmd=DEL(9764900000000000000000000000000000000000...) timeout=50ms
[2m2026-03-16T16:19:37.353878Z[0m [33m WARN[0m [2mglide_rs::jni_client[0m[2m:[0m DIAG cb=1379298 ERROR_CALLBACK: thread=glide-jni-callback-0 error_code=2 msg=timed out    
[2m2026-03-16T16:19:37.353912Z[0m [33m WARN[0m [2mlogger_core[0m[2m:[0m run_with_timeout - request timed out after 50ms
[2m2026-03-16T16:19:37.353915Z[0m [33m WARN[0m [2mlogger_core[0m[2m:[0m send_command - DIAG TIMEOUT: cmd=DEL(7823000000000000000000000000000000000000...) timeout=50ms
[2m2026-03-16T16:19:37.353918Z[0m [33m WARN[0m [2mglide_rs::jni_client[0m[2m:[0m DIAG cb=1379304 ERROR_CALLBACK: thread=glide-jni-callback-1 error_code=2 msg=timed out    
[2m2026-03-16T16:19:37.353920Z[0m [33m WARN[0m [2mlogger_core[0m[2m:[0m run_with_timeout - request timed out after 50ms
[2m2026-03-16T16:19:37.353921Z[0m [33m WARN[0m [2mglide_rs::jni_client[0m[2m:[0m DIAG cb=1379299 ERROR_CALLBACK: thread=glide-jni-callback-0 error_code=2 msg=timed out    
[2m2026-03-16T16:19:37.353923Z[0m [33m WARN[0m [2mlogger_core[0m[2m:[0m send_command - DIAG TIMEOUT: cmd=DEL(3223500000000000000000000000000000000000...) timeout=50ms
[2m2026-03-16T16:19:37.353935Z[0m [33m WARN[0m [2mglide_rs::jni_client[0m[2m:[0m DIAG cb=1379300 ERROR_CALLBACK: thread=glide-jni-callback-1 error_code=2 msg=timed out    
[2m2026-03-16T16:19:37.353963Z[0m [33m WARN[0m [2mlogger_core[0m[2m:[0m run_with_timeout - request timed out after 50ms
[2m2026-03-16T16:19:37.353968Z[0m [33m WARN[0m [2mlogger_core[0m[2m:[0m send_command - DIAG TIMEOUT: cmd=DEL(5315000000000000000000000000000000000000...) timeout=50ms
[2m2026-03-16T16:19:37.353980Z[0m [33m WARN[0m [2mlogger_core[0m[2m:[0m run_with_timeout - request timed out after 50ms
[2m2026-03-16T16:19:37.353988Z[0m [33m WARN[0m [2mlogger_core[0m[2m:[0m send_command - DIAG TIMEOUT: cmd=DEL(1756000000000000000000000000000000000000...) timeout=50ms
[2m2026-03-16T16:19:37.353994Z[0m [33m WARN[0m [2mglide_rs::jni_client[0m[2m:[0m DIAG cb=1379302 ERROR_CALLBACK: thread=glide-jni-callback-0 error_code=2 msg=timed out    
[2m2026-03-16T16:19:37.353997Z[0m [33m WARN[0m [2mglide_rs::jni_client[0m[2m:[0m DIAG cb=1379301 ERROR_CALLBACK: thread=glide-jni-callback-1 error_code=2 msg=timed out    
[2m2026-03-16T16:19:37.353997Z[0m [33m WARN[0m [2mlogger_core[0m[2m:[0m run_with_timeout - request timed out after 50ms
[2m2026-03-16T16:19:37.354033Z[0m [33m WARN[0m [2mlogger_core[0m[2m:[0m send_command - DIAG TIMEOUT: cmd=DEL(2260900000000000000000000000000000000000...) timeout=50ms
[2m2026-03-16T16:19:37.354040Z[0m [33m WARN[0m [2mglide_rs::jni_client[0m[2m:[0m DIAG cb=1379305 ERROR_CALLBACK: thread=glide-jni-callback-1 error_code=2 msg=timed out    
[2m2026-03-16T16:19:37.354066Z[0m [33m WARN[0m [2mlogger_core[0m[2m:[0m run_with_timeout - request timed out after 50ms
[2m2026-03-16T16:19:37.354069Z[0m [33m WARN[0m [2mlogger_core[0m[2m:[0m send_command - DIAG TIMEOUT: cmd=DEL(3505100000000000000000000000000000000000...) timeout=50ms
[2m2026-03-16T16:19:37.354124Z[0m [33m WARN[0m [2mglide_rs::jni_client[0m[2m:[0m DIAG cb=1379306 ERROR_CALLBACK: thread=glide-jni-callback-0 error_code=2 msg=timed out    
[2m2026-03-16T16:19:37.354943Z[0m [33m WARN[0m [2mlogger_core[0m[2m:[0m run_with_timeout - request timed out after 50ms
[2m2026-03-16T16:19:37.354951Z[0m [33m WARN[0m [2mlogger_core[0m[2m:[0m send_command - DIAG TIMEOUT: cmd=DEL(1603500000000000000000000000000000000000...) timeout=50ms
[2m2026-03-16T16:19:37.354971Z[0m [33m WARN[0m [2mglide_rs::jni_client[0m[2m:[0m DIAG cb=1379310 ERROR_CALLBACK: thread=glide-jni-callback-1 error_code=2 msg=timed out    
[2m2026-03-16T16:19:37.355016Z[0m [33m WARN[0m [2mlogger_core[0m[2m:[0m run_with_timeout - request timed out after 50ms
[2m2026-03-16T16:19:37.355020Z[0m [33m WARN[0m [2mlogger_core[0m[2m:[0m send_command - DIAG TIMEOUT: cmd=DEL(8633600000000000000000000000000000000000...) timeout=50ms
[2m2026-03-16T16:19:37.355028Z[0m [33m WARN[0m [2mlogger_core[0m[2m:[0m run_with_timeout - request timed out after 50ms
[2m2026-03-16T16:19:37.355031Z[0m [33m WARN[0m [2mlogger_core[0m[2m:[0m send_command - DIAG TIMEOUT: cmd=DEL(1014500000000000000000000000000000000000...) timeout=50ms
[2m2026-03-16T16:19:37.355037Z[0m [33m WARN[0m [2mlogger_core[0m[2m:[0m run_with_timeout - request timed out after 50ms
[2m2026-03-16T16:19:37.355049Z[0m [33m WARN[0m [2mlogger_core[0m[2m:[0m send_command - DIAG TIMEOUT: cmd=DEL(6956200000000000000000000000000000000000...) timeout=50ms
[2m2026-03-16T16:19:37.355038Z[0m [33m WARN[0m [2mglide_rs::jni_client[0m[2m:[0m DIAG cb=1379308 ERROR_CALLBACK: thread=glide-jni-callback-1 error_code=2 msg=timed out    
[2m2026-03-16T16:19:37.355038Z[0m [33m WARN[0m [2mglide_rs::jni_client[0m[2m:[0m DIAG cb=1379307 ERROR_CALLBACK: thread=glide-jni-callback-0 error_code=2 msg=timed out    
[2m2026-03-16T16:19:37.355064Z[0m [33m WARN[0m [2mglide_rs::jni_client[0m[2m:[0m DIAG cb=1379309 ERROR_CALLBACK: thread=glide-jni-callback-1 error_code=2 msg=timed out    
[2m2026-03-16T16:19:37.357529Z[0m [33m WARN[0m [2mlogger_core[0m[2m:[0m run_with_timeout - request timed out after 50ms
[2m2026-03-16T16:19:37.357538Z[0m [33m WARN[0m [2mlogger_core[0m[2m:[0m send_command - DIAG TIMEOUT: cmd=DEL(1710800000000000000000000000000000000000...) timeout=50ms
[2m2026-03-16T16:19:37.357547Z[0m [33m WARN[0m [2mlogger_core[0m[2m:[0m run_with_timeout - request timed out after 50ms
[2m2026-03-16T16:19:37.357550Z[0m [33m WARN[0m [2mlogger_core[0m[2m:[0m send_command - DIAG TIMEOUT: cmd=DEL(5641900000000000000000000000000000000000...) timeout=50ms
[2m2026-03-16T16:19:37.357556Z[0m [33m WARN[0m [2mlogger_core[0m[2m:[0m run_with_timeout - request timed out after 50ms
[2m2026-03-16T16:19:37.357559Z[0m [33m WARN[0m [2mlogger_core[0m[2m:[0m send_command - DIAG TIMEOUT: cmd=DEL(6488800000000000000000000000000000000000...) timeout=50ms
[2m2026-03-16T16:19:37.357560Z[0m [33m WARN[0m [2mglide_rs::jni_client[0m[2m:[0m DIAG cb=1379319 ERROR_CALLBACK: thread=glide-jni-callback-1 error_code=2 msg=timed out    
[2m2026-03-16T16:19:37.357569Z[0m [33m WARN[0m [2mlogger_core[0m[2m:[0m run_with_timeout - request timed out after 50ms
[2m2026-03-16T16:19:37.357572Z[0m [33m WARN[0m [2mlogger_core[0m[2m:[0m send_command - DIAG TIMEOUT: cmd=DEL(3768600000000000000000000000000000000000...) timeout=50ms
[2m2026-03-16T16:19:37.357570Z[0m [33m WARN[0m [2mglide_rs::jni_client[0m[2m:[0m DIAG cb=1379311 ERROR_CALLBACK: thread=glide-jni-callback-0 error_code=2 msg=timed out    
[2m2026-03-16T16:19:37.357577Z[0m [33m WARN[0m [2mlogger_core[0m[2m:[0m run_with_timeout - request timed out after 50ms
[2m2026-03-16T16:19:37.357580Z[0m [33m WARN[0m [2mlogger_core[0m[2m:[0m send_command - DIAG TIMEOUT: cmd=DEL(4809900000000000000000000000000000000000...) timeout=50ms
[2m2026-03-16T16:19:37.357585Z[0m [33m WARN[0m [2mlogger_core[0m[2m:[0m run_with_timeout - request timed out after 50ms
[2m2026-03-16T16:19:37.357591Z[0m [33m WARN[0m [2mlogger_core[0m[2m:[0m send_command - DIAG TIMEOUT: cmd=DEL(5271000000000000000000000000000000000000...) timeout=50ms
[2m2026-03-16T16:19:37.357591Z[0m [33m WARN[0m [2mglide_rs::jni_client[0m[2m:[0m DIAG cb=1379312 ERROR_CALLBACK: thread=glide-jni-callback-1 error_code=2 msg=timed out    
[2m2026-03-16T16:19:37.357596Z[0m [33m WARN[0m [2mlogger_core[0m[2m:[0m run_with_timeout - request timed out after 50ms
[2m2026-03-16T16:19:37.357599Z[0m [33m WARN[0m [2mlogger_core[0m[2m:[0m send_command - DIAG TIMEOUT: cmd=DEL(9702500000000000000000000000000000000000...) timeout=50ms
[2m2026-03-16T16:19:37.357602Z[0m [33m WARN[0m [2mglide_rs::jni_client[0m[2m:[0m DIAG cb=1379313 ERROR_CALLBACK: thread=glide-jni-callback-1 error_code=2 msg=timed out    
[2m2026-03-16T16:19:37.357605Z[0m [33m WARN[0m [2mlogger_core[0m[2m:[0m run_with_timeout - request timed out after 50ms
[2m2026-03-16T16:19:37.357608Z[0m [33m WARN[0m [2mlogger_core[0m[2m:[0m send_command - DIAG TIMEOUT: cmd=DEL(9075700000000000000000000000000000000000...) timeout=50ms
[2m2026-03-16T16:19:37.357614Z[0m [33m WARN[0m [2mlogger_core[0m[2m:[0m run_with_timeout - request timed out after 50ms
[2m2026-03-16T16:19:37.357615Z[0m [33m WARN[0m [2mglide_rs::jni_client[0m[2m:[0m DIAG cb=1379314 ERROR_CALLBACK: thread=glide-jni-callback-1 error_code=2 msg=timed out    
[2m2026-03-16T16:19:37.357620Z[0m [33m WARN[0m [2mlogger_core[0m[2m:[0m send_command - DIAG TIMEOUT: cmd=DEL(3289900000000000000000000000000000000000...) timeout=50ms
[2m2026-03-16T16:19:37.357619Z[0m [33m WARN[0m [2mglide_rs::jni_client[0m[2m:[0m DIAG cb=1379315 ERROR_CALLBACK: thread=glide-jni-callback-0 error_code=2 msg=timed out    
[2m2026-03-16T16:19:37.357634Z[0m [33m WARN[0m [2mglide_rs::jni_client[0m[2m:[0m DIAG cb=1379318 ERROR_CALLBACK: thread=glide-jni-callback-0 error_code=2 msg=timed out    
[2m2026-03-16T16:19:37.357634Z[0m [33m WARN[0m [2mglide_rs::jni_client[0m[2m:[0m DIAG cb=1379316 ERROR_CALLBACK: thread=glide-jni-callback-1 error_code=2 msg=timed out    
[2m2026-03-16T16:19:37.357654Z[0m [33m WARN[0m [2mglide_rs::jni_client[0m[2m:[0m DIAG cb=1379317 ERROR_CALLBACK: thread=glide-jni-callback-1 error_code=2 msg=timed out    
[2m2026-03-16T16:19:37.358376Z[0m [33m WARN[0m [2mlogger_core[0m[2m:[0m run_with_timeout - request timed out after 50ms
[2m2026-03-16T16:19:37.358383Z[0m [33m WARN[0m [2mlogger_core[0m[2m:[0m send_command - DIAG TIMEOUT: cmd=DEL(4328900000000000000000000000000000000000...) timeout=50ms
[2m2026-03-16T16:19:37.358390Z[0m [33m WARN[0m [2mlogger_core[0m[2m:[0m run_with_timeout - request timed out after 50ms
[2m2026-03-16T16:19:37.358394Z[0m [33m WARN[0m [2mlogger_core[0m[2m:[0m send_command - DIAG TIMEOUT: cmd=DEL(9454500000000000000000000000000000000000...) timeout=50ms
[2m2026-03-16T16:19:37.358399Z[0m [33m WARN[0m [2mglide_rs::jni_client[0m[2m:[0m DIAG cb=1379321 ERROR_CALLBACK: thread=glide-jni-callback-1 error_code=2 msg=timed out    
[2m2026-03-16T16:19:37.358414Z[0m [33m WARN[0m [2mglide_rs::jni_client[0m[2m:[0m DIAG cb=1379320 ERROR_CALLBACK: thread=glide-jni-callback-0 error_code=2 msg=timed out    
[2m2026-03-16T16:19:37.360318Z[0m [33m WARN[0m [2mlogger_core[0m[2m:[0m run_with_timeout - request timed out after 50ms
[2m2026-03-16T16:19:37.360328Z[0m [33m WARN[0m [2mlogger_core[0m[2m:[0m send_command - DIAG TIMEOUT: cmd=DEL(4963600000000000000000000000000000000000...) timeout=50ms
[2m2026-03-16T16:19:37.360354Z[0m [33m WARN[0m [2mglide_rs::jni_client[0m[2m:[0m DIAG cb=1379324 ERROR_CALLBACK: thread=glide-jni-callback-1 error_code=2 msg=timed out    
[2m2026-03-16T16:19:37.360377Z[0m [33m WARN[0m [2mlogger_core[0m[2m:[0m run_with_timeout - request timed out after 50ms
[2m2026-03-16T16:19:37.360384Z[0m [33m WARN[0m [2mlogger_core[0m[2m:[0m send_command - DIAG TIMEOUT: cmd=DEL(5578500000000000000000000000000000000000...) timeout=50ms
[2m2026-03-16T16:19:37.360402Z[0m [33m WARN[0m [2mlogger_core[0m[2m:[0m run_with_timeout - request timed out after 50ms
[2m2026-03-16T16:19:37.360402Z[0m [33m WARN[0m [2mglide_rs::jni_client[0m[2m:[0m DIAG cb=1379322 ERROR_CALLBACK: thread=glide-jni-callback-1 error_code=2 msg=timed out    
[2m2026-03-16T16:19:37.360407Z[0m [33m WARN[0m [2mlogger_core[0m[2m:[0m send_command - DIAG TIMEOUT: cmd=DEL(1036600000000000000000000000000000000000...) timeout=50ms
[2m2026-03-16T16:19:37.360464Z[0m [33m WARN[0m [2mglide_rs::jni_client[0m[2m:[0m DIAG cb=1379323 ERROR_CALLBACK: thread=glide-jni-callback-0 error_code=2 msg=timed out    
[2m2026-03-16T16:19:37.400900Z[0m [33m WARN[0m [2mlogger_core[0m[2m:[0m run_with_timeout - request timed out after 50ms
[2m2026-03-16T16:19:37.400913Z[0m [33m WARN[0m [2mlogger_core[0m[2m:[0m send_command - DIAG TIMEOUT: cmd=DEL(4292400000000000000000000000000000000000...) timeout=50ms
[2m2026-03-16T16:19:37.400924Z[0m [33m WARN[0m [2mlogger_core[0m[2m:[0m run_with_timeout - request timed out after 50ms
[2m2026-03-16T16:19:37.400927Z[0m [33m WARN[0m [2mlogger_core[0m[2m:[0m send_command - DIAG TIMEOUT: cmd=DEL(1026900000000000000000000000000000000000...) timeout=50ms
[2m2026-03-16T16:19:37.400933Z[0m [33m WARN[0m [2mlogger_core[0m[2m:[0m run_with_timeout - request timed out after 50ms
[2m2026-03-16T16:19:37.400936Z[0m [33m WARN[0m [2mlogger_core[0m[2m:[0m send_command - DIAG TIMEOUT: cmd=DEL(2557000000000000000000000000000000000000...) timeout=50ms
[2m2026-03-16T16:19:37.400942Z[0m [33m WARN[0m [2mlogger_core[0m[2m:[0m run_with_timeout - request timed out after 50ms
[2m2026-03-16T16:19:37.400944Z[0m [33m WARN[0m [2mlogger_core[0m[2m:[0m send_command - DIAG TIMEOUT: cmd=DEL(4512200000000000000000000000000000000000...) timeout=50ms
[2m2026-03-16T16:19:37.400943Z[0m [33m WARN[0m [2mglide_rs::jni_client[0m[2m:[0m DIAG cb=1379334 ERROR_CALLBACK: thread=glide-jni-callback-0 error_code=2 msg=timed out    
[2m2026-03-16T16:19:37.400948Z[0m [33m WARN[0m [2mglide_rs::jni_client[0m[2m:[0m DIAG cb=1379326 ERROR_CALLBACK: thread=glide-jni-callback-1 error_code=2 msg=timed out    
[2m2026-03-16T16:19:37.400951Z[0m [33m WARN[0m [2mlogger_core[0m[2m:[0m run_with_timeout - request timed out after 50ms
[2m2026-03-16T16:19:37.400956Z[0m [33m WARN[0m [2mlogger_core[0m[2m:[0m send_command - DIAG TIMEOUT: cmd=DEL(6527400000000000000000000000000000000000...) timeout=50ms
[2m2026-03-16T16:19:37.400962Z[0m [33m WARN[0m [2mlogger_core[0m[2m:[0m run_with_timeout - request timed out after 50ms
[2m2026-03-16T16:19:37.400965Z[0m [33m WARN[0m [2mlogger_core[0m[2m:[0m send_command - DIAG TIMEOUT: cmd=DEL(5342000000000000000000000000000000000000...) timeout=50ms
[2m2026-03-16T16:19:37.400970Z[0m [33m WARN[0m [2mlogger_core[0m[2m:[0m run_with_timeout - request timed out after 50ms
[2m2026-03-16T16:19:37.400973Z[0m [33m WARN[0m [2mlogger_core[0m[2m:[0m send_command - DIAG TIMEOUT: cmd=DEL(9005500000000000000000000000000000000000...) timeout=50ms
[2m2026-03-16T16:19:37.400978Z[0m [33m WARN[0m [2mlogger_core[0m[2m:[0m run_with_timeout - request timed out after 50ms
[2m2026-03-16T16:19:37.400981Z[0m [33m WARN[0m [2mlogger_core[0m[2m:[0m send_command - DIAG TIMEOUT: cmd=DEL(7389400000000000000000000000000000000000...) timeout=50ms
[2m2026-03-16T16:19:37.400986Z[0m [33m WARN[0m [2mlogger_core[0m[2m:[0m run_with_timeout - request timed out after 50ms
[2m2026-03-16T16:19:37.400991Z[0m [33m WARN[0m [2mlogger_core[0m[2m:[0m send_command - DIAG TIMEOUT: cmd=DEL(8732500000000000000000000000000000000000...) timeout=50ms
[2m2026-03-16T16:19:37.400995Z[0m [33m WARN[0m [2mglide_rs::jni_client[0m[2m:[0m DIAG cb=1379327 ERROR_CALLBACK: thread=glide-jni-callback-1 error_code=2 msg=timed out    
[2m2026-03-16T16:19:37.400996Z[0m [33m WARN[0m [2mglide_rs::jni_client[0m[2m:[0m DIAG cb=1379328 ERROR_CALLBACK: thread=glide-jni-callback-0 error_code=2 msg=timed out    
[2m2026-03-16T16:19:37.401007Z[0m [33m WARN[0m [2mglide_rs::jni_client[0m[2m:[0m DIAG cb=1379329 ERROR_CALLBACK: thread=glide-jni-callback-1 error_code=2 msg=timed out    
[2m2026-03-16T16:19:37.401014Z[0m [33m WARN[0m [2mglide_rs::jni_client[0m[2m:[0m DIAG cb=1379330 ERROR_CALLBACK: thread=glide-jni-callback-0 error_code=2 msg=timed out    
[2m2026-03-16T16:19:37.401021Z[0m [33m WARN[0m [2mglide_rs::jni_client[0m[2m:[0m DIAG cb=1379331 ERROR_CALLBACK: thread=glide-jni-callback-1 error_code=2 msg=timed out    
[2m2026-03-16T16:19:37.401027Z[0m [33m WARN[0m [2mglide_rs::jni_client[0m[2m:[0m DIAG cb=1379332 ERROR_CALLBACK: thread=glide-jni-callback-0 error_code=2 msg=timed out    
[2m2026-03-16T16:19:37.401034Z[0m [33m WARN[0m [2mglide_rs::jni_client[0m[2m:[0m DIAG cb=1379333 ERROR_CALLBACK: thread=glide-jni-callback-1 error_code=2 msg=timed out    
[2m2026-03-16T16:19:37.402152Z[0m [33m WARN[0m [2mlogger_core[0m[2m:[0m run_with_timeout - request timed out after 50ms
[2m2026-03-16T16:19:37.402161Z[0m [33m WARN[0m [2mlogger_core[0m[2m:[0m send_command - DIAG TIMEOUT: cmd=DEL(1094700000000000000000000000000000000000...) timeout=50ms
[2m2026-03-16T16:19:37.402191Z[0m [33m WARN[0m [2mglide_rs::jni_client[0m[2m:[0m DIAG cb=1379342 ERROR_CALLBACK: thread=glide-jni-callback-0 error_code=2 msg=timed out    
[2m2026-03-16T16:19:37.402232Z[0m [33m WARN[0m [2mlogger_core[0m[2m:[0m run_with_timeout - request timed out after 50ms
[2m2026-03-16T16:19:37.402236Z[0m [33m WARN[0m [2mlogger_core[0m[2m:[0m send_command - DIAG TIMEOUT: cmd=DEL(9553000000000000000000000000000000000000...) timeout=50ms
[2m2026-03-16T16:19:37.402241Z[0m [33m WARN[0m [2mlogger_core[0m[2m:[0m run_with_timeout - request timed out after 50ms
[2m2026-03-16T16:19:37.402244Z[0m [33m WARN[0m [2mlogger_core[0m[2m:[0m send_command - DIAG TIMEOUT: cmd=DEL(7133100000000000000000000000000000000000...) timeout=50ms
[2m2026-03-16T16:19:37.402251Z[0m [33m WARN[0m [2mlogger_core[0m[2m:[0m run_with_timeout - request timed out after 50ms
[2m2026-03-16T16:19:37.402263Z[0m [33m WARN[0m [2mlogger_core[0m[2m:[0m send_command - DIAG TIMEOUT: cmd=DEL(5983200000000000000000000000000000000000...) timeout=50ms
[2m2026-03-16T16:19:37.402268Z[0m [33m WARN[0m [2mlogger_core[0m[2m:[0m run_with_timeout - request timed out after 50ms
[2m2026-03-16T16:19:37.402271Z[0m [33m WARN[0m [2mlogger_core[0m[2m:[0m send_command - DIAG TIMEOUT: cmd=DEL(9548400000000000000000000000000000000000...) timeout=50ms
[2m2026-03-16T16:19:37.402274Z[0m [33m WARN[0m [2mglide_rs::jni_client[0m[2m:[0m DIAG cb=1379335 ERROR_CALLBACK: thread=glide-jni-callback-1 error_code=2 msg=timed out    
[2m2026-03-16T16:19:37.402279Z[0m [33m WARN[0m [2mglide_rs::jni_client[0m[2m:[0m DIAG cb=1379336 ERROR_CALLBACK: thread=glide-jni-callback-0 error_code=2 msg=timed out    
[2m2026-03-16T16:19:37.402295Z[0m [33m WARN[0m [2mglide_rs::jni_client[0m[2m:[0m DIAG cb=1379337 ERROR_CALLBACK: thread=glide-jni-callback-1 error_code=2 msg=timed out    
[2m2026-03-16T16:19:37.402302Z[0m [33m WARN[0m [2mglide_rs::jni_client[0m[2m:[0m DIAG cb=1379338 ERROR_CALLBACK: thread=glide-jni-callback-0 error_code=2 msg=timed out    
[2m2026-03-16T16:19:37.402304Z[0m [33m WARN[0m [2mlogger_core[0m[2m:[0m run_with_timeout - request timed out after 50ms
[2m2026-03-16T16:19:37.402307Z[0m [33m WARN[0m [2mlogger_core[0m[2m:[0m send_command - DIAG TIMEOUT: cmd=DEL(3497400000000000000000000000000000000000...) timeout=50ms
[2m2026-03-16T16:19:37.402331Z[0m [33m WARN[0m [2mglide_rs::jni_client[0m[2m:[0m DIAG cb=1379339 ERROR_CALLBACK: thread=glide-jni-callback-1 error_code=2 msg=timed out    
[2m2026-03-16T16:19:37.402344Z[0m [33m WARN[0m [2mlogger_core[0m[2m:[0m run_with_timeout - request timed out after 50ms
[2m2026-03-16T16:19:37.402348Z[0m [33m WARN[0m [2mlogger_core[0m[2m:[0m send_command - DIAG TIMEOUT: cmd=DEL(3487000000000000000000000000000000000000...) timeout=50ms
[2m2026-03-16T16:19:37.402366Z[0m [33m WARN[0m [2mglide_rs::jni_client[0m[2m:[0m DIAG cb=1379340 ERROR_CALLBACK: thread=glide-jni-callback-0 error_code=2 msg=timed out    
[2m2026-03-16T16:19:37.402389Z[0m [33m WARN[0m [2mlogger_core[0m[2m:[0m run_with_timeout - request timed out after 50ms
[2m2026-03-16T16:19:37.402394Z[0m [33m WARN[0m [2mlogger_core[0m[2m:[0m send_command - DIAG TIMEOUT: cmd=DEL(6558500000000000000000000000000000000000...) timeout=50ms
[2m2026-03-16T16:19:37.402407Z[0m [33m WARN[0m [2mglide_rs::jni_client[0m[2m:[0m DIAG cb=1379341 ERROR_CALLBACK: thread=glide-jni-callback-1 error_code=2 msg=timed out    
[2m2026-03-16T16:19:37.403173Z[0m [33m WARN[0m [2mlogger_core[0m[2m:[0m run_with_timeout - request timed out after 50ms
[2m2026-03-16T16:19:37.403179Z[0m [33m WARN[0m [2mlogger_core[0m[2m:[0m send_command - DIAG TIMEOUT: cmd=DEL(1604500000000000000000000000000000000000...) timeout=50ms
[2m2026-03-16T16:19:37.403197Z[0m [33m WARN[0m [2mglide_rs::jni_client[0m[2m:[0m DIAG cb=1379350 ERROR_CALLBACK: thread=glide-jni-callback-0 error_code=2 msg=timed out    
[2m2026-03-16T16:19:37.403237Z[0m [33m WARN[0m [2mlogger_core[0m[2m:[0m run_with_timeout - request timed out after 50ms
[2m2026-03-16T16:19:37.403241Z[0m [33m WARN[0m [2mlogger_core[0m[2m:[0m send_command - DIAG TIMEOUT: cmd=DEL(3450000000000000000000000000000000000000...) timeout=50ms
[2m2026-03-16T16:19:37.403248Z[0m [33m WARN[0m [2mlogger_core[0m[2m:[0m run_with_timeout - request timed out after 50ms
[2m2026-03-16T16:19:37.403257Z[0m [33m WARN[0m [2mlogger_core[0m[2m:[0m send_command - DIAG TIMEOUT: cmd=DEL(7481600000000000000000000000000000000000...) timeout=50ms
[2m2026-03-16T16:19:37.403256Z[0m [33m WARN[0m [2mglide_rs::jni_client[0m[2m:[0m DIAG cb=1379343 ERROR_CALLBACK: thread=glide-jni-callback-1 error_code=2 msg=timed out    
[2m2026-03-16T16:19:37.403265Z[0m [33m WARN[0m [2mlogger_core[0m[2m:[0m run_with_timeout - request timed out after 50ms
[2m2026-03-16T16:19:37.403270Z[0m [33m WARN[0m [2mlogger_core[0m[2m:[0m send_command - DIAG TIMEOUT: cmd=DEL(7876400000000000000000000000000000000000...) timeout=50ms
[2m2026-03-16T16:19:37.403276Z[0m [33m WARN[0m [2mlogger_core[0m[2m:[0m run_with_timeout - request timed out after 50ms
[2m2026-03-16T16:19:37.403280Z[0m [33m WARN[0m [2mlogger_core[0m[2m:[0m send_command - DIAG TIMEOUT: cmd=DEL(8442300000000000000000000000000000000000...) timeout=50ms
[2m2026-03-16T16:19:37.403296Z[0m [33m WARN[0m [2mglide_rs::jni_client[0m[2m:[0m DIAG cb=1379344 ERROR_CALLBACK: thread=glide-jni-callback-0 error_code=2 msg=timed out    
[2m2026-03-16T16:19:37.403303Z[0m [33m WARN[0m [2mglide_rs::jni_client[0m[2m:[0m DIAG cb=1379349 ERROR_CALLBACK: thread=glide-jni-callback-1 error_code=2 msg=timed out    
[2m2026-03-16T16:19:37.403311Z[0m [33m WARN[0m [2mglide_rs::jni_client[0m[2m:[0m DIAG cb=1379345 ERROR_CALLBACK: thread=glide-jni-callback-0 error_code=2 msg=timed out    
[2m2026-03-16T16:19:37.403312Z[0m [33m WARN[0m [2mlogger_core[0m[2m:[0m run_with_timeout - request timed out after 50ms
[2m2026-03-16T16:19:37.403319Z[0m [33m WARN[0m [2mlogger_core[0m[2m:[0m send_command - DIAG TIMEOUT: cmd=DEL(6297500000000000000000000000000000000000...) timeout=50ms
[2m2026-03-16T16:19:37.403324Z[0m [33m WARN[0m [2mlogger_core[0m[2m:[0m run_with_timeout - request timed out after 50ms
[2m2026-03-16T16:19:37.403325Z[0m [33m WARN[0m [2mglide_rs::jni_client[0m[2m:[0m DIAG cb=1379346 ERROR_CALLBACK: thread=glide-jni-callback-1 error_code=2 msg=timed out    
[2m2026-03-16T16:19:37.403326Z[0m [33m WARN[0m [2mlogger_core[0m[2m:[0m send_command - DIAG TIMEOUT: cmd=DEL(4988600000000000000000000000000000000000...) timeout=50ms
[2m2026-03-16T16:19:37.403336Z[0m [33m WARN[0m [2mlogger_core[0m[2m:[0m run_with_timeout - request timed out after 50ms
[2m2026-03-16T16:19:37.403341Z[0m [33m WARN[0m [2mlogger_core[0m[2m:[0m send_command - DIAG TIMEOUT: cmd=DEL(3485000000000000000000000000000000000000...) timeout=50ms
[2m2026-03-16T16:19:37.403342Z[0m [33m WARN[0m [2mglide_rs::jni_client[0m[2m:[0m DIAG cb=1379348 ERROR_CALLBACK: thread=glide-jni-callback-0 error_code=2 msg=timed out    
[2m2026-03-16T16:19:37.403354Z[0m [33m WARN[0m [2mglide_rs::jni_client[0m[2m:[0m DIAG cb=1379347 ERROR_CALLBACK: thread=glide-jni-callback-1 error_code=2 msg=timed out    
[2m2026-03-16T16:19:37.404031Z[0m [33m WARN[0m [2mlogger_core[0m[2m:[0m run_with_timeout - request timed out after 50ms
[2m2026-03-16T16:19:37.404037Z[0m [33m WARN[0m [2mlogger_core[0m[2m:[0m send_command - DIAG TIMEOUT: cmd=DEL(9895400000000000000000000000000000000000...) timeout=50ms
[2m2026-03-16T16:19:37.404056Z[0m [33m WARN[0m [2mglide_rs::jni_client[0m[2m:[0m DIAG cb=1379356 ERROR_CALLBACK: thread=glide-jni-callback-0 error_code=2 msg=timed out    
[2m2026-03-16T16:19:37.404103Z[0m [33m WARN[0m [2mlogger_core[0m[2m:[0m run_with_timeout - request timed out after 50ms
[2m2026-03-16T16:19:37.404107Z[0m [33m WARN[0m [2mlogger_core[0m[2m:[0m send_command - DIAG TIMEOUT: cmd=DEL(8259000000000000000000000000000000000000...) timeout=50ms
[2m2026-03-16T16:19:37.404115Z[0m [33m WARN[0m [2mlogger_core[0m[2m:[0m run_with_timeout - request timed out after 50ms
[2m2026-03-16T16:19:37.404118Z[0m [33m WARN[0m [2mlogger_core[0m[2m:[0m send_command - DIAG TIMEOUT: cmd=DEL(6373500000000000000000000000000000000000...) timeout=50ms
[2m2026-03-16T16:19:37.404121Z[0m [33m WARN[0m [2mglide_rs::jni_client[0m[2m:[0m DIAG cb=1379351 ERROR_CALLBACK: thread=glide-jni-callback-1 error_code=2 msg=timed out    
[2m2026-03-16T16:19:37.404123Z[0m [33m WARN[0m [2mlogger_core[0m[2m:[0m run_with_timeout - request timed out after 50ms
[2m2026-03-16T16:19:37.404132Z[0m [33m WARN[0m [2mlogger_core[0m[2m:[0m send_command - DIAG TIMEOUT: cmd=DEL(1425600000000000000000000000000000000000...) timeout=50ms
[2m2026-03-16T16:19:37.404123Z[0m [33m WARN[0m [2mglide_rs::jni_client[0m[2m:[0m DIAG cb=1379353 ERROR_CALLBACK: thread=glide-jni-callback-0 error_code=2 msg=timed out    
[2m2026-03-16T16:19:37.404155Z[0m [33m WARN[0m [2mglide_rs::jni_client[0m[2m:[0m DIAG cb=1379352 ERROR_CALLBACK: thread=glide-jni-callback-1 error_code=2 msg=timed out    
[2m2026-03-16T16:19:37.404176Z[0m [33m WARN[0m [2mlogger_core[0m[2m:[0m run_with_timeout - request timed out after 50ms
[2m2026-03-16T16:19:37.404180Z[0m [33m WARN[0m [2mlogger_core[0m[2m:[0m send_command - DIAG TIMEOUT: cmd=DEL(4424300000000000000000000000000000000000...) timeout=50ms
[2m2026-03-16T16:19:37.404186Z[0m [33m WARN[0m [2mlogger_core[0m[2m:[0m run_with_timeout - request timed out after 50ms
[2m2026-03-16T16:19:37.404189Z[0m [33m WARN[0m [2mlogger_core[0m[2m:[0m send_command - DIAG TIMEOUT: cmd=DEL(3692500000000000000000000000000000000000...) timeout=50ms
[2m2026-03-16T16:19:37.404190Z[0m [33m WARN[0m [2mglide_rs::jni_client[0m[2m:[0m DIAG cb=1379354 ERROR_CALLBACK: thread=glide-jni-callback-0 error_code=2 msg=timed out    
[2m2026-03-16T16:19:37.404196Z[0m [33m WARN[0m [2mlogger_core[0m[2m:[0m run_with_timeout - request timed out after 50ms
[2m2026-03-16T16:19:37.404196Z[0m [33m WARN[0m [2mglide_rs::jni_client[0m[2m:[0m DIAG cb=1379355 ERROR_CALLBACK: thread=glide-jni-callback-1 error_code=2 msg=timed out    
[2m2026-03-16T16:19:37.404199Z[0m [33m WARN[0m [2mlogger_core[0m[2m:[0m send_command - DIAG TIMEOUT: cmd=DEL(4721500000000000000000000000000000000000...) timeout=50ms
[2m2026-03-16T16:19:37.404273Z[0m [33m WARN[0m [2mglide_rs::jni_client[0m[2m:[0m DIAG cb=1379357 ERROR_CALLBACK: thread=glide-jni-callback-0 error_code=2 msg=timed out    
[2m2026-03-16T16:19:37.404849Z[0m [33m WARN[0m [2mlogger_core[0m[2m:[0m run_with_timeout - request timed out after 50ms
[2m2026-03-16T16:19:37.404856Z[0m [33m WARN[0m [2mlogger_core[0m[2m:[0m send_command - DIAG TIMEOUT: cmd=DEL(3978100000000000000000000000000000000000...) timeout=50ms
[2m2026-03-16T16:19:37.404871Z[0m [33m WARN[0m [2mglide_rs::jni_client[0m[2m:[0m DIAG cb=1379367 ERROR_CALLBACK: thread=glide-jni-callback-1 error_code=2 msg=timed out    
[2m2026-03-16T16:19:37.405056Z[0m [33m WARN[0m [2mlogger_core[0m[2m:[0m run_with_timeout - request timed out after 50ms
[2m2026-03-16T16:19:37.405061Z[0m [33m WARN[0m [2mlogger_core[0m[2m:[0m send_command - DIAG TIMEOUT: cmd=DEL(9132500000000000000000000000000000000000...) timeout=50ms
[2m2026-03-16T16:19:37.405068Z[0m [33m WARN[0m [2mlogger_core[0m[2m:[0m run_with_timeout - request timed out after 50ms
[2m2026-03-16T16:19:37.405071Z[0m [33m WARN[0m [2mlogger_core[0m[2m:[0m send_command - DIAG TIMEOUT: cmd=DEL(9450900000000000000000000000000000000000...) timeout=50ms
[2m2026-03-16T16:19:37.405077Z[0m [33m WARN[0m [2mlogger_core[0m[2m:[0m run_with_timeout - request timed out after 50ms
[2m2026-03-16T16:19:37.405083Z[0m [33m WARN[0m [2mlogger_core[0m[2m:[0m send_command - DIAG TIMEOUT: cmd=DEL(2312700000000000000000000000000000000000...) timeout=50ms
[2m2026-03-16T16:19:37.405089Z[0m [33m WARN[0m [2mlogger_core[0m[2m:[0m run_with_timeout - request timed out after 50ms
[2m2026-03-16T16:19:37.405093Z[0m [33m WARN[0m [2mlogger_core[0m[2m:[0m send_command - DIAG TIMEOUT: cmd=DEL(4704100000000000000000000000000000000000...) timeout=50ms
[2m2026-03-16T16:19:37.405098Z[0m [33m WARN[0m [2mlogger_core[0m[2m:[0m run_with_timeout - request timed out after 50ms
[2m2026-03-16T16:19:37.405101Z[0m [33m WARN[0m [2mlogger_core[0m[2m:[0m send_command - DIAG TIMEOUT: cmd=DEL(5728000000000000000000000000000000000000...) timeout=50ms
[2m2026-03-16T16:19:37.405107Z[0m [33m WARN[0m [2mlogger_core[0m[2m:[0m run_with_timeout - request timed out after 50ms
[2m2026-03-16T16:19:37.405110Z[0m [33m WARN[0m [2mlogger_core[0m[2m:[0m send_command - DIAG TIMEOUT: cmd=DEL(8239100000000000000000000000000000000000...) timeout=50ms
[2m2026-03-16T16:19:37.405116Z[0m [33m WARN[0m [2mlogger_core[0m[2m:[0m run_with_timeout - request timed out after 50ms
[2m2026-03-16T16:19:37.405120Z[0m [33m WARN[0m [2mlogger_core[0m[2m:[0m send_command - DIAG TIMEOUT: cmd=DEL(9710400000000000000000000000000000000000...) timeout=50ms
[2m2026-03-16T16:19:37.405126Z[0m [33m WARN[0m [2mlogger_core[0m[2m:[0m run_with_timeout - request timed out after 50ms
[2m2026-03-16T16:19:37.405128Z[0m [33m WARN[0m [2mlogger_core[0m[2m:[0m send_command - DIAG TIMEOUT: cmd=DEL(4079300000000000000000000000000000000000...) timeout=50ms
[2m2026-03-16T16:19:37.405133Z[0m [33m WARN[0m [2mlogger_core[0m[2m:[0m run_with_timeout - request timed out after 50ms
[2m2026-03-16T16:19:37.405138Z[0m [33m WARN[0m [2mlogger_core[0m[2m:[0m send_command - DIAG TIMEOUT: cmd=DEL(8833000000000000000000000000000000000000...) timeout=50ms
[2m2026-03-16T16:19:37.405157Z[0m [33m WARN[0m [2mglide_rs::jni_client[0m[2m:[0m DIAG cb=1379358 ERROR_CALLBACK: thread=glide-jni-callback-0 error_code=2 msg=timed out    
[2m2026-03-16T16:19:37.405161Z[0m [33m WARN[0m [2mglide_rs::jni_client[0m[2m:[0m DIAG cb=1379360 ERROR_CALLBACK: thread=glide-jni-callback-1 error_code=2 msg=timed out    
[2m2026-03-16T16:19:37.405188Z[0m [33m WARN[0m [2mglide_rs::jni_client[0m[2m:[0m DIAG cb=1379359 ERROR_CALLBACK: thread=glide-jni-callback-1 error_code=2 msg=timed out    
[2m2026-03-16T16:19:37.405193Z[0m [33m WARN[0m [2mglide_rs::jni_client[0m[2m:[0m DIAG cb=1379365 ERROR_CALLBACK: thread=glide-jni-callback-0 error_code=2 msg=timed out    
[2m2026-03-16T16:19:37.405206Z[0m [33m WARN[0m [2mglide_rs::jni_client[0m[2m:[0m DIAG cb=1379361 ERROR_CALLBACK: thread=glide-jni-callback-1 error_code=2 msg=timed out    
[2m2026-03-16T16:19:37.405220Z[0m [33m WARN[0m [2mglide_rs::jni_client[0m[2m:[0m DIAG cb=1379362 ERROR_CALLBACK: thread=glide-jni-callback-1 error_code=2 msg=timed out    
[2m2026-03-16T16:19:37.405233Z[0m [33m WARN[0m [2mglide_rs::jni_client[0m[2m:[0m DIAG cb=1379366 ERROR_CALLBACK: thread=glide-jni-callback-1 error_code=2 msg=timed out    
[2m2026-03-16T16:19:37.405249Z[0m [33m WARN[0m [2mglide_rs::jni_client[0m[2m:[0m DIAG cb=1379363 ERROR_CALLBACK: thread=glide-jni-callback-1 error_code=2 msg=timed out    
[2m2026-03-16T16:19:37.405254Z[0m [33m WARN[0m [2mglide_rs::jni_client[0m[2m:[0m DIAG cb=1379364 ERROR_CALLBACK: thread=glide-jni-callback-0 error_code=2 msg=timed out    
[2m2026-03-16T16:19:37.406111Z[0m [33m WARN[0m [2mlogger_core[0m[2m:[0m run_with_timeout - request timed out after 50ms
[2m2026-03-16T16:19:37.406118Z[0m [33m WARN[0m [2mlogger_core[0m[2m:[0m send_command - DIAG TIMEOUT: cmd=DEL(1132200000000000000000000000000000000000...) timeout=50ms
[2m2026-03-16T16:19:37.406134Z[0m [33m WARN[0m [2mglide_rs::jni_client[0m[2m:[0m DIAG cb=1379371 ERROR_CALLBACK: thread=glide-jni-callback-1 error_code=2 msg=timed out    
[2m2026-03-16T16:19:37.406182Z[0m [33m WARN[0m [2mlogger_core[0m[2m:[0m run_with_timeout - request timed out after 50ms
[2m2026-03-16T16:19:37.406186Z[0m [33m WARN[0m [2mlogger_core[0m[2m:[0m send_command - DIAG TIMEOUT: cmd=DEL(8272300000000000000000000000000000000000...) timeout=50ms
[2m2026-03-16T16:19:37.406191Z[0m [33m WARN[0m [2mglide_rs::jni_client[0m[2m:[0m DIAG cb=1379368 ERROR_CALLBACK: thread=glide-jni-callback-1 error_code=2 msg=timed out    
[2m2026-03-16T16:19:37.406192Z[0m [33m WARN[0m [2mlogger_core[0m[2m:[0m run_with_timeout - request timed out after 50ms
[2m2026-03-16T16:19:37.406197Z[0m [33m WARN[0m [2mlogger_core[0m[2m:[0m send_command - DIAG TIMEOUT: cmd=DEL(7980500000000000000000000000000000000000...) timeout=50ms
[2m2026-03-16T16:19:37.406203Z[0m [33m WARN[0m [2mlogger_core[0m[2m:[0m run_with_timeout - request timed out after 50ms
[2m2026-03-16T16:19:37.406204Z[0m [33m WARN[0m [2mglide_rs::jni_client[0m[2m:[0m DIAG cb=1379369 ERROR_CALLBACK: thread=glide-jni-callback-1 error_code=2 msg=timed out    
[2m2026-03-16T16:19:37.406207Z[0m [33m WARN[0m [2mlogger_core[0m[2m:[0m send_command - DIAG TIMEOUT: cmd=DEL(8511900000000000000000000000000000000000...) timeout=50ms
[2m2026-03-16T16:19:37.406216Z[0m [33m WARN[0m [2mglide_rs::jni_client[0m[2m:[0m DIAG cb=1379370 ERROR_CALLBACK: thread=glide-jni-callback-1 error_code=2 msg=timed out    
[2m2026-03-16T16:19:37.408124Z[0m [33m WARN[0m [2mlogger_core[0m[2m:[0m run_with_timeout - request timed out after 50ms
[2m2026-03-16T16:19:37.408132Z[0m [33m WARN[0m [2mlogger_core[0m[2m:[0m send_command - DIAG TIMEOUT: cmd=DEL(4155600000000000000000000000000000000000...) timeout=50ms
[2m2026-03-16T16:19:37.408142Z[0m [33m WARN[0m [2mlogger_core[0m[2m:[0m run_with_timeout - request timed out after 50ms
[2m2026-03-16T16:19:37.408147Z[0m [33m WARN[0m [2mlogger_core[0m[2m:[0m send_command - DIAG TIMEOUT: cmd=DEL(2323800000000000000000000000000000000000...) timeout=50ms
[2m2026-03-16T16:19:37.408154Z[0m [33m WARN[0m [2mglide_rs::jni_client[0m[2m:[0m DIAG cb=1379373 ERROR_CALLBACK: thread=glide-jni-callback-0 error_code=2 msg=timed out    
[2m2026-03-16T16:19:37.408162Z[0m [33m WARN[0m [2mglide_rs::jni_client[0m[2m:[0m DIAG cb=1379372 ERROR_CALLBACK: thread=glide-jni-callback-1 error_code=2 msg=timed out    
[2m2026-03-16T16:19:37.409009Z[0m [33m WARN[0m [2mlogger_core[0m[2m:[0m run_with_timeout - request timed out after 50ms
[2m2026-03-16T16:19:37.409015Z[0m [33m WARN[0m [2mlogger_core[0m[2m:[0m send_command - DIAG TIMEOUT: cmd=DEL(6460400000000000000000000000000000000000...) timeout=50ms
[2m2026-03-16T16:19:37.409033Z[0m [33m WARN[0m [2mglide_rs::jni_client[0m[2m:[0m DIAG cb=1379382 ERROR_CALLBACK: thread=glide-jni-callback-1 error_code=2 msg=timed out    
[2m2026-03-16T16:19:37.409094Z[0m [33m WARN[0m [2mlogger_core[0m[2m:[0m run_with_timeout - request timed out after 50ms
[2m2026-03-16T16:19:37.409099Z[0m [33m WARN[0m [2mlogger_core[0m[2m:[0m send_command - DIAG TIMEOUT: cmd=DEL(2501900000000000000000000000000000000000...) timeout=50ms
[2m2026-03-16T16:19:37.409109Z[0m [33m WARN[0m [2mlogger_core[0m[2m:[0m run_with_timeout - request timed out after 50ms
[2m2026-03-16T16:19:37.409114Z[0m [33m WARN[0m [2mlogger_core[0m[2m:[0m send_command - DIAG TIMEOUT: cmd=DEL(8547000000000000000000000000000000000000...) timeout=50ms
[2m2026-03-16T16:19:37.409119Z[0m [33m WARN[0m [2mglide_rs::jni_client[0m[2m:[0m DIAG cb=1379375 ERROR_CALLBACK: thread=glide-jni-callback-1 error_code=2 msg=timed out    
[2m2026-03-16T16:19:37.409119Z[0m [33m WARN[0m [2mglide_rs::jni_client[0m[2m:[0m DIAG cb=1379374 ERROR_CALLBACK: thread=glide-jni-callback-0 error_code=2 msg=timed out    
[2m2026-03-16T16:19:37.409152Z[0m [33m WARN[0m [2mlogger_core[0m[2m:[0m run_with_timeout - request timed out after 50ms
[2m2026-03-16T16:19:37.409156Z[0m [33m WARN[0m [2mlogger_core[0m[2m:[0m send_command - DIAG TIMEOUT: cmd=DEL(6115800000000000000000000000000000000000...) timeout=50ms
[2m2026-03-16T16:19:37.409166Z[0m [33m WARN[0m [2mlogger_core[0m[2m:[0m run_with_timeout - request timed out after 50ms
[2m2026-03-16T16:19:37.409171Z[0m [33m WARN[0m [2mlogger_core[0m[2m:[0m send_command - DIAG TIMEOUT: cmd=DEL(6023000000000000000000000000000000000000...) timeout=50ms
[2m2026-03-16T16:19:37.409178Z[0m [33m WARN[0m [2mlogger_core[0m[2m:[0m run_with_timeout - request timed out after 50ms
[2m2026-03-16T16:19:37.409181Z[0m [33m WARN[0m [2mglide_rs::jni_client[0m[2m:[0m DIAG cb=1379376 ERROR_CALLBACK: thread=glide-jni-callback-1 error_code=2 msg=timed out    
[2m2026-03-16T16:19:37.409183Z[0m [33m WARN[0m [2mglide_rs::jni_client[0m[2m:[0m DIAG cb=1379377 ERROR_CALLBACK: thread=glide-jni-callback-0 error_code=2 msg=timed out    
[2m2026-03-16T16:19:37.409184Z[0m [33m WARN[0m [2mlogger_core[0m[2m:[0m send_command - DIAG TIMEOUT: cmd=DEL(7426300000000000000000000000000000000000...) timeout=50ms
[2m2026-03-16T16:19:37.409210Z[0m [33m WARN[0m [2mlogger_core[0m[2m:[0m run_with_timeout - request timed out after 50ms
[2m2026-03-16T16:19:37.409211Z[0m [33m WARN[0m [2mglide_rs::jni_client[0m[2m:[0m DIAG cb=1379378 ERROR_CALLBACK: thread=glide-jni-callback-0 error_code=2 msg=timed out    
[2m2026-03-16T16:19:37.409216Z[0m [33m WARN[0m [2mlogger_core[0m[2m:[0m send_command - DIAG TIMEOUT: cmd=DEL(7208100000000000000000000000000000000000...) timeout=50ms
[2m2026-03-16T16:19:37.409228Z[0m [33m WARN[0m [2mglide_rs::jni_client[0m[2m:[0m DIAG cb=1379379 ERROR_CALLBACK: thread=glide-jni-callback-1 error_code=2 msg=timed out    
[2m2026-03-16T16:19:37.409255Z[0m [33m WARN[0m [2mlogger_core[0m[2m:[0m run_with_timeout - request timed out after 50ms
[2m2026-03-16T16:19:37.409259Z[0m [33m WARN[0m [2mlogger_core[0m[2m:[0m send_command - DIAG TIMEOUT: cmd=DEL(9686000000000000000000000000000000000000...) timeout=50ms
[2m2026-03-16T16:19:37.409266Z[0m [33m WARN[0m [2mlogger_core[0m[2m:[0m run_with_timeout - request timed out after 50ms
[2m2026-03-16T16:19:37.409269Z[0m [33m WARN[0m [2mlogger_core[0m[2m:[0m send_command - DIAG TIMEOUT: cmd=DEL(2934900000000000000000000000000000000000...) timeout=50ms
[2m2026-03-16T16:19:37.409270Z[0m [33m WARN[0m [2mglide_rs::jni_client[0m[2m:[0m DIAG cb=1379380 ERROR_CALLBACK: thread=glide-jni-callback-0 error_code=2 msg=timed out    
[2m2026-03-16T16:19:37.409278Z[0m [33m WARN[0m [2mglide_rs::jni_client[0m[2m:[0m DIAG cb=1379381 ERROR_CALLBACK: thread=glide-jni-callback-1 error_code=2 msg=timed out    
[2m2026-03-16T16:19:37.410935Z[0m [33m WARN[0m [2mlogger_core[0m[2m:[0m run_with_timeout - request timed out after 50ms
[2m2026-03-16T16:19:37.410943Z[0m [33m WARN[0m [2mlogger_core[0m[2m:[0m send_command - DIAG TIMEOUT: cmd=DEL(5303500000000000000000000000000000000000...) timeout=50ms
[2m2026-03-16T16:19:37.410952Z[0m [33m WARN[0m [2mlogger_core[0m[2m:[0m run_with_timeout - request timed out after 50ms
[2m2026-03-16T16:19:37.410955Z[0m [33m WARN[0m [2mlogger_core[0m[2m:[0m send_command - DIAG TIMEOUT: cmd=DEL(1073100000000000000000000000000000000000...) timeout=50ms
[2m2026-03-16T16:19:37.410965Z[0m [33m WARN[0m [2mglide_rs::jni_client[0m[2m:[0m DIAG cb=1379385 ERROR_CALLBACK: thread=glide-jni-callback-0 error_code=2 msg=timed out    
[2m2026-03-16T16:19:37.410973Z[0m [33m WARN[0m [2mglide_rs::jni_client[0m[2m:[0m DIAG cb=1379383 ERROR_CALLBACK: thread=glide-jni-callback-1 error_code=2 msg=timed out    
[2m2026-03-16T16:19:37.412896Z[0m [33m WARN[0m [2mlogger_core[0m[2m:[0m run_with_timeout - request timed out after 50ms
[2m2026-03-16T16:19:37.412904Z[0m [33m WARN[0m [2mlogger_core[0m[2m:[0m send_command - DIAG TIMEOUT: cmd=DEL(8480000000000000000000000000000000000000...) timeout=50ms
[2m2026-03-16T16:19:37.412923Z[0m [33m WARN[0m [2mglide_rs::jni_client[0m[2m:[0m DIAG cb=1379386 ERROR_CALLBACK: thread=glide-jni-callback-0 error_code=2 msg=timed out    
[2m2026-03-16T16:19:37.452046Z[0m [33m WARN[0m [2mlogger_core[0m[2m:[0m run_with_timeout - request timed out after 50ms
[2m2026-03-16T16:19:37.452058Z[0m [33m WARN[0m [2mlogger_core[0m[2m:[0m send_command - DIAG TIMEOUT: cmd=DEL(1252400000000000000000000000000000000000...) timeout=50ms
[2m2026-03-16T16:19:37.452069Z[0m [33m WARN[0m [2mlogger_core[0m[2m:[0m run_with_timeout - request timed out after 50ms
[2m2026-03-16T16:19:37.452073Z[0m [33m WARN[0m [2mlogger_core[0m[2m:[0m send_command - DIAG TIMEOUT: cmd=DEL(6838300000000000000000000000000000000000...) timeout=50ms
[2m2026-03-16T16:19:37.452087Z[0m [33m WARN[0m [2mglide_rs::jni_client[0m[2m:[0m DIAG cb=1379390 ERROR_CALLBACK: thread=glide-jni-callback-1 error_code=2 msg=timed out    
[2m2026-03-16T16:19:37.452124Z[0m [33m WARN[0m [2mlogger_core[0m[2m:[0m run_with_timeout - request timed out after 50ms
[2m2026-03-16T16:19:37.452130Z[0m [33m WARN[0m [2mlogger_core[0m[2m:[0m send_command - DIAG TIMEOUT: cmd=DEL(7390800000000000000000000000000000000000...) timeout=50ms
[2m2026-03-16T16:19:37.452137Z[0m [33m WARN[0m [2mglide_rs::jni_client[0m[2m:[0m DIAG cb=1379388 ERROR_CALLBACK: thread=glide-jni-callback-1 error_code=2 msg=timed out    
[2m2026-03-16T16:19:37.452138Z[0m [33m WARN[0m [2mlogger_core[0m[2m:[0m run_with_timeout - request timed out after 50ms
[2m2026-03-16T16:19:37.452142Z[0m [33m WARN[0m [2mlogger_core[0m[2m:[0m send_command - DIAG TIMEOUT: cmd=DEL(5910700000000000000000000000000000000000...) timeout=50ms
[2m2026-03-16T16:19:37.452149Z[0m [33m WARN[0m [2mglide_rs::jni_client[0m[2m:[0m DIAG cb=1379391 ERROR_CALLBACK: thread=glide-jni-callback-1 error_code=2 msg=timed out    
[2m2026-03-16T16:19:37.452155Z[0m [33m WARN[0m [2mglide_rs::jni_client[0m[2m:[0m DIAG cb=1379389 ERROR_CALLBACK: thread=glide-jni-callback-0 error_code=2 msg=timed out    
[2m2026-03-16T16:19:37.452941Z[0m [33m WARN[0m [2mlogger_core[0m[2m:[0m run_with_timeout - request timed out after 50ms
[2m2026-03-16T16:19:37.452949Z[0m [33m WARN[0m [2mlogger_core[0m[2m:[0m send_command - DIAG TIMEOUT: cmd=DEL(4070700000000000000000000000000000000000...) timeout=50ms
[2m2026-03-16T16:19:37.452965Z[0m [33m WARN[0m [2mglide_rs::jni_client[0m[2m:[0m DIAG cb=1379400 ERROR_CALLBACK: thread=glide-jni-callback-1 error_code=2 msg=timed out    
[2m2026-03-16T16:19:37.453027Z[0m [33m WARN[0m [2mlogger_core[0m[2m:[0m run_with_timeout - request timed out after 50ms
[2m2026-03-16T16:19:37.453031Z[0m [33m WARN[0m [2mlogger_core[0m[2m:[0m send_command - DIAG TIMEOUT: cmd=DEL(3742400000000000000000000000000000000000...) timeout=50ms
[2m2026-03-16T16:19:37.453047Z[0m [33m WARN[0m [2mglide_rs::jni_client[0m[2m:[0m DIAG cb=1379393 ERROR_CALLBACK: thread=glide-jni-callback-0 error_code=2 msg=timed out    
[2m2026-03-16T16:19:37.453074Z[0m [33m WARN[0m [2mlogger_core[0m[2m:[0m run_with_timeout - request timed out after 50ms
[2m2026-03-16T16:19:37.453078Z[0m [33m WARN[0m [2mlogger_core[0m[2m:[0m send_command - DIAG TIMEOUT: cmd=DEL(3392900000000000000000000000000000000000...) timeout=50ms
[2m2026-03-16T16:19:37.453084Z[0m [33m WARN[0m [2mlogger_core[0m[2m:[0m run_with_timeout - request timed out after 50ms
[2m2026-03-16T16:19:37.453089Z[0m [33m WARN[0m [2mlogger_core[0m[2m:[0m send_command - DIAG TIMEOUT: cmd=DEL(1300000000000000000000000000000000000000...) timeout=50ms
[2m2026-03-16T16:19:37.453092Z[0m [33m WARN[0m [2mglide_rs::jni_client[0m[2m:[0m DIAG cb=1379394 ERROR_CALLBACK: thread=glide-jni-callback-1 error_code=2 msg=timed out    
[2m2026-03-16T16:19:37.453096Z[0m [33m WARN[0m [2mlogger_core[0m[2m:[0m run_with_timeout - request timed out after 50ms
[2m2026-03-16T16:19:37.453107Z[0m [33m WARN[0m [2mlogger_core[0m[2m:[0m send_command - DIAG TIMEOUT: cmd=DEL(2454100000000000000000000000000000000000...) timeout=50ms
[2m2026-03-16T16:19:37.453106Z[0m [33m WARN[0m [2mglide_rs::jni_client[0m[2m:[0m DIAG cb=1379387 ERROR_CALLBACK: thread=glide-jni-callback-0 error_code=2 msg=timed out    
[2m2026-03-16T16:19:37.453111Z[0m [33m WARN[0m [2mglide_rs::jni_client[0m[2m:[0m DIAG cb=1379395 ERROR_CALLBACK: thread=glide-jni-callback-1 error_code=2 msg=timed out    
[2m2026-03-16T16:19:37.453113Z[0m [33m WARN[0m [2mlogger_core[0m[2m:[0m run_with_timeout - request timed out after 50ms
[2m2026-03-16T16:19:37.453116Z[0m [33m WARN[0m [2mlogger_core[0m[2m:[0m send_command - DIAG TIMEOUT: cmd=DEL(4073700000000000000000000000000000000000...) timeout=50ms
[2m2026-03-16T16:19:37.453123Z[0m [33m WARN[0m [2mglide_rs::jni_client[0m[2m:[0m DIAG cb=1379396 ERROR_CALLBACK: thread=glide-jni-callback-1 error_code=2 msg=timed out    
[2m2026-03-16T16:19:37.453158Z[0m [33m WARN[0m [2mlogger_core[0m[2m:[0m run_with_timeout - request timed out after 50ms
[2m2026-03-16T16:19:37.453163Z[0m [33m WARN[0m [2mlogger_core[0m[2m:[0m send_command - DIAG TIMEOUT: cmd=DEL(5336100000000000000000000000000000000000...) timeout=50ms
[2m2026-03-16T16:19:37.453176Z[0m [33m WARN[0m [2mglide_rs::jni_client[0m[2m:[0m DIAG cb=1379397 ERROR_CALLBACK: thread=glide-jni-callback-1 error_code=2 msg=timed out    
[2m2026-03-16T16:19:37.453199Z[0m [33m WARN[0m [2mlogger_core[0m[2m:[0m run_with_timeout - request timed out after 50ms
[2m2026-03-16T16:19:37.453204Z[0m [33m WARN[0m [2mlogger_core[0m[2m:[0m send_command - DIAG TIMEOUT: cmd=DEL(3341800000000000000000000000000000000000...) timeout=50ms
[2m2026-03-16T16:19:37.453217Z[0m [33m WARN[0m [2mglide_rs::jni_client[0m[2m:[0m DIAG cb=1379399 ERROR_CALLBACK: thread=glide-jni-callback-0 error_code=2 msg=timed out    
[2m2026-03-16T16:19:37.453239Z[0m [33m WARN[0m [2mlogger_core[0m[2m:[0m run_with_timeout - request timed out after 50ms
[2m2026-03-16T16:19:37.453242Z[0m [33m WARN[0m [2mlogger_core[0m[2m:[0m send_command - DIAG TIMEOUT: cmd=DEL(3080000000000000000000000000000000000000...) timeout=50ms
[2m2026-03-16T16:19:37.453256Z[0m [33m WARN[0m [2mglide_rs::jni_client[0m[2m:[0m DIAG cb=1379398 ERROR_CALLBACK: thread=glide-jni-callback-1 error_code=2 msg=timed out    
[2m2026-03-16T16:19:37.453276Z[0m [33m WARN[0m [2mlogger_core[0m[2m:[0m run_with_timeout - request timed out after 50ms
[2m2026-03-16T16:19:37.453281Z[0m [33m WARN[0m [2mlogger_core[0m[2m:[0m send_command - DIAG TIMEOUT: cmd=DEL(1284600000000000000000000000000000000000...) timeout=50ms
[2m2026-03-16T16:19:37.453298Z[0m [33m WARN[0m [2mglide_rs::jni_client[0m[2m:[0m DIAG cb=1379401 ERROR_CALLBACK: thread=glide-jni-callback-0 error_code=2 msg=timed out    
[2m2026-03-16T16:19:37.454182Z[0m [33m WARN[0m [2mlogger_core[0m[2m:[0m run_with_timeout - request timed out after 50ms
[2m2026-03-16T16:19:37.454190Z[0m [33m WARN[0m [2mlogger_core[0m[2m:[0m send_command - DIAG TIMEOUT: cmd=DEL(6056200000000000000000000000000000000000...) timeout=50ms
[2m2026-03-16T16:19:37.454209Z[0m [33m WARN[0m [2mglide_rs::jni_client[0m[2m:[0m DIAG cb=1379409 ERROR_CALLBACK: thread=glide-jni-callback-1 error_code=2 msg=timed out    
[2m2026-03-16T16:19:37.454441Z[0m [33m WARN[0m [2mlogger_core[0m[2m:[0m run_with_timeout - request timed out after 50ms
[2m2026-03-16T16:19:37.454447Z[0m [33m WARN[0m [2mlogger_core[0m[2m:[0m send_command - DIAG TIMEOUT: cmd=DEL(2171200000000000000000000000000000000000...) timeout=50ms
[2m2026-03-16T16:19:37.454455Z[0m [33m WARN[0m [2mlogger_core[0m[2m:[0m run_with_timeout - request timed out after 50ms
[2m2026-03-16T16:19:37.454459Z[0m [33m WARN[0m [2mlogger_core[0m[2m:[0m send_command - DIAG TIMEOUT: cmd=DEL(4332600000000000000000000000000000000000...) timeout=50ms
[2m2026-03-16T16:19:37.454462Z[0m [33m WARN[0m [2mglide_rs::jni_client[0m[2m:[0m DIAG cb=1379402 ERROR_CALLBACK: thread=glide-jni-callback-0 error_code=2 msg=timed out    
[2m2026-03-16T16:19:37.454466Z[0m [33m WARN[0m [2mlogger_core[0m[2m:[0m run_with_timeout - request timed out after 50ms
[2m2026-03-16T16:19:37.454465Z[0m [33m WARN[0m [2mglide_rs::jni_client[0m[2m:[0m DIAG cb=1379403 ERROR_CALLBACK: thread=glide-jni-callback-1 error_code=2 msg=timed out    
[2m2026-03-16T16:19:37.454542Z[0m [33m WARN[0m [2mlogger_core[0m[2m:[0m send_command - DIAG TIMEOUT: cmd=DEL(5100000000000000000000000000000000000000...) timeout=50ms
[2m2026-03-16T16:19:37.454566Z[0m [33m WARN[0m [2mglide_rs::jni_client[0m[2m:[0m DIAG cb=1379404 ERROR_CALLBACK: thread=glide-jni-callback-0 error_code=2 msg=timed out    
[2m2026-03-16T16:19:37.454589Z[0m [33m WARN[0m [2mlogger_core[0m[2m:[0m run_with_timeout - request timed out after 50ms
[2m2026-03-16T16:19:37.454610Z[0m [33m WARN[0m [2mlogger_core[0m[2m:[0m send_command - DIAG TIMEOUT: cmd=DEL(1834300000000000000000000000000000000000...) timeout=50ms
[2m2026-03-16T16:19:37.454637Z[0m [33m WARN[0m [2mglide_rs::jni_client[0m[2m:[0m DIAG cb=1379405 ERROR_CALLBACK: thread=glide-jni-callback-1 error_code=2 msg=timed out    
[2m2026-03-16T16:19:37.454654Z[0m [33m WARN[0m [2mlogger_core[0m[2m:[0m run_with_timeout - request timed out after 50ms
[2m2026-03-16T16:19:37.454659Z[0m [33m WARN[0m [2mlogger_core[0m[2m:[0m send_command - DIAG TIMEOUT: cmd=DEL(9139100000000000000000000000000000000000...) timeout=50ms
[2m2026-03-16T16:19:37.454682Z[0m [33m WARN[0m [2mglide_rs::jni_client[0m[2m:[0m DIAG cb=1379406 ERROR_CALLBACK: thread=glide-jni-callback-0 error_code=2 msg=timed out    
[2m2026-03-16T16:19:37.454715Z[0m [33m WARN[0m [2mlogger_core[0m[2m:[0m run_with_timeout - request timed out after 50ms
[2m2026-03-16T16:19:37.454719Z[0m [33m WARN[0m [2mlogger_core[0m[2m:[0m send_command - DIAG TIMEOUT: cmd=DEL(8080900000000000000000000000000000000000...) timeout=50ms
[2m2026-03-16T16:19:37.454731Z[0m [33m WARN[0m [2mglide_rs::jni_client[0m[2m:[0m DIAG cb=1379407 ERROR_CALLBACK: thread=glide-jni-callback-1 error_code=2 msg=timed out    
[2m2026-03-16T16:19:37.454786Z[0m [33m WARN[0m [2mlogger_core[0m[2m:[0m run_with_timeout - request timed out after 50ms
[2m2026-03-16T16:19:37.454791Z[0m [33m WARN[0m [2mlogger_core[0m[2m:[0m send_command - DIAG TIMEOUT: cmd=DEL(3408500000000000000000000000000000000000...) timeout=50ms
[2m2026-03-16T16:19:37.454805Z[0m [33m WARN[0m [2mglide_rs::jni_client[0m[2m:[0m DIAG cb=1379408 ERROR_CALLBACK: thread=glide-jni-callback-0 error_code=2 msg=timed out    
[2m2026-03-16T16:19:37.455571Z[0m [33m WARN[0m [2mlogger_core[0m[2m:[0m run_with_timeout - request timed out after 50ms
[2m2026-03-16T16:19:37.455577Z[0m [33m WARN[0m [2mlogger_core[0m[2m:[0m send_command - DIAG TIMEOUT: cmd=DEL(1442200000000000000000000000000000000000...) timeout=50ms
[2m2026-03-16T16:19:37.455596Z[0m [33m WARN[0m [2mglide_rs::jni_client[0m[2m:[0m DIAG cb=1379417 ERROR_CALLBACK: thread=glide-jni-callback-1 error_code=2 msg=timed out    
[2m2026-03-16T16:19:37.455689Z[0m [33m WARN[0m [2mlogger_core[0m[2m:[0m run_with_timeout - request timed out after 50ms
[2m2026-03-16T16:19:37.455694Z[0m [33m WARN[0m [2mlogger_core[0m[2m:[0m send_command - DIAG TIMEOUT: cmd=DEL(1806000000000000000000000000000000000000...) timeout=50ms
[2m2026-03-16T16:19:37.455704Z[0m [33m WARN[0m [2mglide_rs::jni_client[0m[2m:[0m DIAG cb=1379410 ERROR_CALLBACK: thread=glide-jni-callback-1 error_code=2 msg=timed out    
[2m2026-03-16T16:19:37.455728Z[0m [33m WARN[0m [2mlogger_core[0m[2m:[0m run_with_timeout - request timed out after 50ms
[2m2026-03-16T16:19:37.455732Z[0m [33m WARN[0m [2mlogger_core[0m[2m:[0m send_command - DIAG TIMEOUT: cmd=DEL(7488000000000000000000000000000000000000...) timeout=50ms
[2m2026-03-16T16:19:37.455738Z[0m [33m WARN[0m [2mlogger_core[0m[2m:[0m run_with_timeout - request timed out after 50ms
[2m2026-03-16T16:19:37.455743Z[0m [33m WARN[0m [2mglide_rs::jni_client[0m[2m:[0m DIAG cb=1379411 ERROR_CALLBACK: thread=glide-jni-callback-0 error_code=2 msg=timed out    
[2m2026-03-16T16:19:37.455745Z[0m [33m WARN[0m [2mlogger_core[0m[2m:[0m send_command - DIAG TIMEOUT: cmd=DEL(6463800000000000000000000000000000000000...) timeout=50ms
[2m2026-03-16T16:19:37.455755Z[0m [33m WARN[0m [2mlogger_core[0m[2m:[0m run_with_timeout - request timed out after 50ms
[2m2026-03-16T16:19:37.455757Z[0m [33m WARN[0m [2mglide_rs::jni_client[0m[2m:[0m DIAG cb=1379412 ERROR_CALLBACK: thread=glide-jni-callback-1 error_code=2 msg=timed out    
[2m2026-03-16T16:19:37.455759Z[0m [33m WARN[0m [2mlogger_core[0m[2m:[0m send_command - DIAG TIMEOUT: cmd=DEL(3097800000000000000000000000000000000000...) timeout=50ms
[2m2026-03-16T16:19:37.455792Z[0m [33m WARN[0m [2mglide_rs::jni_client[0m[2m:[0m DIAG cb=1379413 ERROR_CALLBACK: thread=glide-jni-callback-0 error_code=2 msg=timed out    
[2m2026-03-16T16:19:37.455829Z[0m [33m WARN[0m [2mlogger_core[0m[2m:[0m run_with_timeout - request timed out after 50ms
[2m2026-03-16T16:19:37.455834Z[0m [33m WARN[0m [2mlogger_core[0m[2m:[0m send_command - DIAG TIMEOUT: cmd=DEL(9148500000000000000000000000000000000000...) timeout=50ms
[2m2026-03-16T16:19:37.455849Z[0m [33m WARN[0m [2mglide_rs::jni_client[0m[2m:[0m DIAG cb=1379414 ERROR_CALLBACK: thread=glide-jni-callback-1 error_code=2 msg=timed out    
[2m2026-03-16T16:19:37.455873Z[0m [33m WARN[0m [2mlogger_core[0m[2m:[0m run_with_timeout - request timed out after 50ms
[2m2026-03-16T16:19:37.455878Z[0m [33m WARN[0m [2mlogger_core[0m[2m:[0m send_command - DIAG TIMEOUT: cmd=DEL(9142100000000000000000000000000000000000...) timeout=50ms
[2m2026-03-16T16:19:37.455968Z[0m [33m WARN[0m [2mglide_rs::jni_client[0m[2m:[0m DIAG cb=1379415 ERROR_CALLBACK: thread=glide-jni-callback-0 error_code=2 msg=timed out    
[2m2026-03-16T16:19:37.455982Z[0m [33m WARN[0m [2mlogger_core[0m[2m:[0m run_with_timeout - request timed out after 50ms
[2m2026-03-16T16:19:37.455986Z[0m [33m WARN[0m [2mlogger_core[0m[2m:[0m send_command - DIAG TIMEOUT: cmd=DEL(9877900000000000000000000000000000000000...) timeout=50ms
[2m2026-03-16T16:19:37.455997Z[0m [33m WARN[0m [2mglide_rs::jni_client[0m[2m:[0m DIAG cb=1379416 ERROR_CALLBACK: thread=glide-jni-callback-1 error_code=2 msg=timed out    
[2m2026-03-16T16:19:37.456051Z[0m [33m WARN[0m [2mlogger_core[0m[2m:[0m run_with_timeout - request timed out after 50ms
[2m2026-03-16T16:19:37.456059Z[0m [33m WARN[0m [2mlogger_core[0m[2m:[0m send_command - DIAG TIMEOUT: cmd=DEL(2347200000000000000000000000000000000000...) timeout=50ms
[2m2026-03-16T16:19:37.456082Z[0m [33m WARN[0m [2mglide_rs::jni_client[0m[2m:[0m DIAG cb=1379419 ERROR_CALLBACK: thread=glide-jni-callback-0 error_code=2 msg=timed out    
[2m2026-03-16T16:19:37.457028Z[0m [33m WARN[0m [2mlogger_core[0m[2m:[0m run_with_timeout - request timed out after 50ms
[2m2026-03-16T16:19:37.457034Z[0m [33m WARN[0m [2mlogger_core[0m[2m:[0m send_command - DIAG TIMEOUT: cmd=DEL(6087300000000000000000000000000000000000...) timeout=50ms
[2m2026-03-16T16:19:37.457053Z[0m [33m WARN[0m [2mglide_rs::jni_client[0m[2m:[0m DIAG cb=1379434 ERROR_CALLBACK: thread=glide-jni-callback-1 error_code=2 msg=timed out    
[2m2026-03-16T16:19:37.457173Z[0m [33m WARN[0m [2mlogger_core[0m[2m:[0m run_with_timeout - request timed out after 50ms
[2m2026-03-16T16:19:37.457177Z[0m [33m WARN[0m [2mlogger_core[0m[2m:[0m send_command - DIAG TIMEOUT: cmd=DEL(6823500000000000000000000000000000000000...) timeout=50ms
[2m2026-03-16T16:19:37.457184Z[0m [33m WARN[0m [2mlogger_core[0m[2m:[0m run_with_timeout - request timed out after 50ms
[2m2026-03-16T16:19:37.457187Z[0m [33m WARN[0m [2mlogger_core[0m[2m:[0m send_command - DIAG TIMEOUT: cmd=DEL(1175000000000000000000000000000000000000...) timeout=50ms
[2m2026-03-16T16:19:37.457191Z[0m [33m WARN[0m [2mlogger_core[0m[2m:[0m run_with_timeout - request timed out after 50ms
[2m2026-03-16T16:19:37.457192Z[0m [33m WARN[0m [2mglide_rs::jni_client[0m[2m:[0m DIAG cb=1379421 ERROR_CALLBACK: thread=glide-jni-callback-1 error_code=2 msg=timed out    
[2m2026-03-16T16:19:37.457194Z[0m [33m WARN[0m [2mlogger_core[0m[2m:[0m send_command - DIAG TIMEOUT: cmd=DEL(3294000000000000000000000000000000000000...) timeout=50ms
[2m2026-03-16T16:19:37.457191Z[0m [33m WARN[0m [2mglide_rs::jni_client[0m[2m:[0m DIAG cb=1379420 ERROR_CALLBACK: thread=glide-jni-callback-0 error_code=2 msg=timed out    
[2m2026-03-16T16:19:37.457200Z[0m [33m WARN[0m [2mlogger_core[0m[2m:[0m run_with_timeout - request timed out after 50ms
[2m2026-03-16T16:19:37.457203Z[0m [33m WARN[0m [2mlogger_core[0m[2m:[0m send_command - DIAG TIMEOUT: cmd=DEL(9877500000000000000000000000000000000000...) timeout=50ms
[2m2026-03-16T16:19:37.457206Z[0m [33m WARN[0m [2mglide_rs::jni_client[0m[2m:[0m DIAG cb=1379422 ERROR_CALLBACK: thread=glide-jni-callback-1 error_code=2 msg=timed out    
[2m2026-03-16T16:19:37.457207Z[0m [33m WARN[0m [2mlogger_core[0m[2m:[0m run_with_timeout - request timed out after 50ms
[2m2026-03-16T16:19:37.457210Z[0m [33m WARN[0m [2mlogger_core[0m[2m:[0m send_command - DIAG TIMEOUT: cmd=DEL(8914700000000000000000000000000000000000...) timeout=50ms
[2m2026-03-16T16:19:37.457216Z[0m [33m WARN[0m [2mlogger_core[0m[2m:[0m run_with_timeout - request timed out after 50ms
[2m2026-03-16T16:19:37.457257Z[0m [33m WARN[0m [2mlogger_core[0m[2m:[0m send_command - DIAG TIMEOUT: cmd=DEL(4260000000000000000000000000000000000000...) timeout=50ms
[2m2026-03-16T16:19:37.457218Z[0m [33m WARN[0m [2mglide_rs::jni_client[0m[2m:[0m DIAG cb=1379423 ERROR_CALLBACK: thread=glide-jni-callback-1 error_code=2 msg=timed out    
[2m2026-03-16T16:19:37.457263Z[0m [33m WARN[0m [2mlogger_core[0m[2m:[0m run_with_timeout - request timed out after 50ms
[2m2026-03-16T16:19:37.457219Z[0m [33m WARN[0m [2mglide_rs::jni_client[0m[2m:[0m DIAG cb=1379424 ERROR_CALLBACK: thread=glide-jni-callback-0 error_code=2 msg=timed out    
[2m2026-03-16T16:19:37.457266Z[0m [33m WARN[0m [2mlogger_core[0m[2m:[0m send_command - DIAG TIMEOUT: cmd=DEL(8230400000000000000000000000000000000000...) timeout=50ms
[2m2026-03-16T16:19:37.457272Z[0m [33m WARN[0m [2mglide_rs::jni_client[0m[2m:[0m DIAG cb=1379425 ERROR_CALLBACK: thread=glide-jni-callback-1 error_code=2 msg=timed out    
[2m2026-03-16T16:19:37.457279Z[0m [33m WARN[0m [2mglide_rs::jni_client[0m[2m:[0m DIAG cb=1379426 ERROR_CALLBACK: thread=glide-jni-callback-0 error_code=2 msg=timed out    
[2m2026-03-16T16:19:37.457298Z[0m [33m WARN[0m [2mlogger_core[0m[2m:[0m run_with_timeout - request timed out after 50ms
[2m2026-03-16T16:19:37.457301Z[0m [33m WARN[0m [2mlogger_core[0m[2m:[0m send_command - DIAG TIMEOUT: cmd=DEL(3267000000000000000000000000000000000000...) timeout=50ms
[2m2026-03-16T16:19:37.457314Z[0m [33m WARN[0m [2mglide_rs::jni_client[0m[2m:[0m DIAG cb=1379427 ERROR_CALLBACK: thread=glide-jni-callback-1 error_code=2 msg=timed out    
[2m2026-03-16T16:19:37.457331Z[0m [33m WARN[0m [2mlogger_core[0m[2m:[0m run_with_timeout - request timed out after 50ms
[2m2026-03-16T16:19:37.457334Z[0m [33m WARN[0m [2mlogger_core[0m[2m:[0m send_command - DIAG TIMEOUT: cmd=DEL(7821000000000000000000000000000000000000...) timeout=50ms
[2m2026-03-16T16:19:37.457344Z[0m [33m WARN[0m [2mglide_rs::jni_client[0m[2m:[0m DIAG cb=1379429 ERROR_CALLBACK: thread=glide-jni-callback-0 error_code=2 msg=timed out    
[2m2026-03-16T16:19:37.457393Z[0m [33m WARN[0m [2mlogger_core[0m[2m:[0m run_with_timeout - request timed out after 50ms
[2m2026-03-16T16:19:37.457397Z[0m [33m WARN[0m [2mlogger_core[0m[2m:[0m send_command - DIAG TIMEOUT: cmd=DEL(8893500000000000000000000000000000000000...) timeout=50ms
[2m2026-03-16T16:19:37.457406Z[0m [33m WARN[0m [2mglide_rs::jni_client[0m[2m:[0m DIAG cb=1379428 ERROR_CALLBACK: thread=glide-jni-callback-1 error_code=2 msg=timed out    
[2m2026-03-16T16:19:37.457431Z[0m [33m WARN[0m [2mlogger_core[0m[2m:[0m run_with_timeout - request timed out after 50ms
[2m2026-03-16T16:19:37.457434Z[0m [33m WARN[0m [2mlogger_core[0m[2m:[0m send_command - DIAG TIMEOUT: cmd=DEL(2235300000000000000000000000000000000000...) timeout=50ms
[2m2026-03-16T16:19:37.457445Z[0m [33m WARN[0m [2mglide_rs::jni_client[0m[2m:[0m DIAG cb=1379430 ERROR_CALLBACK: thread=glide-jni-callback-0 error_code=2 msg=timed out    
[2m2026-03-16T16:19:37.457571Z[0m [33m WARN[0m [2mlogger_core[0m[2m:[0m run_with_timeout - request timed out after 50ms
[2m2026-03-16T16:19:37.457576Z[0m [33m WARN[0m [2mlogger_core[0m[2m:[0m send_command - DIAG TIMEOUT: cmd=DEL(5531300000000000000000000000000000000000...) timeout=50ms
[2m2026-03-16T16:19:37.457589Z[0m [33m WARN[0m [2mglide_rs::jni_client[0m[2m:[0m DIAG cb=1379431 ERROR_CALLBACK: thread=glide-jni-callback-1 error_code=2 msg=timed out    
[2m2026-03-16T16:19:37.457609Z[0m [33m WARN[0m [2mlogger_core[0m[2m:[0m run_with_timeout - request timed out after 50ms
[2m2026-03-16T16:19:37.457612Z[0m [33m WARN[0m [2mlogger_core[0m[2m:[0m send_command - DIAG TIMEOUT: cmd=DEL(5074900000000000000000000000000000000000...) timeout=50ms
[2m2026-03-16T16:19:37.457618Z[0m [33m WARN[0m [2mlogger_core[0m[2m:[0m run_with_timeout - request timed out after 50ms
[2m2026-03-16T16:19:37.457622Z[0m [33m WARN[0m [2mlogger_core[0m[2m:[0m send_command - DIAG TIMEOUT: cmd=DEL(5433300000000000000000000000000000000000...) timeout=50ms
[2m2026-03-16T16:19:37.457627Z[0m [33m WARN[0m [2mglide_rs::jni_client[0m[2m:[0m DIAG cb=1379433 ERROR_CALLBACK: thread=glide-jni-callback-1 error_code=2 msg=timed out    
[2m2026-03-16T16:19:37.457627Z[0m [33m WARN[0m [2mglide_rs::jni_client[0m[2m:[0m DIAG cb=1379432 ERROR_CALLBACK: thread=glide-jni-callback-0 error_code=2 msg=timed out    
[2m2026-03-16T16:19:37.458889Z[0m [33m WARN[0m [2mlogger_core[0m[2m:[0m run_with_timeout - request timed out after 50ms
[2m2026-03-16T16:19:37.458898Z[0m [33m WARN[0m [2mlogger_core[0m[2m:[0m send_command - DIAG TIMEOUT: cmd=DEL(9470900000000000000000000000000000000000...) timeout=50ms
[2m2026-03-16T16:19:37.458921Z[0m [33m WARN[0m [2mglide_rs::jni_client[0m[2m:[0m DIAG cb=1379435 ERROR_CALLBACK: thread=glide-jni-callback-0 error_code=2 msg=timed out    
[2m2026-03-16T16:19:37.459021Z[0m [33m WARN[0m [2mlogger_core[0m[2m:[0m run_with_timeout - request timed out after 50ms
[2m2026-03-16T16:19:37.459029Z[0m [33m WARN[0m [2mlogger_core[0m[2m:[0m send_command - DIAG TIMEOUT: cmd=DEL(9922700000000000000000000000000000000000...) timeout=50ms
[2m2026-03-16T16:19:37.459040Z[0m [33m WARN[0m [2mglide_rs::jni_client[0m[2m:[0m DIAG cb=1379436 ERROR_CALLBACK: thread=glide-jni-callback-1 error_code=2 msg=timed out    
[2m2026-03-16T16:19:37.459719Z[0m [33m WARN[0m [2mlogger_core[0m[2m:[0m run_with_timeout - request timed out after 50ms
[2m2026-03-16T16:19:37.459727Z[0m [33m WARN[0m [2mlogger_core[0m[2m:[0m send_command - DIAG TIMEOUT: cmd=DEL(4762000000000000000000000000000000000000...) timeout=50ms
[2m2026-03-16T16:19:37.459743Z[0m [33m WARN[0m [2mglide_rs::jni_client[0m[2m:[0m DIAG cb=1379441 ERROR_CALLBACK: thread=glide-jni-callback-1 error_code=2 msg=timed out    
[2m2026-03-16T16:19:37.459776Z[0m [33m WARN[0m [2mlogger_core[0m[2m:[0m run_with_timeout - request timed out after 50ms
[2m2026-03-16T16:19:37.459780Z[0m [33m WARN[0m [2mlogger_core[0m[2m:[0m send_command - DIAG TIMEOUT: cmd=DEL(1421600000000000000000000000000000000000...) timeout=50ms
[2m2026-03-16T16:19:37.459787Z[0m [33m WARN[0m [2mlogger_core[0m[2m:[0m run_with_timeout - request timed out after 50ms
[2m2026-03-16T16:19:37.459790Z[0m [33m WARN[0m [2mlogger_core[0m[2m:[0m send_command - DIAG TIMEOUT: cmd=DEL(5788800000000000000000000000000000000000...) timeout=50ms
[2m2026-03-16T16:19:37.459795Z[0m [33m WARN[0m [2mlogger_core[0m[2m:[0m run_with_timeout - request timed out after 50ms
[2m2026-03-16T16:19:37.459794Z[0m [33m WARN[0m [2mglide_rs::jni_client[0m[2m:[0m DIAG cb=1379437 ERROR_CALLBACK: thread=glide-jni-callback-0 error_code=2 msg=timed out    
[2m2026-03-16T16:19:37.459796Z[0m [33m WARN[0m [2mglide_rs::jni_client[0m[2m:[0m DIAG cb=1379438 ERROR_CALLBACK: thread=glide-jni-callback-1 error_code=2 msg=timed out    
[2m2026-03-16T16:19:37.459798Z[0m [33m WARN[0m [2mlogger_core[0m[2m:[0m send_command - DIAG TIMEOUT: cmd=DEL(7287400000000000000000000000000000000000...) timeout=50ms
[2m2026-03-16T16:19:37.459818Z[0m [33m WARN[0m [2mglide_rs::jni_client[0m[2m:[0m DIAG cb=1379439 ERROR_CALLBACK: thread=glide-jni-callback-1 error_code=2 msg=timed out    
[2m2026-03-16T16:19:37.459821Z[0m [33m WARN[0m [2mlogger_core[0m[2m:[0m run_with_timeout - request timed out after 50ms
[2m2026-03-16T16:19:37.459824Z[0m [33m WARN[0m [2mlogger_core[0m[2m:[0m send_command - DIAG TIMEOUT: cmd=DEL(1428000000000000000000000000000000000000...) timeout=50ms
[2m2026-03-16T16:19:37.459833Z[0m [33m WARN[0m [2mglide_rs::jni_client[0m[2m:[0m DIAG cb=1379444 ERROR_CALLBACK: thread=glide-jni-callback-0 error_code=2 msg=timed out    
[2m2026-03-16T16:19:37.459857Z[0m [33m WARN[0m [2mlogger_core[0m[2m:[0m run_with_timeout - request timed out after 50ms
[2m2026-03-16T16:19:37.459860Z[0m [33m WARN[0m [2mlogger_core[0m[2m:[0m send_command - DIAG TIMEOUT: cmd=DEL(5791700000000000000000000000000000000000...) timeout=50ms
[2m2026-03-16T16:19:37.459871Z[0m [33m WARN[0m [2mglide_rs::jni_client[0m[2m:[0m DIAG cb=1379440 ERROR_CALLBACK: thread=glide-jni-callback-1 error_code=2 msg=timed out    
[2m2026-03-16T16:19:37.460955Z[0m [33m WARN[0m [2mlogger_core[0m[2m:[0m run_with_timeout - request timed out after 50ms
[2m2026-03-16T16:19:37.461023Z[0m [33m WARN[0m [2mlogger_core[0m[2m:[0m send_command - DIAG TIMEOUT: cmd=DEL(6417300000000000000000000000000000000000...) timeout=50ms
[2m2026-03-16T16:19:37.461064Z[0m [33m WARN[0m [2mglide_rs::jni_client[0m[2m:[0m DIAG cb=1379445 ERROR_CALLBACK: thread=glide-jni-callback-0 error_code=2 msg=timed out    
[2m2026-03-16T16:19:37.461133Z[0m [33m WARN[0m [2mlogger_core[0m[2m:[0m run_with_timeout - request timed out after 50ms
[2m2026-03-16T16:19:37.461138Z[0m [33m WARN[0m [2mlogger_core[0m[2m:[0m send_command - DIAG TIMEOUT: cmd=DEL(7805000000000000000000000000000000000000...) timeout=50ms
[2m2026-03-16T16:19:37.461155Z[0m [33m WARN[0m [2mglide_rs::jni_client[0m[2m:[0m DIAG cb=1379442 ERROR_CALLBACK: thread=glide-jni-callback-1 error_code=2 msg=timed out    
[2m2026-03-16T16:19:37.461185Z[0m [33m WARN[0m [2mlogger_core[0m[2m:[0m run_with_timeout - request timed out after 50ms
[2m2026-03-16T16:19:37.461189Z[0m [33m WARN[0m [2mlogger_core[0m[2m:[0m send_command - DIAG TIMEOUT: cmd=DEL(8287700000000000000000000000000000000000...) timeout=50ms
[2m2026-03-16T16:19:37.461199Z[0m [33m WARN[0m [2mglide_rs::jni_client[0m[2m:[0m DIAG cb=1379443 ERROR_CALLBACK: thread=glide-jni-callback-0 error_code=2 msg=timed out    
[2m2026-03-16T16:19:37.461815Z[0m [33m WARN[0m [2mlogger_core[0m[2m:[0m run_with_timeout - request timed out after 50ms
[2m2026-03-16T16:19:37.461824Z[0m [33m WARN[0m [2mlogger_core[0m[2m:[0m send_command - DIAG TIMEOUT: cmd=DEL(9818700000000000000000000000000000000000...) timeout=50ms
[2m2026-03-16T16:19:37.461842Z[0m [33m WARN[0m [2mglide_rs::jni_client[0m[2m:[0m DIAG cb=1379447 ERROR_CALLBACK: thread=glide-jni-callback-1 error_code=2 msg=timed out    
[2m2026-03-16T16:19:37.461860Z[0m [33m WARN[0m [2mlogger_core[0m[2m:[0m run_with_timeout - request timed out after 50ms
[2m2026-03-16T16:19:37.461864Z[0m [33m WARN[0m [2mlogger_core[0m[2m:[0m send_command - DIAG TIMEOUT: cmd=DEL(1413500000000000000000000000000000000000...) timeout=50ms
[2m2026-03-16T16:19:37.461876Z[0m [33m WARN[0m [2mglide_rs::jni_client[0m[2m:[0m DIAG cb=1379446 ERROR_CALLBACK: thread=glide-jni-callback-0 error_code=2 msg=timed out    
[2m2026-03-16T16:19:37.464771Z[0m [33m WARN[0m [2mlogger_core[0m[2m:[0m run_with_timeout - request timed out after 50ms
[2m2026-03-16T16:19:37.464779Z[0m [33m WARN[0m [2mlogger_core[0m[2m:[0m send_command - DIAG TIMEOUT: cmd=DEL(9754900000000000000000000000000000000000...) timeout=50ms
[2m2026-03-16T16:19:37.464799Z[0m [33m WARN[0m [2mglide_rs::jni_client[0m[2m:[0m DIAG cb=1379448 ERROR_CALLBACK: thread=glide-jni-callback-1 error_code=2 msg=timed out    
[2m2026-03-16T16:19:37.503181Z[0m [33m WARN[0m [2mlogger_core[0m[2m:[0m run_with_timeout - request timed out after 50ms
[2m2026-03-16T16:19:37.503192Z[0m [33m WARN[0m [2mlogger_core[0m[2m:[0m send_command - DIAG TIMEOUT: cmd=DEL(5126700000000000000000000000000000000000...) timeout=50ms
[2m2026-03-16T16:19:37.503229Z[0m [33m WARN[0m [2mlogger_core[0m[2m:[0m run_with_timeout - request timed out after 50ms
[2m2026-03-16T16:19:37.503232Z[0m [33m WARN[0m [2mlogger_core[0m[2m:[0m send_command - DIAG TIMEOUT: cmd=DEL(1164000000000000000000000000000000000000...) timeout=50ms
[2m2026-03-16T16:19:37.503240Z[0m [33m WARN[0m [2mlogger_core[0m[2m:[0m run_with_timeout - request timed out after 50ms
[2m2026-03-16T16:19:37.503243Z[0m [33m WARN[0m [2mlogger_core[0m[2m:[0m send_command - DIAG TIMEOUT: cmd=DEL(6792000000000000000000000000000000000000...) timeout=50ms
[2m2026-03-16T16:19:37.503260Z[0m [33m WARN[0m [2mglide_rs::jni_client[0m[2m:[0m DIAG cb=1379449 ERROR_CALLBACK: thread=glide-jni-callback-1 error_code=2 msg=timed out    
[2m2026-03-16T16:19:37.503295Z[0m [33m WARN[0m [2mglide_rs::jni_client[0m[2m:[0m DIAG cb=1379451 ERROR_CALLBACK: thread=glide-jni-callback-0 error_code=2 msg=timed out    
[2m2026-03-16T16:19:37.503317Z[0m [33m WARN[0m [2mglide_rs::jni_client[0m[2m:[0m DIAG cb=1379450 ERROR_CALLBACK: thread=glide-jni-callback-1 error_code=2 msg=timed out    
[2m2026-03-16T16:19:37.503765Z[0m [33m WARN[0m [2mlogger_core[0m[2m:[0m run_with_timeout - request timed out after 50ms
[2m2026-03-16T16:19:37.503773Z[0m [33m WARN[0m [2mlogger_core[0m[2m:[0m send_command - DIAG TIMEOUT: cmd=DEL(4619000000000000000000000000000000000000...) timeout=50ms
[2m2026-03-16T16:19:37.503783Z[0m [33m WARN[0m [2mlogger_core[0m[2m:[0m run_with_timeout - request timed out after 50ms
[2m2026-03-16T16:19:37.503785Z[0m [33m WARN[0m [2mlogger_core[0m[2m:[0m send_command - DIAG TIMEOUT: cmd=DEL(9358500000000000000000000000000000000000...) timeout=50ms
[2m2026-03-16T16:19:37.503789Z[0m [33m WARN[0m [2mglide_rs::jni_client[0m[2m:[0m DIAG cb=1379458 ERROR_CALLBACK: thread=glide-jni-callback-1 error_code=2 msg=timed out    
[2m2026-03-16T16:19:37.503792Z[0m [33m WARN[0m [2mlogger_core[0m[2m:[0m run_with_timeout - request timed out after 50ms
[2m2026-03-16T16:19:37.503796Z[0m [33m WARN[0m [2mlogger_core[0m[2m:[0m send_command - DIAG TIMEOUT: cmd=DEL(5226800000000000000000000000000000000000...) timeout=50ms
[2m2026-03-16T16:19:37.503800Z[0m [33m WARN[0m [2mglide_rs::jni_client[0m[2m:[0m DIAG cb=1379452 ERROR_CALLBACK: thread=glide-jni-callback-0 error_code=2 msg=timed out    
[2m2026-03-16T16:19:37.503803Z[0m [33m WARN[0m [2mlogger_core[0m[2m:[0m run_with_timeout - request timed out after 50ms
[2m2026-03-16T16:19:37.503807Z[0m [33m WARN[0m [2mlogger_core[0m[2m:[0m send_command - DIAG TIMEOUT: cmd=DEL(5197400000000000000000000000000000000000...) timeout=50ms
[2m2026-03-16T16:19:37.503815Z[0m [33m WARN[0m [2mlogger_core[0m[2m:[0m run_with_timeout - request timed out after 50ms
[2m2026-03-16T16:19:37.503815Z[0m [33m WARN[0m [2mglide_rs::jni_client[0m[2m:[0m DIAG cb=1379453 ERROR_CALLBACK: thread=glide-jni-callback-1 error_code=2 msg=timed out    
[2m2026-03-16T16:19:37.503818Z[0m [33m WARN[0m [2mlogger_core[0m[2m:[0m send_command - DIAG TIMEOUT: cmd=DEL(1335000000000000000000000000000000000000...) timeout=50ms
[2m2026-03-16T16:19:37.503826Z[0m [33m WARN[0m [2mlogger_core[0m[2m:[0m run_with_timeout - request timed out after 50ms
[2m2026-03-16T16:19:37.503830Z[0m [33m WARN[0m [2mlogger_core[0m[2m:[0m send_command - DIAG TIMEOUT: cmd=DEL(4069900000000000000000000000000000000000...) timeout=50ms
[2m2026-03-16T16:19:37.503832Z[0m [33m WARN[0m [2mglide_rs::jni_client[0m[2m:[0m DIAG cb=1379454 ERROR_CALLBACK: thread=glide-jni-callback-0 error_code=2 msg=timed out    
[2m2026-03-16T16:19:37.503834Z[0m [33m WARN[0m [2mglide_rs::jni_client[0m[2m:[0m DIAG cb=1379455 ERROR_CALLBACK: thread=glide-jni-callback-1 error_code=2 msg=timed out    
[2m2026-03-16T16:19:37.503849Z[0m [33m WARN[0m [2mglide_rs::jni_client[0m[2m:[0m DIAG cb=1379457 ERROR_CALLBACK: thread=glide-jni-callback-0 error_code=2 msg=timed out    
[2m2026-03-16T16:19:39.358054Z[0m [33m WARN[0m [2mredis::cluster_async[0m[2m:[0m DIAG try_cmd_request: node=shohame-global-data-store-iad-0001-001.shohame-global-data-store-iad.ime4qh.use1.cache.amazonaws.com:6379 elapsed=1854ms ok=true
[2m2026-03-16T16:19:39.366030Z[0m [33m WARN[0m [2mredis::cluster_async[0m[2m:[0m DIAG try_cmd_request: node=shohame-global-data-store-iad-0001-001.shohame-global-data-store-iad.ime4qh.use1.cache.amazonaws.com:6379 elapsed=1862ms ok=true
[2m2026-03-16T16:19:39.366054Z[0m [33m WARN[0m [2mredis::cluster_async[0m[2m:[0m DIAG try_cmd_request: node=shohame-global-data-store-iad-0001-001.shohame-global-data-store-iad.ime4qh.use1.cache.amazonaws.com:6379 elapsed=1862ms ok=true
[2m2026-03-16T16:19:39.366060Z[0m [33m WARN[0m [2mredis::cluster_async[0m[2m:[0m DIAG try_cmd_request: node=shohame-global-data-store-iad-0001-001.shohame-global-data-store-iad.ime4qh.use1.cache.amazonaws.com:6379 elapsed=1862ms ok=true
[2m2026-03-16T16:19:39.366065Z[0m [33m WARN[0m [2mredis::cluster_async[0m[2m:[0m DIAG try_cmd_request: node=shohame-global-data-store-iad-0001-001.shohame-global-data-store-iad.ime4qh.use1.cache.amazonaws.com:6379 elapsed=1862ms ok=true
[2m2026-03-16T16:19:39.366070Z[0m [33m WARN[0m [2mredis::cluster_async[0m[2m:[0m DIAG try_cmd_request: node=shohame-global-data-store-iad-0001-001.shohame-global-data-store-iad.ime4qh.use1.cache.amazonaws.com:6379 elapsed=1862ms ok=true
[2m2026-03-16T16:19:39.366076Z[0m [33m WARN[0m [2mredis::cluster_async[0m[2m:[0m DIAG try_cmd_request: node=shohame-global-data-store-iad-0001-001.shohame-global-data-store-iad.ime4qh.use1.cache.amazonaws.com:6379 elapsed=1862ms ok=true
[2m2026-03-16T16:19:39.366081Z[0m [33m WARN[0m [2mredis::cluster_async[0m[2m:[0m DIAG try_cmd_request: node=shohame-global-data-store-iad-0001-001.shohame-global-data-store-iad.ime4qh.use1.cache.amazonaws.com:6379 elapsed=1862ms ok=true
[2m2026-03-16T16:19:39.366092Z[0m [33m WARN[0m [2mredis::cluster_async[0m[2m:[0m DIAG try_cmd_request: node=shohame-global-data-store-iad-0001-001.shohame-global-data-store-iad.ime4qh.use1.cache.amazonaws.com:6379 elapsed=1523ms ok=true
[2m2026-03-16T16:19:39.366097Z[0m [33m WARN[0m [2mredis::cluster_async[0m[2m:[0m DIAG try_cmd_request: node=shohame-global-data-store-iad-0001-001.shohame-global-data-store-iad.ime4qh.use1.cache.amazonaws.com:6379 elapsed=1371ms ok=true
[2m2026-03-16T16:19:39.366105Z[0m [33m WARN[0m [2mredis::cluster_async[0m[2m:[0m DIAG try_cmd_request: node=shohame-global-data-store-iad-0001-001.shohame-global-data-store-iad.ime4qh.use1.cache.amazonaws.com:6379 elapsed=838ms ok=true
[2m2026-03-16T16:19:39.366111Z[0m [33m WARN[0m [2mredis::cluster_async[0m[2m:[0m DIAG try_cmd_request: node=shohame-global-data-store-iad-0001-001.shohame-global-data-store-iad.ime4qh.use1.cache.amazonaws.com:6379 elapsed=837ms ok=true
[2m2026-03-16T16:19:39.366119Z[0m [33m WARN[0m [2mredis::cluster_async[0m[2m:[0m DIAG try_cmd_request: node=shohame-global-data-store-iad-0001-001.shohame-global-data-store-iad.ime4qh.use1.cache.amazonaws.com:6379 elapsed=837ms ok=true
[2m2026-03-16T16:19:39.482973Z[0m [33m WARN[0m [2mredis::aio::multiplexed_connection[0m[2m:[0m DIAG send_recv: pipeline channel send took 116ms (backpressure from slow TCP)
[2m2026-03-16T16:19:39.486254Z[0m [33m WARN[0m [2mredis::cluster_async[0m[2m:[0m DIAG multi_node: sub_cmds=3 nodes=[shohame-global-data-store-iad-0001-001.shohame-global-data-store-iad.ime4qh.use1.cache.amazonaws.com:6379,shohame-global-data-store-iad-0001-001.shohame-global-data-store-iad.ime4qh.use1.cache.amazonaws.com:6379,shohame-global-data-store-iad-0001-001.shohame-global-data-store-iad.ime4qh.use1.cache.amazonaws.com:6379] elapsed=1982ms ok=true
[2m2026-03-16T16:19:39.597510Z[0m [33m WARN[0m [2mlogger_core[0m[2m:[0m run_with_timeout - request timed out after 50ms
[2m2026-03-16T16:19:39.599566Z[0m [33m WARN[0m [2mlogger_core[0m[2m:[0m send_command - DIAG TIMEOUT: cmd=DEL(2159500000000000000000000000000000000000...) timeout=50ms
[2m2026-03-16T16:19:39.601213Z[0m [33m WARN[0m [2mlogger_core[0m[2m:[0m run_with_timeout - request timed out after 50ms
[2m2026-03-16T16:19:39.601223Z[0m [33m WARN[0m [2mlogger_core[0m[2m:[0m send_command - DIAG TIMEOUT: cmd=DEL(8579700000000000000000000000000000000000...) timeout=50ms
[2m2026-03-16T16:19:39.601230Z[0m [33m WARN[0m [2mlogger_core[0m[2m:[0m run_with_timeout - request timed out after 50ms
[2m2026-03-16T16:19:39.601233Z[0m [33m WARN[0m [2mlogger_core[0m[2m:[0m send_command - DIAG TIMEOUT: cmd=DEL(2671300000000000000000000000000000000000...) timeout=50ms
[2m2026-03-16T16:19:39.601240Z[0m [33m WARN[0m [2mlogger_core[0m[2m:[0m run_with_timeout - request timed out after 50ms
[2m2026-03-16T16:19:39.601246Z[0m [33m WARN[0m [2mlogger_core[0m[2m:[0m send_command - DIAG TIMEOUT: cmd=DEL(5343900000000000000000000000000000000000...) timeout=50ms
[2m2026-03-16T16:19:39.601253Z[0m [33m WARN[0m [2mlogger_core[0m[2m:[0m run_with_timeout - request timed out after 50ms
[2m2026-03-16T16:19:39.601260Z[0m [33m WARN[0m [2mlogger_core[0m[2m:[0m send_command - DIAG TIMEOUT: cmd=DEL(6133000000000000000000000000000000000000...) timeout=50ms
[2m2026-03-16T16:19:39.601267Z[0m [33m WARN[0m [2mlogger_core[0m[2m:[0m run_with_timeout - request timed out after 50ms
[2m2026-03-16T16:19:39.601271Z[0m [33m WARN[0m [2mlogger_core[0m[2m:[0m send_command - DIAG TIMEOUT: cmd=DEL(1489500000000000000000000000000000000000...) timeout=50ms
[2m2026-03-16T16:19:39.601279Z[0m [33m WARN[0m [2mlogger_core[0m[2m:[0m run_with_timeout - request timed out after 50ms
[2m2026-03-16T16:19:39.601283Z[0m [33m WARN[0m [2mlogger_core[0m[2m:[0m send_command - DIAG TIMEOUT: cmd=DEL(3613800000000000000000000000000000000000...) timeout=50ms
[2m2026-03-16T16:19:39.601292Z[0m [33m WARN[0m [2mlogger_core[0m[2m:[0m run_with_timeout - request timed out after 50ms
[2m2026-03-16T16:19:39.601302Z[0m [33m WARN[0m [2mlogger_core[0m[2m:[0m send_command - DIAG TIMEOUT: cmd=DEL(8534000000000000000000000000000000000000...) timeout=50ms
[2m2026-03-16T16:19:39.601327Z[0m [33m WARN[0m [2mlogger_core[0m[2m:[0m run_with_timeout - request timed out after 50ms
[2m2026-03-16T16:19:39.601331Z[0m [33m WARN[0m [2mlogger_core[0m[2m:[0m send_command - DIAG TIMEOUT: cmd=DEL(5337700000000000000000000000000000000000...) timeout=50ms
[2m2026-03-16T16:19:39.601342Z[0m [33m WARN[0m [2mlogger_core[0m[2m:[0m run_with_timeout - request timed out after 50ms
[2m2026-03-16T16:19:39.601351Z[0m [33m WARN[0m [2mlogger_core[0m[2m:[0m send_command - DIAG TIMEOUT: cmd=DEL(4747600000000000000000000000000000000000...) timeout=50ms
[2m2026-03-16T16:19:39.601356Z[0m [33m WARN[0m [2mlogger_core[0m[2m:[0m run_with_timeout - request timed out after 50ms
[2m2026-03-16T16:19:39.601358Z[0m [33m WARN[0m [2mlogger_core[0m[2m:[0m send_command - DIAG TIMEOUT: cmd=DEL(2898000000000000000000000000000000000000...) timeout=50ms
[2m2026-03-16T16:19:39.601364Z[0m [33m WARN[0m [2mlogger_core[0m[2m:[0m run_with_timeout - request timed out after 50ms
[2m2026-03-16T16:19:39.601373Z[0m [33m WARN[0m [2mlogger_core[0m[2m:[0m send_command - DIAG TIMEOUT: cmd=DEL(8158100000000000000000000000000000000000...) timeout=50ms
[2m2026-03-16T16:19:39.601381Z[0m [33m WARN[0m [2mlogger_core[0m[2m:[0m run_with_timeout - request timed out after 50ms
[2m2026-03-16T16:19:39.601384Z[0m [33m WARN[0m [2mlogger_core[0m[2m:[0m send_command - DIAG TIMEOUT: cmd=DEL(9644200000000000000000000000000000000000...) timeout=50ms
[2m2026-03-16T16:19:39.601393Z[0m [33m WARN[0m [2mlogger_core[0m[2m:[0m run_with_timeout - request timed out after 50ms
[2m2026-03-16T16:19:39.601400Z[0m [33m WARN[0m [2mlogger_core[0m[2m:[0m send_command - DIAG TIMEOUT: cmd=DEL(6311100000000000000000000000000000000000...) timeout=50ms
[2m2026-03-16T16:19:39.601407Z[0m [33m WARN[0m [2mlogger_core[0m[2m:[0m run_with_timeout - request timed out after 50ms
[2m2026-03-16T16:19:39.601410Z[0m [33m WARN[0m [2mlogger_core[0m[2m:[0m send_command - DIAG TIMEOUT: cmd=DEL(8587000000000000000000000000000000000000...) timeout=50ms
[2m2026-03-16T16:19:39.601418Z[0m [33m WARN[0m [2mlogger_core[0m[2m:[0m run_with_timeout - request timed out after 50ms
[2m2026-03-16T16:19:39.601424Z[0m [33m WARN[0m [2mlogger_core[0m[2m:[0m send_command - DIAG TIMEOUT: cmd=DEL(1460000000000000000000000000000000000000...) timeout=50ms
[2m2026-03-16T16:19:39.606771Z[0m [33m WARN[0m [2mglide_rs::jni_client[0m[2m:[0m DIAG cb=1379460 ERROR_CALLBACK: thread=glide-jni-callback-0 error_code=2 msg=timed out    
[2m2026-03-16T16:19:39.606777Z[0m [33m WARN[0m [2mglide_rs::jni_client[0m[2m:[0m DIAG cb=1379459 ERROR_CALLBACK: thread=glide-jni-callback-1 error_code=2 msg=timed out    
[2026-03-16 16:19:39.608] [SLOW DEL] took 2155ms
[2026-03-16 16:19:39.608] [SLOW DEL] took 2155ms
[2m2026-03-16T16:19:39.609542Z[0m [33m WARN[0m [2mglide_rs::jni_client[0m[2m:[0m DIAG cb=1379461 ERROR_CALLBACK: thread=glide-jni-callback-0 error_code=2 msg=timed out    
[2m2026-03-16T16:19:39.609542Z[0m [33m WARN[0m [2mglide_rs::jni_client[0m[2m:[0m DIAG cb=1379462 ERROR_CALLBACK: thread=glide-jni-callback-1 error_code=2 msg=timed out    
[2m2026-03-16T16:19:39.609588Z[0m [33m WARN[0m [2mglide_rs::jni_client[0m[2m:[0m DIAG cb=1379463 ERROR_CALLBACK: thread=glide-jni-callback-1 error_code=2 msg=timed out    
[2m2026-03-16T16:19:39.609589Z[0m [33m WARN[0m [2mglide_rs::jni_client[0m[2m:[0m DIAG cb=1379464 ERROR_CALLBACK: thread=glide-jni-callback-0 error_code=2 msg=timed out    
[2m2026-03-16T16:19:39.609601Z[0m [33m WARN[0m [2mglide_rs::jni_client[0m[2m:[0m DIAG cb=1379465 ERROR_CALLBACK: thread=glide-jni-callback-1 error_code=2 msg=timed out    
[2m2026-03-16T16:19:39.609608Z[0m [33m WARN[0m [2mglide_rs::jni_client[0m[2m:[0m DIAG cb=1379466 ERROR_CALLBACK: thread=glide-jni-callback-0 error_code=2 msg=timed out    
[2m2026-03-16T16:19:39.609613Z[0m [33m WARN[0m [2mglide_rs::jni_client[0m[2m:[0m DIAG cb=1379467 ERROR_CALLBACK: thread=glide-jni-callback-1 error_code=2 msg=timed out    
[2m2026-03-16T16:19:39.609625Z[0m [33m WARN[0m [2mglide_rs::jni_client[0m[2m:[0m DIAG cb=1379468 ERROR_CALLBACK: thread=glide-jni-callback-1 error_code=2 msg=timed out    
[2m2026-03-16T16:19:39.609628Z[0m [33m WARN[0m [2mglide_rs::jni_client[0m[2m:[0m DIAG cb=1379469 ERROR_CALLBACK: thread=glide-jni-callback-0 error_code=2 msg=timed out    
[2m2026-03-16T16:19:39.609639Z[0m [33m WARN[0m [2mglide_rs::jni_client[0m[2m:[0m DIAG cb=1379470 ERROR_CALLBACK: thread=glide-jni-callback-1 error_code=2 msg=timed out    
[2m2026-03-16T16:19:39.609641Z[0m [33m WARN[0m [2mglide_rs::jni_client[0m[2m:[0m DIAG cb=1379471 ERROR_CALLBACK: thread=glide-jni-callback-0 error_code=2 msg=timed out    
[2m2026-03-16T16:19:39.609654Z[0m [33m WARN[0m [2mglide_rs::jni_client[0m[2m:[0m DIAG cb=1379473 ERROR_CALLBACK: thread=glide-jni-callback-1 error_code=2 msg=timed out    
[2m2026-03-16T16:19:39.609655Z[0m [33m WARN[0m [2mglide_rs::jni_client[0m[2m:[0m DIAG cb=1379472 ERROR_CALLBACK: thread=glide-jni-callback-0 error_code=2 msg=timed out    
[2m2026-03-16T16:19:39.609673Z[0m [33m WARN[0m [2mglide_rs::jni_client[0m[2m:[0m DIAG cb=1379475 ERROR_CALLBACK: thread=glide-jni-callback-0 error_code=2 msg=timed out    
[2026-03-16 16:19:39.609] [SLOW DEL] took 2156ms
[2026-03-16 16:19:39.609] [SLOW DEL] took 2154ms
[2026-03-16 16:19:39.609] [SLOW DEL] took 2154ms
[2026-03-16 16:19:39.609] [SLOW DEL] took 2155ms
[2026-03-16 16:19:39.609] [SLOW DEL] took 2155ms
[2026-03-16 16:19:39.609] [SLOW DEL] took 2155ms
[2026-03-16 16:19:39.609] [SLOW DEL] took 2155ms
[2026-03-16 16:19:39.609] [SLOW DEL] took 2156ms
[2026-03-16 16:19:39.609] [SLOW DEL] took 2155ms
[2026-03-16 16:19:39.609] [SLOW DEL] took 2155ms
[2026-03-16 16:19:39.609] [SLOW DEL] took 2154ms
[2026-03-16 16:19:39.609] [SLOW DEL] took 2154ms
[2026-03-16 16:19:39.609] [SLOW DEL] took 2155ms
[2026-03-16 16:19:39.609] [SLOW DEL] took 2155ms
[2m2026-03-16T16:19:39.700057Z[0m [33m WARN[0m [2mlogger_core[0m[2m:[0m run_with_timeout - request timed out after 50ms
[2m2026-03-16T16:19:39.701121Z[0m [33m WARN[0m [2mlogger_core[0m[2m:[0m send_command - DIAG TIMEOUT: cmd=DEL(7948300000000000000000000000000000000000...) timeout=50ms
[2m2026-03-16T16:19:39.703564Z[0m [33m WARN[0m [2mglide_rs::jni_client[0m[2m:[0m DIAG cb=1379521 ERROR_CALLBACK: thread=glide-jni-callback-1 error_code=2 msg=timed out    
[2026-03-16 16:19:39.703] [SLOW DEL] took 2200ms
[2m2026-03-16T16:19:39.710774Z[0m [33m WARN[0m [2mlogger_core[0m[2m:[0m run_with_timeout - request timed out after 50ms
[2m2026-03-16T16:19:39.710793Z[0m [33m WARN[0m [2mlogger_core[0m[2m:[0m send_command - DIAG TIMEOUT: cmd=DEL(3722800000000000000000000000000000000000...) timeout=50ms
[2m2026-03-16T16:19:39.711537Z[0m [33m WARN[0m [2mglide_rs::jni_client[0m[2m:[0m DIAG cb=1379476 ERROR_CALLBACK: thread=glide-jni-callback-0 error_code=2 msg=timed out    
[2026-03-16 16:19:39.711] [SLOW DEL] took 2256ms
[2m2026-03-16T16:19:39.712402Z[0m [33m WARN[0m [2mlogger_core[0m[2m:[0m run_with_timeout - request timed out after 50ms
[2m2026-03-16T16:19:39.712410Z[0m [33m WARN[0m [2mlogger_core[0m[2m:[0m send_command - DIAG TIMEOUT: cmd=DEL(8803700000000000000000000000000000000000...) timeout=50ms
[2m2026-03-16T16:19:39.712431Z[0m [33m WARN[0m [2mglide_rs::jni_client[0m[2m:[0m DIAG cb=1379477 ERROR_CALLBACK: thread=glide-jni-callback-1 error_code=2 msg=timed out    
[2m2026-03-16T16:19:39.712447Z[0m [33m WARN[0m [2mlogger_core[0m[2m:[0m run_with_timeout - request timed out after 50ms
[2m2026-03-16T16:19:39.712451Z[0m [33m WARN[0m [2mlogger_core[0m[2m:[0m send_command - DIAG TIMEOUT: cmd=DEL(6533100000000000000000000000000000000000...) timeout=50ms
[2m2026-03-16T16:19:39.712464Z[0m [33m WARN[0m [2mglide_rs::jni_client[0m[2m:[0m DIAG cb=1379478 ERROR_CALLBACK: thread=glide-jni-callback-0 error_code=2 msg=timed out    
[2m2026-03-16T16:19:39.712484Z[0m [33m WARN[0m [2mlogger_core[0m[2m:[0m run_with_timeout - request timed out after 50ms
[2m2026-03-16T16:19:39.712487Z[0m [33m WARN[0m [2mlogger_core[0m[2m:[0m send_command - DIAG TIMEOUT: cmd=DEL(5984200000000000000000000000000000000000...) timeout=50ms
[2m2026-03-16T16:19:39.712511Z[0m [33m WARN[0m [2mglide_rs::jni_client[0m[2m:[0m DIAG cb=1379479 ERROR_CALLBACK: thread=glide-jni-callback-1 error_code=2 msg=timed out    
[2m2026-03-16T16:19:39.712538Z[0m [33m WARN[0m [2mlogger_core[0m[2m:[0m run_with_timeout - request timed out after 50ms
[2m2026-03-16T16:19:39.712542Z[0m [33m WARN[0m [2mlogger_core[0m[2m:[0m send_command - DIAG TIMEOUT: cmd=DEL(6891500000000000000000000000000000000000...) timeout=50ms
[2m2026-03-16T16:19:39.712561Z[0m [33m WARN[0m [2mglide_rs::jni_client[0m[2m:[0m DIAG cb=1379480 ERROR_CALLBACK: thread=glide-jni-callback-0 error_code=2 msg=timed out    
[2m2026-03-16T16:19:39.712578Z[0m [33m WARN[0m [2mlogger_core[0m[2m:[0m run_with_timeout - request timed out after 50ms
[2m2026-03-16T16:19:39.712582Z[0m [33m WARN[0m [2mlogger_core[0m[2m:[0m send_command - DIAG TIMEOUT: cmd=DEL(2509500000000000000000000000000000000000...) timeout=50ms
[2m2026-03-16T16:19:39.712612Z[0m [33m WARN[0m [2mglide_rs::jni_client[0m[2m:[0m DIAG cb=1379482 ERROR_CALLBACK: thread=glide-jni-callback-1 error_code=2 msg=timed out    
[2m2026-03-16T16:19:39.712617Z[0m [33m WARN[0m [2mlogger_core[0m[2m:[0m run_with_timeout - request timed out after 50ms
[2m2026-03-16T16:19:39.712621Z[0m [33m WARN[0m [2mlogger_core[0m[2m:[0m send_command - DIAG TIMEOUT: cmd=DEL(1971100000000000000000000000000000000000...) timeout=50ms
[2m2026-03-16T16:19:39.712632Z[0m [33m WARN[0m [2mglide_rs::jni_client[0m[2m:[0m DIAG cb=1379483 ERROR_CALLBACK: thread=glide-jni-callback-0 error_code=2 msg=timed out    
[2m2026-03-16T16:19:39.712654Z[0m [33m WARN[0m [2mlogger_core[0m[2m:[0m run_with_timeout - request timed out after 50ms
[2m2026-03-16T16:19:39.712657Z[0m [33m WARN[0m [2mlogger_core[0m[2m:[0m send_command - DIAG TIMEOUT: cmd=DEL(3146900000000000000000000000000000000000...) timeout=50ms
[2m2026-03-16T16:19:39.712668Z[0m [33m WARN[0m [2mglide_rs::jni_client[0m[2m:[0m DIAG cb=1379484 ERROR_CALLBACK: thread=glide-jni-callback-1 error_code=2 msg=timed out    
[2026-03-16 16:19:39.712] [SLOW DEL] took 2256ms
[2m2026-03-16T16:19:39.712689Z[0m [33m WARN[0m [2mlogger_core[0m[2m:[0m run_with_timeout - request timed out after 50ms
[2m2026-03-16T16:19:39.712692Z[0m [33m WARN[0m [2mlogger_core[0m[2m:[0m send_command - DIAG TIMEOUT: cmd=DEL(9363000000000000000000000000000000000000...) timeout=50ms
[2m2026-03-16T16:19:39.712702Z[0m [33m WARN[0m [2mglide_rs::jni_client[0m[2m:[0m DIAG cb=1379486 ERROR_CALLBACK: thread=glide-jni-callback-0 error_code=2 msg=timed out    
[2m2026-03-16T16:19:39.712723Z[0m [33m WARN[0m [2mlogger_core[0m[2m:[0m run_with_timeout - request timed out after 50ms
[2m2026-03-16T16:19:39.712726Z[0m [33m WARN[0m [2mlogger_core[0m[2m:[0m send_command - DIAG TIMEOUT: cmd=DEL(8001200000000000000000000000000000000000...) timeout=50ms
[2m2026-03-16T16:19:39.712737Z[0m [33m WARN[0m [2mglide_rs::jni_client[0m[2m:[0m DIAG cb=1379487 ERROR_CALLBACK: thread=glide-jni-callback-1 error_code=2 msg=timed out    
[2026-03-16 16:19:39.712] [SLOW DEL] took 2257ms
[2m2026-03-16T16:19:39.712757Z[0m [33m WARN[0m [2mlogger_core[0m[2m:[0m run_with_timeout - request timed out after 50ms
[2m2026-03-16T16:19:39.712762Z[0m [33m WARN[0m [2mlogger_core[0m[2m:[0m send_command - DIAG TIMEOUT: cmd=DEL(9914500000000000000000000000000000000000...) timeout=50ms
[2026-03-16 16:19:39.712] [SLOW DEL] took 2256ms
[2m2026-03-16T16:19:39.712798Z[0m [33m WARN[0m [2mlogger_core[0m[2m:[0m run_with_timeout - request timed out after 50ms
[2m2026-03-16T16:19:39.712801Z[0m [33m WARN[0m [2mlogger_core[0m[2m:[0m send_command - DIAG TIMEOUT: cmd=DEL(8837400000000000000000000000000000000000...) timeout=50ms
[2m2026-03-16T16:19:39.712812Z[0m [33m WARN[0m [2mglide_rs::jni_client[0m[2m:[0m DIAG cb=1379489 ERROR_CALLBACK: thread=glide-jni-callback-1 error_code=2 msg=timed out    
[2m2026-03-16T16:19:39.712828Z[0m [33m WARN[0m [2mglide_rs::jni_client[0m[2m:[0m DIAG cb=1379488 ERROR_CALLBACK: thread=glide-jni-callback-0 error_code=2 msg=timed out    
[2026-03-16 16:19:39.712] [SLOW DEL] took 2255ms
[2m2026-03-16T16:19:39.712838Z[0m [33m WARN[0m [2mlogger_core[0m[2m:[0m run_with_timeout - request timed out after 50ms
[2m2026-03-16T16:19:39.712841Z[0m [33m WARN[0m [2mlogger_core[0m[2m:[0m send_command - DIAG TIMEOUT: cmd=DEL(8080600000000000000000000000000000000000...) timeout=50ms
[2m2026-03-16T16:19:39.712851Z[0m [33m WARN[0m [2mglide_rs::jni_client[0m[2m:[0m DIAG cb=1379490 ERROR_CALLBACK: thread=glide-jni-callback-1 error_code=2 msg=timed out    
[2m2026-03-16T16:19:39.712885Z[0m [33m WARN[0m [2mlogger_core[0m[2m:[0m run_with_timeout - request timed out after 50ms
[2m2026-03-16T16:19:39.712889Z[0m [33m WARN[0m [2mlogger_core[0m[2m:[0m send_command - DIAG TIMEOUT: cmd=DEL(9260200000000000000000000000000000000000...) timeout=50ms
[2026-03-16 16:19:39.712] [SLOW DEL] took 2255ms
[2m2026-03-16T16:19:39.712911Z[0m [33m WARN[0m [2mglide_rs::jni_client[0m[2m:[0m DIAG cb=1379491 ERROR_CALLBACK: thread=glide-jni-callback-0 error_code=2 msg=timed out    
[2026-03-16 16:19:39.712] [SLOW DEL] took 2255ms
[2m2026-03-16T16:19:39.712932Z[0m [33m WARN[0m [2mlogger_core[0m[2m:[0m run_with_timeout - request timed out after 50ms
[2m2026-03-16T16:19:39.712936Z[0m [33m WARN[0m [2mlogger_core[0m[2m:[0m send_command - DIAG TIMEOUT: cmd=DEL(7803600000000000000000000000000000000000...) timeout=50ms
[2m2026-03-16T16:19:39.712947Z[0m [33m WARN[0m [2mglide_rs::jni_client[0m[2m:[0m DIAG cb=1379492 ERROR_CALLBACK: thread=glide-jni-callback-1 error_code=2 msg=timed out    
[2m2026-03-16T16:19:39.712967Z[0m [33m WARN[0m [2mlogger_core[0m[2m:[0m run_with_timeout - request timed out after 50ms
[2m2026-03-16T16:19:39.712970Z[0m [33m WARN[0m [2mlogger_core[0m[2m:[0m send_command - DIAG TIMEOUT: cmd=DEL(7033000000000000000000000000000000000000...) timeout=50ms
[2026-03-16 16:19:39.712] [SLOW DEL] took 2255ms
[2m2026-03-16T16:19:39.712981Z[0m [33m WARN[0m [2mglide_rs::jni_client[0m[2m:[0m DIAG cb=1379493 ERROR_CALLBACK: thread=glide-jni-callback-0 error_code=2 msg=timed out    
[2m2026-03-16T16:19:39.713000Z[0m [33m WARN[0m [2mlogger_core[0m[2m:[0m run_with_timeout - request timed out after 50ms
[2m2026-03-16T16:19:39.713002Z[0m [33m WARN[0m [2mlogger_core[0m[2m:[0m send_command - DIAG TIMEOUT: cmd=DEL(2896000000000000000000000000000000000000...) timeout=50ms
[2m2026-03-16T16:19:39.713017Z[0m [33m WARN[0m [2mglide_rs::jni_client[0m[2m:[0m DIAG cb=1379494 ERROR_CALLBACK: thread=glide-jni-callback-1 error_code=2 msg=timed out    
[2m2026-03-16T16:19:39.713032Z[0m [33m WARN[0m [2mlogger_core[0m[2m:[0m run_with_timeout - request timed out after 50ms
[2m2026-03-16T16:19:39.713035Z[0m [33m WARN[0m [2mlogger_core[0m[2m:[0m send_command - DIAG TIMEOUT: cmd=DEL(9825300000000000000000000000000000000000...) timeout=50ms
[2m2026-03-16T16:19:39.713065Z[0m [33m WARN[0m [2mlogger_core[0m[2m:[0m run_with_timeout - request timed out after 50ms
[2m2026-03-16T16:19:39.713069Z[0m [33m WARN[0m [2mlogger_core[0m[2m:[0m send_command - DIAG TIMEOUT: cmd=DEL(3177400000000000000000000000000000000000...) timeout=50ms
[2m2026-03-16T16:19:39.713076Z[0m [33m WARN[0m [2mglide_rs::jni_client[0m[2m:[0m DIAG cb=1379495 ERROR_CALLBACK: thread=glide-jni-callback-0 error_code=2 msg=timed out    
[2m2026-03-16T16:19:39.713081Z[0m [33m WARN[0m [2mglide_rs::jni_client[0m[2m:[0m DIAG cb=1379496 ERROR_CALLBACK: thread=glide-jni-callback-1 error_code=2 msg=timed out    
[2m2026-03-16T16:19:39.713097Z[0m [33m WARN[0m [2mlogger_core[0m[2m:[0m run_with_timeout - request timed out after 50ms
[2m2026-03-16T16:19:39.713100Z[0m [33m WARN[0m [2mlogger_core[0m[2m:[0m send_command - DIAG TIMEOUT: cmd=DEL(5233900000000000000000000000000000000000...) timeout=50ms
[2m2026-03-16T16:19:39.713112Z[0m [33m WARN[0m [2mglide_rs::jni_client[0m[2m:[0m DIAG cb=1379497 ERROR_CALLBACK: thread=glide-jni-callback-0 error_code=2 msg=timed out    
[2026-03-16 16:19:39.712] [SLOW DEL] took 2255ms
[2026-03-16 16:19:39.713] [SLOW DEL] took 2256ms
[2m2026-03-16T16:19:39.713133Z[0m [33m WARN[0m [2mlogger_core[0m[2m:[0m run_with_timeout - request timed out after 50ms
[2m2026-03-16T16:19:39.713137Z[0m [33m WARN[0m [2mlogger_core[0m[2m:[0m send_command - DIAG TIMEOUT: cmd=DEL(9846200000000000000000000000000000000000...) timeout=50ms
[2m2026-03-16T16:19:39.713159Z[0m [33m WARN[0m [2mglide_rs::jni_client[0m[2m:[0m DIAG cb=1379498 ERROR_CALLBACK: thread=glide-jni-callback-1 error_code=2 msg=timed out    
[2026-03-16 16:19:39.713] [SLOW DEL] took 2256ms
[2m2026-03-16T16:19:39.713176Z[0m [33m WARN[0m [2mlogger_core[0m[2m:[0m run_with_timeout - request timed out after 50ms
[2m2026-03-16T16:19:39.713180Z[0m [33m WARN[0m [2mlogger_core[0m[2m:[0m send_command - DIAG TIMEOUT: cmd=DEL(5460200000000000000000000000000000000000...) timeout=50ms
[2m2026-03-16T16:19:39.713209Z[0m [33m WARN[0m [2mglide_rs::jni_client[0m[2m:[0m DIAG cb=1379499 ERROR_CALLBACK: thread=glide-jni-callback-0 error_code=2 msg=timed out    
[2026-03-16 16:19:39.713] [SLOW DEL] took 2256ms
[2m2026-03-16T16:19:39.713221Z[0m [33m WARN[0m [2mlogger_core[0m[2m:[0m run_with_timeout - request timed out after 50ms
[2m2026-03-16T16:19:39.713278Z[0m [33m WARN[0m [2mlogger_core[0m[2m:[0m send_command - DIAG TIMEOUT: cmd=DEL(7480300000000000000000000000000000000000...) timeout=50ms
[2m2026-03-16T16:19:39.713305Z[0m [33m WARN[0m [2mglide_rs::jni_client[0m[2m:[0m DIAG cb=1379500 ERROR_CALLBACK: thread=glide-jni-callback-1 error_code=2 msg=timed out    
[2026-03-16 16:19:39.712] [SLOW DEL] took 2256ms
[2m2026-03-16T16:19:39.713343Z[0m [33m WARN[0m [2mlogger_core[0m[2m:[0m run_with_timeout - request timed out after 50ms
[2m2026-03-16T16:19:39.713348Z[0m [33m WARN[0m [2mlogger_core[0m[2m:[0m send_command - DIAG TIMEOUT: cmd=DEL(8714400000000000000000000000000000000000...) timeout=50ms
[2m2026-03-16T16:19:39.713368Z[0m [33m WARN[0m [2mglide_rs::jni_client[0m[2m:[0m DIAG cb=1379501 ERROR_CALLBACK: thread=glide-jni-callback-0 error_code=2 msg=timed out    
[2m2026-03-16T16:19:39.713386Z[0m [33m WARN[0m [2mlogger_core[0m[2m:[0m run_with_timeout - request timed out after 50ms
[2m2026-03-16T16:19:39.713389Z[0m [33m WARN[0m [2mlogger_core[0m[2m:[0m send_command - DIAG TIMEOUT: cmd=DEL(9871000000000000000000000000000000000000...) timeout=50ms
[2026-03-16 16:19:39.713] [SLOW DEL] took 2254ms
[2m2026-03-16T16:19:39.713406Z[0m [33m WARN[0m [2mglide_rs::jni_client[0m[2m:[0m DIAG cb=1379502 ERROR_CALLBACK: thread=glide-jni-callback-1 error_code=2 msg=timed out    
[2026-03-16 16:19:39.713] [SLOW DEL] took 2254ms
[2m2026-03-16T16:19:39.713429Z[0m [33m WARN[0m [2mlogger_core[0m[2m:[0m run_with_timeout - request timed out after 50ms
[2m2026-03-16T16:19:39.713434Z[0m [33m WARN[0m [2mlogger_core[0m[2m:[0m send_command - DIAG TIMEOUT: cmd=DEL(8323700000000000000000000000000000000000...) timeout=50ms
[2m2026-03-16T16:19:39.713474Z[0m [33m WARN[0m [2mlogger_core[0m[2m:[0m run_with_timeout - request timed out after 50ms
[2m2026-03-16T16:19:39.713473Z[0m [33m WARN[0m [2mglide_rs::jni_client[0m[2m:[0m DIAG cb=1379503 ERROR_CALLBACK: thread=glide-jni-callback-0 error_code=2 msg=timed out    
[2m2026-03-16T16:19:39.713478Z[0m [33m WARN[0m [2mlogger_core[0m[2m:[0m send_command - DIAG TIMEOUT: cmd=DEL(5427900000000000000000000000000000000000...) timeout=50ms
[2m2026-03-16T16:19:39.713493Z[0m [33m WARN[0m [2mglide_rs::jni_client[0m[2m:[0m DIAG cb=1379504 ERROR_CALLBACK: thread=glide-jni-callback-1 error_code=2 msg=timed out    
[2m2026-03-16T16:19:39.713532Z[0m [33m WARN[0m [2mlogger_core[0m[2m:[0m run_with_timeout - request timed out after 50ms
[2m2026-03-16T16:19:39.713535Z[0m [33m WARN[0m [2mlogger_core[0m[2m:[0m send_command - DIAG TIMEOUT: cmd=DEL(1766400000000000000000000000000000000000...) timeout=50ms
[2m2026-03-16T16:19:39.713549Z[0m [33m WARN[0m [2mglide_rs::jni_client[0m[2m:[0m DIAG cb=1379505 ERROR_CALLBACK: thread=glide-jni-callback-0 error_code=2 msg=timed out    
[2026-03-16 16:19:39.713] [SLOW DEL] took 2254ms
[2m2026-03-16T16:19:39.713565Z[0m [33m WARN[0m [2mlogger_core[0m[2m:[0m run_with_timeout - request timed out after 50ms
[2m2026-03-16T16:19:39.713571Z[0m [33m WARN[0m [2mlogger_core[0m[2m:[0m send_command - DIAG TIMEOUT: cmd=DEL(2305900000000000000000000000000000000000...) timeout=50ms
[2026-03-16 16:19:39.713] [SLOW DEL] took 2255ms
[2m2026-03-16T16:19:39.713585Z[0m [33m WARN[0m [2mglide_rs::jni_client[0m[2m:[0m DIAG cb=1379506 ERROR_CALLBACK: thread=glide-jni-callback-1 error_code=2 msg=timed out    
[2m2026-03-16T16:19:39.713602Z[0m [33m WARN[0m [2mlogger_core[0m[2m:[0m run_with_timeout - request timed out after 50ms
[2m2026-03-16T16:19:39.713608Z[0m [33m WARN[0m [2mlogger_core[0m[2m:[0m send_command - DIAG TIMEOUT: cmd=DEL(3746300000000000000000000000000000000000...) timeout=50ms
[2026-03-16 16:19:39.713] [SLOW DEL] took 2255ms
[2m2026-03-16T16:19:39.713658Z[0m [33m WARN[0m [2mglide_rs::jni_client[0m[2m:[0m DIAG cb=1379507 ERROR_CALLBACK: thread=glide-jni-callback-0 error_code=2 msg=timed out    
[2026-03-16 16:19:39.713] [SLOW DEL] took 2254ms
[2026-03-16 16:19:39.713] [SLOW DEL] took 2256ms
[2026-03-16 16:19:39.713] [SLOW DEL] took 2252ms
[2026-03-16 16:19:39.712] [SLOW DEL] took 2255ms
[2026-03-16 16:19:39.712] [SLOW DEL] took 2255ms
[2026-03-16 16:19:39.712] [SLOW DEL] took 2255ms
[2026-03-16 16:19:39.712] [SLOW DEL] took 2255ms
[2026-03-16 16:19:39.713] [SLOW DEL] took 2254ms
[2026-03-16 16:19:39.713] [SLOW DEL] took 2254ms
[2m2026-03-16T16:19:39.714273Z[0m [33m WARN[0m [2mlogger_core[0m[2m:[0m run_with_timeout - request timed out after 50ms
[2m2026-03-16T16:19:39.714282Z[0m [33m WARN[0m [2mlogger_core[0m[2m:[0m send_command - DIAG TIMEOUT: cmd=DEL(7329100000000000000000000000000000000000...) timeout=50ms
[2026-03-16 16:19:39.713] [SLOW DEL] took 2254ms
[2m2026-03-16T16:19:39.714307Z[0m [33m WARN[0m [2mglide_rs::jni_client[0m[2m:[0m DIAG cb=1379508 ERROR_CALLBACK: thread=glide-jni-callback-1 error_code=2 msg=timed out    
[2m2026-03-16T16:19:39.714331Z[0m [33m WARN[0m [2mlogger_core[0m[2m:[0m run_with_timeout - request timed out after 50ms
[2m2026-03-16T16:19:39.714335Z[0m [33m WARN[0m [2mlogger_core[0m[2m:[0m send_command - DIAG TIMEOUT: cmd=DEL(1138400000000000000000000000000000000000...) timeout=50ms
[2026-03-16 16:19:39.713] [SLOW DEL] took 2254ms
[2m2026-03-16T16:19:39.714351Z[0m [33m WARN[0m [2mglide_rs::jni_client[0m[2m:[0m DIAG cb=1379509 ERROR_CALLBACK: thread=glide-jni-callback-0 error_code=2 msg=timed out    
[2m2026-03-16T16:19:39.714366Z[0m [33m WARN[0m [2mlogger_core[0m[2m:[0m run_with_timeout - request timed out after 50ms
[2m2026-03-16T16:19:39.714368Z[0m [33m WARN[0m [2mlogger_core[0m[2m:[0m send_command - DIAG TIMEOUT: cmd=DEL(9318300000000000000000000000000000000000...) timeout=50ms
[2m2026-03-16T16:19:39.714384Z[0m [33m WARN[0m [2mglide_rs::jni_client[0m[2m:[0m DIAG cb=1379510 ERROR_CALLBACK: thread=glide-jni-callback-1 error_code=2 msg=timed out    
[2m2026-03-16T16:19:39.714399Z[0m [33m WARN[0m [2mlogger_core[0m[2m:[0m run_with_timeout - request timed out after 50ms
[2m2026-03-16T16:19:39.714405Z[0m [33m WARN[0m [2mlogger_core[0m[2m:[0m send_command - DIAG TIMEOUT: cmd=DEL(8615700000000000000000000000000000000000...) timeout=50ms
[2m2026-03-16T16:19:39.714414Z[0m [33m WARN[0m [2mglide_rs::jni_client[0m[2m:[0m DIAG cb=1379511 ERROR_CALLBACK: thread=glide-jni-callback-1 error_code=2 msg=timed out    
[2026-03-16 16:19:39.713] [SLOW DEL] took 2254ms
[2m2026-03-16T16:19:39.714435Z[0m [33m WARN[0m [2mlogger_core[0m[2m:[0m run_with_timeout - request timed out after 50ms
[2m2026-03-16T16:19:39.714438Z[0m [33m WARN[0m [2mlogger_core[0m[2m:[0m send_command - DIAG TIMEOUT: cmd=DEL(9729700000000000000000000000000000000000...) timeout=50ms
[2m2026-03-16T16:19:39.714449Z[0m [33m WARN[0m [2mglide_rs::jni_client[0m[2m:[0m DIAG cb=1379512 ERROR_CALLBACK: thread=glide-jni-callback-0 error_code=2 msg=timed out    
[2m2026-03-16T16:19:39.714467Z[0m [33m WARN[0m [2mlogger_core[0m[2m:[0m run_with_timeout - request timed out after 50ms
[2m2026-03-16T16:19:39.714470Z[0m [33m WARN[0m [2mlogger_core[0m[2m:[0m send_command - DIAG TIMEOUT: cmd=DEL(8406200000000000000000000000000000000000...) timeout=50ms
[2m2026-03-16T16:19:39.714481Z[0m [33m WARN[0m [2mglide_rs::jni_client[0m[2m:[0m DIAG cb=1379514 ERROR_CALLBACK: thread=glide-jni-callback-1 error_code=2 msg=timed out    
[2026-03-16 16:19:39.714] [SLOW DEL] took 2253ms
[2m2026-03-16T16:19:39.714543Z[0m [33m WARN[0m [2mlogger_core[0m[2m:[0m run_with_timeout - request timed out after 50ms
[2m2026-03-16T16:19:39.714549Z[0m [33m WARN[0m [2mlogger_core[0m[2m:[0m send_command - DIAG TIMEOUT: cmd=DEL(2134900000000000000000000000000000000000...) timeout=50ms
[2m2026-03-16T16:19:39.714565Z[0m [33m WARN[0m [2mglide_rs::jni_client[0m[2m:[0m DIAG cb=1379515 ERROR_CALLBACK: thread=glide-jni-callback-0 error_code=2 msg=timed out    
[2026-03-16 16:19:39.714] [SLOW DEL] took 2253ms
[2026-03-16 16:19:39.714] [SLOW DEL] took 2253ms
[2026-03-16 16:19:39.714] [SLOW DEL] took 2253ms
[2026-03-16 16:19:39.714] [SLOW DEL] took 2250ms
[2026-03-16 16:19:39.714] [SLOW DEL] took 2211ms
[2026-03-16 16:19:39.714] [SLOW DEL] took 2211ms
[2m2026-03-16T16:19:39.715363Z[0m [33m WARN[0m [2mlogger_core[0m[2m:[0m run_with_timeout - request timed out after 50ms
[2m2026-03-16T16:19:39.715369Z[0m [33m WARN[0m [2mlogger_core[0m[2m:[0m send_command - DIAG TIMEOUT: cmd=DEL(7286000000000000000000000000000000000000...) timeout=50ms
[2m2026-03-16T16:19:39.715383Z[0m [33m WARN[0m [2mglide_rs::jni_client[0m[2m:[0m DIAG cb=1379516 ERROR_CALLBACK: thread=glide-jni-callback-0 error_code=2 msg=timed out    
[2m2026-03-16T16:19:39.715401Z[0m [33m WARN[0m [2mlogger_core[0m[2m:[0m run_with_timeout - request timed out after 50ms
[2m2026-03-16T16:19:39.715404Z[0m [33m WARN[0m [2mlogger_core[0m[2m:[0m send_command - DIAG TIMEOUT: cmd=DEL(9808900000000000000000000000000000000000...) timeout=50ms
[2m2026-03-16T16:19:39.715413Z[0m [33m WARN[0m [2mglide_rs::jni_client[0m[2m:[0m DIAG cb=1379517 ERROR_CALLBACK: thread=glide-jni-callback-0 error_code=2 msg=timed out    
[2m2026-03-16T16:19:39.715434Z[0m [33m WARN[0m [2mlogger_core[0m[2m:[0m run_with_timeout - request timed out after 50ms
[2m2026-03-16T16:19:39.715466Z[0m [33m WARN[0m [2mlogger_core[0m[2m:[0m send_command - DIAG TIMEOUT: cmd=DEL(8517600000000000000000000000000000000000...) timeout=50ms
[2m2026-03-16T16:19:39.715475Z[0m [33m WARN[0m [2mglide_rs::jni_client[0m[2m:[0m DIAG cb=1379518 ERROR_CALLBACK: thread=glide-jni-callback-0 error_code=2 msg=timed out    
[2026-03-16 16:19:39.715] [SLOW DEL] took 2212ms
[2026-03-16 16:19:39.715] [SLOW DEL] took 2212ms
[2026-03-16 16:19:39.715] [SLOW DEL] took 2212ms
[2026-03-16 16:19:39.716] [SLOW DEL] took 2213ms
[2m2026-03-16T16:19:39.719983Z[0m [33m WARN[0m [2mredis::aio::multiplexed_connection[0m[2m:[0m DIAG send_recv: pipeline channel send took 36231ms (backpressure from slow TCP)
[2m2026-03-16T16:19:39.720006Z[0m [33m WARN[0m [2mredis::aio::multiplexed_connection[0m[2m:[0m DIAG send_recv: pipeline channel send took 36232ms (backpressure from slow TCP)
[2m2026-03-16T16:19:39.720009Z[0m [33m WARN[0m [2mredis::aio::multiplexed_connection[0m[2m:[0m DIAG send_recv: pipeline channel send took 36231ms (backpressure from slow TCP)
[2m2026-03-16T16:19:39.720012Z[0m [33m WARN[0m [2mredis::aio::multiplexed_connection[0m[2m:[0m DIAG send_recv: pipeline channel send took 36231ms (backpressure from slow TCP)
[2m2026-03-16T16:19:39.720014Z[0m [33m WARN[0m [2mredis::aio::multiplexed_connection[0m[2m:[0m DIAG send_recv: pipeline channel send took 36231ms (backpressure from slow TCP)
[2m2026-03-16T16:19:39.720017Z[0m [33m WARN[0m [2mredis::aio::multiplexed_connection[0m[2m:[0m DIAG send_recv: pipeline channel send took 36231ms (backpressure from slow TCP)
[2m2026-03-16T16:19:39.720020Z[0m [33m WARN[0m [2mredis::aio::multiplexed_connection[0m[2m:[0m DIAG send_recv: pipeline channel send took 36231ms (backpressure from slow TCP)
[2m2026-03-16T16:19:39.720024Z[0m [33m WARN[0m [2mredis::aio::multiplexed_connection[0m[2m:[0m DIAG send_recv: pipeline channel send took 36231ms (backpressure from slow TCP)
[2m2026-03-16T16:19:39.720027Z[0m [33m WARN[0m [2mredis::aio::multiplexed_connection[0m[2m:[0m DIAG send_recv: pipeline channel send took 36231ms (backpressure from slow TCP)
[2m2026-03-16T16:19:39.720030Z[0m [33m WARN[0m [2mredis::aio::multiplexed_connection[0m[2m:[0m DIAG send_recv: pipeline channel send took 36230ms (backpressure from slow TCP)
[2m2026-03-16T16:19:39.720033Z[0m [33m WARN[0m [2mredis::aio::multiplexed_connection[0m[2m:[0m DIAG send_recv: pipeline channel send took 36228ms (backpressure from slow TCP)
[2m2026-03-16T16:19:39.720036Z[0m [33m WARN[0m [2mredis::aio::multiplexed_connection[0m[2m:[0m DIAG send_recv: pipeline channel send took 36228ms (backpressure from slow TCP)
[2m2026-03-16T16:19:39.720039Z[0m [33m WARN[0m [2mredis::aio::multiplexed_connection[0m[2m:[0m DIAG send_recv: pipeline channel send took 36227ms (backpressure from slow TCP)
[2m2026-03-16T16:19:39.720043Z[0m [33m WARN[0m [2mredis::aio::multiplexed_connection[0m[2m:[0m DIAG send_recv: pipeline channel send took 36227ms (backpressure from slow TCP)
[2m2026-03-16T16:19:39.720046Z[0m [33m WARN[0m [2mredis::aio::multiplexed_connection[0m[2m:[0m DIAG send_recv: pipeline channel send took 36227ms (backpressure from slow TCP)
[2m2026-03-16T16:19:39.720049Z[0m [33m WARN[0m [2mredis::aio::multiplexed_connection[0m[2m:[0m DIAG send_recv: pipeline channel send took 36227ms (backpressure from slow TCP)
[2m2026-03-16T16:19:39.720052Z[0m [33m WARN[0m [2mredis::aio::multiplexed_connection[0m[2m:[0m DIAG send_recv: pipeline channel send took 36227ms (backpressure from slow TCP)
[2m2026-03-16T16:19:39.720055Z[0m [33m WARN[0m [2mredis::aio::multiplexed_connection[0m[2m:[0m DIAG send_recv: pipeline channel send took 36223ms (backpressure from slow TCP)
[2m2026-03-16T16:19:39.720058Z[0m [33m WARN[0m [2mredis::aio::multiplexed_connection[0m[2m:[0m DIAG send_recv: pipeline channel send took 36223ms (backpressure from slow TCP)
[2m2026-03-16T16:19:39.720061Z[0m [33m WARN[0m [2mredis::aio::multiplexed_connection[0m[2m:[0m DIAG send_recv: pipeline channel send took 36222ms (backpressure from slow TCP)
[2m2026-03-16T16:19:39.720064Z[0m [33m WARN[0m [2mredis::aio::multiplexed_connection[0m[2m:[0m DIAG send_recv: pipeline channel send took 36222ms (backpressure from slow TCP)
[2m2026-03-16T16:19:39.720068Z[0m [33m WARN[0m [2mredis::aio::multiplexed_connection[0m[2m:[0m DIAG send_recv: pipeline channel send took 36222ms (backpressure from slow TCP)
[2m2026-03-16T16:19:39.720071Z[0m [33m WARN[0m [2mredis::aio::multiplexed_connection[0m[2m:[0m DIAG send_recv: pipeline channel send took 36222ms (backpressure from slow TCP)
[2m2026-03-16T16:19:39.720074Z[0m [33m WARN[0m [2mredis::aio::multiplexed_connection[0m[2m:[0m DIAG send_recv: pipeline channel send took 36222ms (backpressure from slow TCP)
[2m2026-03-16T16:19:39.720077Z[0m [33m WARN[0m [2mredis::aio::multiplexed_connection[0m[2m:[0m DIAG send_recv: pipeline channel send took 36222ms (backpressure from slow TCP)
[2m2026-03-16T16:19:39.720080Z[0m [33m WARN[0m [2mredis::aio::multiplexed_connection[0m[2m:[0m DIAG send_recv: pipeline channel send took 36222ms (backpressure from slow TCP)
[2m2026-03-16T16:19:39.720083Z[0m [33m WARN[0m [2mredis::aio::multiplexed_connection[0m[2m:[0m DIAG send_recv: pipeline channel send took 36221ms (backpressure from slow TCP)
[2m2026-03-16T16:19:39.720086Z[0m [33m WARN[0m [2mredis::aio::multiplexed_connection[0m[2m:[0m DIAG send_recv: pipeline channel send took 36221ms (backpressure from slow TCP)
[2m2026-03-16T16:19:39.720089Z[0m [33m WARN[0m [2mredis::aio::multiplexed_connection[0m[2m:[0m DIAG send_recv: pipeline channel send took 36221ms (backpressure from slow TCP)
[2m2026-03-16T16:19:39.720092Z[0m [33m WARN[0m [2mredis::aio::multiplexed_connection[0m[2m:[0m DIAG send_recv: pipeline channel send took 36221ms (backpressure from slow TCP)
[2m2026-03-16T16:19:39.720096Z[0m [33m WARN[0m [2mredis::aio::multiplexed_connection[0m[2m:[0m DIAG send_recv: pipeline channel send took 36221ms (backpressure from slow TCP)
[2m2026-03-16T16:19:39.720099Z[0m [33m WARN[0m [2mredis::aio::multiplexed_connection[0m[2m:[0m DIAG send_recv: pipeline channel send took 36215ms (backpressure from slow TCP)
[2m2026-03-16T16:19:39.720102Z[0m [33m WARN[0m [2mredis::aio::multiplexed_connection[0m[2m:[0m DIAG send_recv: pipeline channel send took 36215ms (backpressure from slow TCP)
[2m2026-03-16T16:19:39.720105Z[0m [33m WARN[0m [2mredis::aio::multiplexed_connection[0m[2m:[0m DIAG send_recv: pipeline channel send took 36215ms (backpressure from slow TCP)
[2m2026-03-16T16:19:39.720108Z[0m [33m WARN[0m [2mredis::aio::multiplexed_connection[0m[2m:[0m DIAG send_recv: pipeline channel send took 36215ms (backpressure from slow TCP)
[2m2026-03-16T16:19:39.720111Z[0m [33m WARN[0m [2mredis::aio::multiplexed_connection[0m[2m:[0m DIAG send_recv: pipeline channel send took 36214ms (backpressure from slow TCP)
[2m2026-03-16T16:19:39.720114Z[0m [33m WARN[0m [2mredis::aio::multiplexed_connection[0m[2m:[0m DIAG send_recv: pipeline channel send took 36214ms (backpressure from slow TCP)
[2m2026-03-16T16:19:39.720117Z[0m [33m WARN[0m [2mredis::aio::multiplexed_connection[0m[2m:[0m DIAG send_recv: pipeline channel send took 36214ms (backpressure from slow TCP)
[2m2026-03-16T16:19:39.720121Z[0m [33m WARN[0m [2mredis::aio::multiplexed_connection[0m[2m:[0m DIAG send_recv: pipeline channel send took 36214ms (backpressure from slow TCP)
[2m2026-03-16T16:19:39.720123Z[0m [33m WARN[0m [2mredis::aio::multiplexed_connection[0m[2m:[0m DIAG send_recv: pipeline channel send took 36214ms (backpressure from slow TCP)
[2m2026-03-16T16:19:39.720130Z[0m [33m WARN[0m [2mredis::aio::multiplexed_connection[0m[2m:[0m DIAG send_recv: pipeline channel send took 36214ms (backpressure from slow TCP)
[2m2026-03-16T16:19:39.720133Z[0m [33m WARN[0m [2mredis::aio::multiplexed_connection[0m[2m:[0m DIAG send_recv: pipeline channel send took 36214ms (backpressure from slow TCP)
[2m2026-03-16T16:19:39.720136Z[0m [33m WARN[0m [2mredis::aio::multiplexed_connection[0m[2m:[0m DIAG send_recv: pipeline channel send took 36214ms (backpressure from slow TCP)
[2m2026-03-16T16:19:39.720139Z[0m [33m WARN[0m [2mredis::aio::multiplexed_connection[0m[2m:[0m DIAG send_recv: pipeline channel send took 36213ms (backpressure from slow TCP)
[2m2026-03-16T16:19:39.720142Z[0m [33m WARN[0m [2mredis::aio::multiplexed_connection[0m[2m:[0m DIAG send_recv: pipeline channel send took 36213ms (backpressure from slow TCP)
[2m2026-03-16T16:19:39.720145Z[0m [33m WARN[0m [2mredis::aio::multiplexed_connection[0m[2m:[0m DIAG send_recv: pipeline channel send took 36213ms (backpressure from slow TCP)
[2m2026-03-16T16:19:39.720147Z[0m [33m WARN[0m [2mredis::aio::multiplexed_connection[0m[2m:[0m DIAG send_recv: pipeline channel send took 36213ms (backpressure from slow TCP)
[2m2026-03-16T16:19:39.720150Z[0m [33m WARN[0m [2mredis::aio::multiplexed_connection[0m[2m:[0m DIAG send_recv: pipeline channel send took 36213ms (backpressure from slow TCP)
[2m2026-03-16T16:19:39.720153Z[0m [33m WARN[0m [2mredis::aio::multiplexed_connection[0m[2m:[0m DIAG send_recv: pipeline channel send took 36211ms (backpressure from slow TCP)
[2m2026-03-16T16:19:39.720155Z[0m [33m WARN[0m [2mredis::aio::multiplexed_connection[0m[2m:[0m DIAG send_recv: pipeline channel send took 36210ms (backpressure from slow TCP)
[2m2026-03-16T16:19:39.721181Z[0m [33m WARN[0m [2mredis::cluster_async[0m[2m:[0m DIAG try_cmd_request: node=shohame-global-data-store-iad-0003-001.shohame-global-data-store-iad.ime4qh.use1.cache.amazonaws.com:6379 elapsed=36736ms ok=true
[2m2026-03-16T16:19:39.724573Z[0m [33m WARN[0m [2mredis::cluster_async[0m[2m:[0m DIAG try_cmd_request: node=shohame-global-data-store-iad-0003-001.shohame-global-data-store-iad.ime4qh.use1.cache.amazonaws.com:6379 elapsed=36739ms ok=true
[2m2026-03-16T16:19:39.724587Z[0m [33m WARN[0m [2mredis::cluster_async[0m[2m:[0m DIAG try_cmd_request: node=shohame-global-data-store-iad-0003-001.shohame-global-data-store-iad.ime4qh.use1.cache.amazonaws.com:6379 elapsed=36734ms ok=true
[2m2026-03-16T16:19:39.724593Z[0m [33m WARN[0m [2mredis::cluster_async[0m[2m:[0m DIAG try_cmd_request: node=shohame-global-data-store-iad-0003-001.shohame-global-data-store-iad.ime4qh.use1.cache.amazonaws.com:6379 elapsed=36734ms ok=true
[2m2026-03-16T16:19:39.724600Z[0m [33m WARN[0m [2mredis::cluster_async[0m[2m:[0m DIAG try_cmd_request: node=shohame-global-data-store-iad-0003-001.shohame-global-data-store-iad.ime4qh.use1.cache.amazonaws.com:6379 elapsed=36732ms ok=true
[2m2026-03-16T16:19:39.724607Z[0m [33m WARN[0m [2mredis::cluster_async[0m[2m:[0m DIAG try_cmd_request: node=shohame-global-data-store-iad-0003-001.shohame-global-data-store-iad.ime4qh.use1.cache.amazonaws.com:6379 elapsed=36732ms ok=true
[2m2026-03-16T16:19:39.724615Z[0m [33m WARN[0m [2mredis::cluster_async[0m[2m:[0m DIAG try_cmd_request: node=shohame-global-data-store-iad-0003-001.shohame-global-data-store-iad.ime4qh.use1.cache.amazonaws.com:6379 elapsed=36731ms ok=true
[2m2026-03-16T16:19:39.724621Z[0m [33m WARN[0m [2mredis::cluster_async[0m[2m:[0m DIAG try_cmd_request: node=shohame-global-data-store-iad-0003-001.shohame-global-data-store-iad.ime4qh.use1.cache.amazonaws.com:6379 elapsed=36731ms ok=true
[2m2026-03-16T16:19:39.724627Z[0m [33m WARN[0m [2mredis::cluster_async[0m[2m:[0m DIAG try_cmd_request: node=shohame-global-data-store-iad-0003-001.shohame-global-data-store-iad.ime4qh.use1.cache.amazonaws.com:6379 elapsed=36731ms ok=true
[2m2026-03-16T16:19:39.724632Z[0m [33m WARN[0m [2mredis::cluster_async[0m[2m:[0m DIAG try_cmd_request: node=shohame-global-data-store-iad-0003-001.shohame-global-data-store-iad.ime4qh.use1.cache.amazonaws.com:6379 elapsed=36731ms ok=true
[2m2026-03-16T16:19:39.724638Z[0m [33m WARN[0m [2mredis::cluster_async[0m[2m:[0m DIAG try_cmd_request: node=shohame-global-data-store-iad-0003-001.shohame-global-data-store-iad.ime4qh.use1.cache.amazonaws.com:6379 elapsed=36731ms ok=true
[2m2026-03-16T16:19:39.724643Z[0m [33m WARN[0m [2mredis::cluster_async[0m[2m:[0m DIAG try_cmd_request: node=shohame-global-data-store-iad-0003-001.shohame-global-data-store-iad.ime4qh.use1.cache.amazonaws.com:6379 elapsed=36731ms ok=true
[2m2026-03-16T16:19:39.724648Z[0m [33m WARN[0m [2mredis::cluster_async[0m[2m:[0m DIAG try_cmd_request: node=shohame-global-data-store-iad-0003-001.shohame-global-data-store-iad.ime4qh.use1.cache.amazonaws.com:6379 elapsed=36731ms ok=true
[2m2026-03-16T16:19:39.724654Z[0m [33m WARN[0m [2mredis::cluster_async[0m[2m:[0m DIAG try_cmd_request: node=shohame-global-data-store-iad-0003-001.shohame-global-data-store-iad.ime4qh.use1.cache.amazonaws.com:6379 elapsed=36731ms ok=true
[2m2026-03-16T16:19:39.724661Z[0m [33m WARN[0m [2mredis::cluster_async[0m[2m:[0m DIAG try_cmd_request: node=shohame-global-data-store-iad-0003-001.shohame-global-data-store-iad.ime4qh.use1.cache.amazonaws.com:6379 elapsed=36731ms ok=true
[2m2026-03-16T16:19:39.724666Z[0m [33m WARN[0m [2mredis::cluster_async[0m[2m:[0m DIAG try_cmd_request: node=shohame-global-data-store-iad-0003-001.shohame-global-data-store-iad.ime4qh.use1.cache.amazonaws.com:6379 elapsed=36731ms ok=true
[2m2026-03-16T16:19:39.724676Z[0m [33m WARN[0m [2mredis::cluster_async[0m[2m:[0m DIAG try_cmd_request: node=shohame-global-data-store-iad-0003-001.shohame-global-data-store-iad.ime4qh.use1.cache.amazonaws.com:6379 elapsed=36728ms ok=true
[2m2026-03-16T16:19:39.724684Z[0m [33m WARN[0m [2mredis::cluster_async[0m[2m:[0m DIAG try_cmd_request: node=shohame-global-data-store-iad-0003-001.shohame-global-data-store-iad.ime4qh.use1.cache.amazonaws.com:6379 elapsed=36728ms ok=true
[2m2026-03-16T16:19:39.724692Z[0m [33m WARN[0m [2mredis::cluster_async[0m[2m:[0m DIAG try_cmd_request: node=shohame-global-data-store-iad-0003-001.shohame-global-data-store-iad.ime4qh.use1.cache.amazonaws.com:6379 elapsed=36725ms ok=true
[2m2026-03-16T16:19:39.724698Z[0m [33m WARN[0m [2mredis::cluster_async[0m[2m:[0m DIAG try_cmd_request: node=shohame-global-data-store-iad-0003-001.shohame-global-data-store-iad.ime4qh.use1.cache.amazonaws.com:6379 elapsed=36724ms ok=true
[2m2026-03-16T16:19:39.724706Z[0m [33m WARN[0m [2mredis::cluster_async[0m[2m:[0m DIAG try_cmd_request: node=shohame-global-data-store-iad-0003-001.shohame-global-data-store-iad.ime4qh.use1.cache.amazonaws.com:6379 elapsed=36724ms ok=true
[2m2026-03-16T16:19:39.724711Z[0m [33m WARN[0m [2mredis::cluster_async[0m[2m:[0m DIAG try_cmd_request: node=shohame-global-data-store-iad-0003-001.shohame-global-data-store-iad.ime4qh.use1.cache.amazonaws.com:6379 elapsed=36724ms ok=true
[2m2026-03-16T16:19:39.724716Z[0m [33m WARN[0m [2mredis::cluster_async[0m[2m:[0m DIAG try_cmd_request: node=shohame-global-data-store-iad-0003-001.shohame-global-data-store-iad.ime4qh.use1.cache.amazonaws.com:6379 elapsed=36724ms ok=true
[2m2026-03-16T16:19:39.724722Z[0m [33m WARN[0m [2mredis::cluster_async[0m[2m:[0m DIAG try_cmd_request: node=shohame-global-data-store-iad-0003-001.shohame-global-data-store-iad.ime4qh.use1.cache.amazonaws.com:6379 elapsed=36724ms ok=true
[2m2026-03-16T16:19:39.724727Z[0m [33m WARN[0m [2mredis::cluster_async[0m[2m:[0m DIAG try_cmd_request: node=shohame-global-data-store-iad-0003-001.shohame-global-data-store-iad.ime4qh.use1.cache.amazonaws.com:6379 elapsed=36724ms ok=true
[2m2026-03-16T16:19:39.724731Z[0m [33m WARN[0m [2mredis::cluster_async[0m[2m:[0m DIAG try_cmd_request: node=shohame-global-data-store-iad-0003-001.shohame-global-data-store-iad.ime4qh.use1.cache.amazonaws.com:6379 elapsed=36724ms ok=true
[2m2026-03-16T16:19:39.724737Z[0m [33m WARN[0m [2mredis::cluster_async[0m[2m:[0m DIAG try_cmd_request: node=shohame-global-data-store-iad-0003-001.shohame-global-data-store-iad.ime4qh.use1.cache.amazonaws.com:6379 elapsed=36724ms ok=true
[2m2026-03-16T16:19:39.724741Z[0m [33m WARN[0m [2mredis::cluster_async[0m[2m:[0m DIAG try_cmd_request: node=shohame-global-data-store-iad-0003-001.shohame-global-data-store-iad.ime4qh.use1.cache.amazonaws.com:6379 elapsed=36724ms ok=true
[2m2026-03-16T16:19:39.724746Z[0m [33m WARN[0m [2mredis::cluster_async[0m[2m:[0m DIAG try_cmd_request: node=shohame-global-data-store-iad-0003-001.shohame-global-data-store-iad.ime4qh.use1.cache.amazonaws.com:6379 elapsed=36724ms ok=true
[2m2026-03-16T16:19:39.724750Z[0m [33m WARN[0m [2mredis::cluster_async[0m[2m:[0m DIAG try_cmd_request: node=shohame-global-data-store-iad-0003-001.shohame-global-data-store-iad.ime4qh.use1.cache.amazonaws.com:6379 elapsed=36724ms ok=true
[2m2026-03-16T16:19:39.724756Z[0m [33m WARN[0m [2mredis::cluster_async[0m[2m:[0m DIAG try_cmd_request: node=shohame-global-data-store-iad-0003-001.shohame-global-data-store-iad.ime4qh.use1.cache.amazonaws.com:6379 elapsed=36724ms ok=true
[2m2026-03-16T16:19:39.724764Z[0m [33m WARN[0m [2mredis::cluster_async[0m[2m:[0m DIAG try_cmd_request: node=shohame-global-data-store-iad-0003-001.shohame-global-data-store-iad.ime4qh.use1.cache.amazonaws.com:6379 elapsed=36699ms ok=true
[2m2026-03-16T16:19:39.724773Z[0m [33m WARN[0m [2mredis::cluster_async[0m[2m:[0m DIAG try_cmd_request: node=shohame-global-data-store-iad-0003-001.shohame-global-data-store-iad.ime4qh.use1.cache.amazonaws.com:6379 elapsed=36698ms ok=true
[2m2026-03-16T16:19:39.724781Z[0m [33m WARN[0m [2mredis::cluster_async[0m[2m:[0m DIAG try_cmd_request: node=shohame-global-data-store-iad-0003-001.shohame-global-data-store-iad.ime4qh.use1.cache.amazonaws.com:6379 elapsed=36698ms ok=true
[2m2026-03-16T16:19:39.724785Z[0m [33m WARN[0m [2mredis::cluster_async[0m[2m:[0m DIAG try_cmd_request: node=shohame-global-data-store-iad-0003-001.shohame-global-data-store-iad.ime4qh.use1.cache.amazonaws.com:6379 elapsed=36698ms ok=true
[2m2026-03-16T16:19:39.724789Z[0m [33m WARN[0m [2mredis::cluster_async[0m[2m:[0m DIAG try_cmd_request: node=shohame-global-data-store-iad-0003-001.shohame-global-data-store-iad.ime4qh.use1.cache.amazonaws.com:6379 elapsed=36698ms ok=true
[2m2026-03-16T16:19:39.731459Z[0m [33m WARN[0m [2mredis::cluster_async[0m[2m:[0m DIAG poll_complete: pending_queue=42 in_flight=294992 shed=0 new=42 done=36 cancelled=23 retry=0 refresh=0 reconnect=0
[2m2026-03-16T16:19:39.846019Z[0m [33m WARN[0m [2mlogger_core[0m[2m:[0m run_with_timeout - request timed out after 50ms
[2m2026-03-16T16:19:39.848845Z[0m [33m WARN[0m [2mlogger_core[0m[2m:[0m send_command - DIAG TIMEOUT: cmd=DEL(8189500000000000000000000000000000000000...) timeout=50ms
[2m2026-03-16T16:19:39.861133Z[0m [33m WARN[0m [2mglide_rs::jni_client[0m[2m:[0m DIAG cb=1379519 ERROR_CALLBACK: thread=glide-jni-callback-0 error_code=2 msg=timed out    
[2026-03-16 16:19:39.870] [SLOW DEL] took 2367ms
[2m2026-03-16T16:19:39.873851Z[0m [33m WARN[0m [2mlogger_core[0m[2m:[0m run_with_timeout - request timed out after 50ms
[2m2026-03-16T16:19:39.878074Z[0m [33m WARN[0m [2mlogger_core[0m[2m:[0m send_command - DIAG TIMEOUT: cmd=DEL(3616200000000000000000000000000000000000...) timeout=50ms
[2m2026-03-16T16:19:39.888144Z[0m [33m WARN[0m [2mglide_rs::jni_client[0m[2m:[0m DIAG cb=1379520 ERROR_CALLBACK: thread=glide-jni-callback-1 error_code=2 msg=timed out    
[2026-03-16 16:19:39.891] [SLOW DEL] took 2388ms
[2m2026-03-16T16:19:39.898814Z[0m [33m WARN[0m [2mredis::cluster_async[0m[2m:[0m DIAG start_send: pending_requests lock took 873us (contention!)
[2m2026-03-16T16:19:39.911659Z[0m [33m WARN[0m [2mredis::cluster_async[0m[2m:[0m DIAG try_cmd_request: node=shohame-global-data-store-iad-0001-001.shohame-global-data-store-iad.ime4qh.use1.cache.amazonaws.com:6379 elapsed=544ms ok=true
[2m2026-03-16T16:19:39.917478Z[0m [33m WARN[0m [2mredis::cluster_async[0m[2m:[0m DIAG try_cmd_request: node=shohame-global-data-store-iad-0002-001.shohame-global-data-store-iad.ime4qh.use1.cache.amazonaws.com:6379 elapsed=105397ms ok=true
[2m2026-03-16T16:19:39.917517Z[0m [33m WARN[0m [2mredis::cluster_async[0m[2m:[0m DIAG try_cmd_request: node=shohame-global-data-store-iad-0002-001.shohame-global-data-store-iad.ime4qh.use1.cache.amazonaws.com:6379 elapsed=105396ms ok=true
[2m2026-03-16T16:19:39.917525Z[0m [33m WARN[0m [2mredis::cluster_async[0m[2m:[0m DIAG try_cmd_request: node=shohame-global-data-store-iad-0002-001.shohame-global-data-store-iad.ime4qh.use1.cache.amazonaws.com:6379 elapsed=105395ms ok=true
[2m2026-03-16T16:19:39.917531Z[0m [33m WARN[0m [2mredis::cluster_async[0m[2m:[0m DIAG try_cmd_request: node=shohame-global-data-store-iad-0002-001.shohame-global-data-store-iad.ime4qh.use1.cache.amazonaws.com:6379 elapsed=105395ms ok=true
[2m2026-03-16T16:19:39.917537Z[0m [33m WARN[0m [2mredis::cluster_async[0m[2m:[0m DIAG try_cmd_request: node=shohame-global-data-store-iad-0002-001.shohame-global-data-store-iad.ime4qh.use1.cache.amazonaws.com:6379 elapsed=105395ms ok=true
[2m2026-03-16T16:19:39.917542Z[0m [33m WARN[0m [2mredis::cluster_async[0m[2m:[0m DIAG try_cmd_request: node=shohame-global-data-store-iad-0002-001.shohame-global-data-store-iad.ime4qh.use1.cache.amazonaws.com:6379 elapsed=105394ms ok=true
[2m2026-03-16T16:19:39.917548Z[0m [33m WARN[0m [2mredis::cluster_async[0m[2m:[0m DIAG try_cmd_request: node=shohame-global-data-store-iad-0002-001.shohame-global-data-store-iad.ime4qh.use1.cache.amazonaws.com:6379 elapsed=105393ms ok=true
[2m2026-03-16T16:19:39.917554Z[0m [33m WARN[0m [2mredis::cluster_async[0m[2m:[0m DIAG try_cmd_request: node=shohame-global-data-store-iad-0002-001.shohame-global-data-store-iad.ime4qh.use1.cache.amazonaws.com:6379 elapsed=105393ms ok=true
[2m2026-03-16T16:19:39.917559Z[0m [33m WARN[0m [2mredis::cluster_async[0m[2m:[0m DIAG try_cmd_request: node=shohame-global-data-store-iad-0002-001.shohame-global-data-store-iad.ime4qh.use1.cache.amazonaws.com:6379 elapsed=105392ms ok=true
[2m2026-03-16T16:19:39.917568Z[0m [33m WARN[0m [2mredis::cluster_async[0m[2m:[0m DIAG try_cmd_request: node=shohame-global-data-store-iad-0002-001.shohame-global-data-store-iad.ime4qh.use1.cache.amazonaws.com:6379 elapsed=105392ms ok=true
[2m2026-03-16T16:19:39.917572Z[0m [33m WARN[0m [2mredis::cluster_async[0m[2m:[0m DIAG try_cmd_request: node=shohame-global-data-store-iad-0002-001.shohame-global-data-store-iad.ime4qh.use1.cache.amazonaws.com:6379 elapsed=105388ms ok=true
[2m2026-03-16T16:19:39.917577Z[0m [33m WARN[0m [2mredis::cluster_async[0m[2m:[0m DIAG try_cmd_request: node=shohame-global-data-store-iad-0002-001.shohame-global-data-store-iad.ime4qh.use1.cache.amazonaws.com:6379 elapsed=105384ms ok=true
[2m2026-03-16T16:19:39.917581Z[0m [33m WARN[0m [2mredis::cluster_async[0m[2m:[0m DIAG try_cmd_request: node=shohame-global-data-store-iad-0002-001.shohame-global-data-store-iad.ime4qh.use1.cache.amazonaws.com:6379 elapsed=105381ms ok=true
[2m2026-03-16T16:19:39.917587Z[0m [33m WARN[0m [2mredis::cluster_async[0m[2m:[0m DIAG try_cmd_request: node=shohame-global-data-store-iad-0002-001.shohame-global-data-store-iad.ime4qh.use1.cache.amazonaws.com:6379 elapsed=105381ms ok=true
[2m2026-03-16T16:19:39.917596Z[0m [33m WARN[0m [2mredis::cluster_async[0m[2m:[0m DIAG try_cmd_request: node=shohame-global-data-store-iad-0002-001.shohame-global-data-store-iad.ime4qh.use1.cache.amazonaws.com:6379 elapsed=105380ms ok=true
[2m2026-03-16T16:19:39.917604Z[0m [33m WARN[0m [2mredis::cluster_async[0m[2m:[0m DIAG try_cmd_request: node=shohame-global-data-store-iad-0002-001.shohame-global-data-store-iad.ime4qh.use1.cache.amazonaws.com:6379 elapsed=105380ms ok=true
[2m2026-03-16T16:19:39.917611Z[0m [33m WARN[0m [2mredis::cluster_async[0m[2m:[0m DIAG try_cmd_request: node=shohame-global-data-store-iad-0002-001.shohame-global-data-store-iad.ime4qh.use1.cache.amazonaws.com:6379 elapsed=105380ms ok=true
[2m2026-03-16T16:19:39.917620Z[0m [33m WARN[0m [2mredis::cluster_async[0m[2m:[0m DIAG try_cmd_request: node=shohame-global-data-store-iad-0002-001.shohame-global-data-store-iad.ime4qh.use1.cache.amazonaws.com:6379 elapsed=105380ms ok=true
[2m2026-03-16T16:19:39.917628Z[0m [33m WARN[0m [2mredis::cluster_async[0m[2m:[0m DIAG try_cmd_request: node=shohame-global-data-store-iad-0002-001.shohame-global-data-store-iad.ime4qh.use1.cache.amazonaws.com:6379 elapsed=105361ms ok=true
[2m2026-03-16T16:19:39.917635Z[0m [33m WARN[0m [2mredis::cluster_async[0m[2m:[0m DIAG try_cmd_request: node=shohame-global-data-store-iad-0002-001.shohame-global-data-store-iad.ime4qh.use1.cache.amazonaws.com:6379 elapsed=105360ms ok=true
[2m2026-03-16T16:19:39.917641Z[0m [33m WARN[0m [2mredis::cluster_async[0m[2m:[0m DIAG try_cmd_request: node=shohame-global-data-store-iad-0002-001.shohame-global-data-store-iad.ime4qh.use1.cache.amazonaws.com:6379 elapsed=105360ms ok=true
[2m2026-03-16T16:19:39.917650Z[0m [33m WARN[0m [2mredis::cluster_async[0m[2m:[0m DIAG try_cmd_request: node=shohame-global-data-store-iad-0002-001.shohame-global-data-store-iad.ime4qh.use1.cache.amazonaws.com:6379 elapsed=105359ms ok=true
[2m2026-03-16T16:19:39.917656Z[0m [33m WARN[0m [2mredis::cluster_async[0m[2m:[0m DIAG try_cmd_request: node=shohame-global-data-store-iad-0002-001.shohame-global-data-store-iad.ime4qh.use1.cache.amazonaws.com:6379 elapsed=105359ms ok=true
[2m2026-03-16T16:19:39.917661Z[0m [33m WARN[0m [2mredis::cluster_async[0m[2m:[0m DIAG try_cmd_request: node=shohame-global-data-store-iad-0002-001.shohame-global-data-store-iad.ime4qh.use1.cache.amazonaws.com:6379 elapsed=105359ms ok=true
[2m2026-03-16T16:19:39.917666Z[0m [33m WARN[0m [2mredis::cluster_async[0m[2m:[0m DIAG try_cmd_request: node=shohame-global-data-store-iad-0002-001.shohame-global-data-store-iad.ime4qh.use1.cache.amazonaws.com:6379 elapsed=105361ms ok=true
[2m2026-03-16T16:19:39.917672Z[0m [33m WARN[0m [2mredis::cluster_async[0m[2m:[0m DIAG try_cmd_request: node=shohame-global-data-store-iad-0002-001.shohame-global-data-store-iad.ime4qh.use1.cache.amazonaws.com:6379 elapsed=105361ms ok=true
[2m2026-03-16T16:19:39.917677Z[0m [33m WARN[0m [2mredis::cluster_async[0m[2m:[0m DIAG try_cmd_request: node=shohame-global-data-store-iad-0002-001.shohame-global-data-store-iad.ime4qh.use1.cache.amazonaws.com:6379 elapsed=105361ms ok=true
[2m2026-03-16T16:19:39.917682Z[0m [33m WARN[0m [2mredis::cluster_async[0m[2m:[0m DIAG try_cmd_request: node=shohame-global-data-store-iad-0002-001.shohame-global-data-store-iad.ime4qh.use1.cache.amazonaws.com:6379 elapsed=105361ms ok=true
[2m2026-03-16T16:19:39.917689Z[0m [33m WARN[0m [2mredis::cluster_async[0m[2m:[0m DIAG try_cmd_request: node=shohame-global-data-store-iad-0002-001.shohame-global-data-store-iad.ime4qh.use1.cache.amazonaws.com:6379 elapsed=105365ms ok=true
[2m2026-03-16T16:19:39.917694Z[0m [33m WARN[0m [2mredis::cluster_async[0m[2m:[0m DIAG try_cmd_request: node=shohame-global-data-store-iad-0002-001.shohame-global-data-store-iad.ime4qh.use1.cache.amazonaws.com:6379 elapsed=105366ms ok=true
[2m2026-03-16T16:19:39.917699Z[0m [33m WARN[0m [2mredis::cluster_async[0m[2m:[0m DIAG try_cmd_request: node=shohame-global-data-store-iad-0002-001.shohame-global-data-store-iad.ime4qh.use1.cache.amazonaws.com:6379 elapsed=105369ms ok=true
[2m2026-03-16T16:19:39.917705Z[0m [33m WARN[0m [2mredis::cluster_async[0m[2m:[0m DIAG try_cmd_request: node=shohame-global-data-store-iad-0002-001.shohame-global-data-store-iad.ime4qh.use1.cache.amazonaws.com:6379 elapsed=105370ms ok=true
[2m2026-03-16T16:19:39.917712Z[0m [33m WARN[0m [2mredis::cluster_async[0m[2m:[0m DIAG try_cmd_request: node=shohame-global-data-store-iad-0002-001.shohame-global-data-store-iad.ime4qh.use1.cache.amazonaws.com:6379 elapsed=105371ms ok=true
[2m2026-03-16T16:19:39.917717Z[0m [33m WARN[0m [2mredis::cluster_async[0m[2m:[0m DIAG try_cmd_request: node=shohame-global-data-store-iad-0002-001.shohame-global-data-store-iad.ime4qh.use1.cache.amazonaws.com:6379 elapsed=105372ms ok=true
[2m2026-03-16T16:19:39.917723Z[0m [33m WARN[0m [2mredis::cluster_async[0m[2m:[0m DIAG try_cmd_request: node=shohame-global-data-store-iad-0002-001.shohame-global-data-store-iad.ime4qh.use1.cache.amazonaws.com:6379 elapsed=105372ms ok=true
[2m2026-03-16T16:19:39.917729Z[0m [33m WARN[0m [2mredis::cluster_async[0m[2m:[0m DIAG try_cmd_request: node=shohame-global-data-store-iad-0002-001.shohame-global-data-store-iad.ime4qh.use1.cache.amazonaws.com:6379 elapsed=105373ms ok=true
[2m2026-03-16T16:19:39.917734Z[0m [33m WARN[0m [2mredis::cluster_async[0m[2m:[0m DIAG try_cmd_request: node=shohame-global-data-store-iad-0002-001.shohame-global-data-store-iad.ime4qh.use1.cache.amazonaws.com:6379 elapsed=105373ms ok=true
[2m2026-03-16T16:19:39.917739Z[0m [33m WARN[0m [2mredis::cluster_async[0m[2m:[0m DIAG try_cmd_request: node=shohame-global-data-store-iad-0002-001.shohame-global-data-store-iad.ime4qh.use1.cache.amazonaws.com:6379 elapsed=105373ms ok=true
[2m2026-03-16T16:19:39.917744Z[0m [33m WARN[0m [2mredis::cluster_async[0m[2m:[0m DIAG try_cmd_request: node=shohame-global-data-store-iad-0002-001.shohame-global-data-store-iad.ime4qh.use1.cache.amazonaws.com:6379 elapsed=105373ms ok=true
[2m2026-03-16T16:19:39.917751Z[0m [33m WARN[0m [2mredis::cluster_async[0m[2m:[0m DIAG try_cmd_request: node=shohame-global-data-store-iad-0002-001.shohame-global-data-store-iad.ime4qh.use1.cache.amazonaws.com:6379 elapsed=105373ms ok=true
[2m2026-03-16T16:19:39.917757Z[0m [33m WARN[0m [2mredis::cluster_async[0m[2m:[0m DIAG try_cmd_request: node=shohame-global-data-store-iad-0002-001.shohame-global-data-store-iad.ime4qh.use1.cache.amazonaws.com:6379 elapsed=105373ms ok=true
[2m2026-03-16T16:19:39.917763Z[0m [33m WARN[0m [2mredis::cluster_async[0m[2m:[0m DIAG try_cmd_request: node=shohame-global-data-store-iad-0002-001.shohame-global-data-store-iad.ime4qh.use1.cache.amazonaws.com:6379 elapsed=105373ms ok=true
[2m2026-03-16T16:19:39.917770Z[0m [33m WARN[0m [2mredis::cluster_async[0m[2m:[0m DIAG try_cmd_request: node=shohame-global-data-store-iad-0002-001.shohame-global-data-store-iad.ime4qh.use1.cache.amazonaws.com:6379 elapsed=105373ms ok=true
[2m2026-03-16T16:19:39.917775Z[0m [33m WARN[0m [2mredis::cluster_async[0m[2m:[0m DIAG try_cmd_request: node=shohame-global-data-store-iad-0002-001.shohame-global-data-store-iad.ime4qh.use1.cache.amazonaws.com:6379 elapsed=105373ms ok=true
[2m2026-03-16T16:19:39.917781Z[0m [33m WARN[0m [2mredis::cluster_async[0m[2m:[0m DIAG try_cmd_request: node=shohame-global-data-store-iad-0002-001.shohame-global-data-store-iad.ime4qh.use1.cache.amazonaws.com:6379 elapsed=105373ms ok=true
[2m2026-03-16T16:19:39.917786Z[0m [33m WARN[0m [2mredis::cluster_async[0m[2m:[0m DIAG try_cmd_request: node=shohame-global-data-store-iad-0002-001.shohame-global-data-store-iad.ime4qh.use1.cache.amazonaws.com:6379 elapsed=105377ms ok=true
[2m2026-03-16T16:19:39.917791Z[0m [33m WARN[0m [2mredis::cluster_async[0m[2m:[0m DIAG try_cmd_request: node=shohame-global-data-store-iad-0002-001.shohame-global-data-store-iad.ime4qh.use1.cache.amazonaws.com:6379 elapsed=105377ms ok=true
[2m2026-03-16T16:19:39.917797Z[0m [33m WARN[0m [2mredis::cluster_async[0m[2m:[0m DIAG try_cmd_request: node=shohame-global-data-store-iad-0002-001.shohame-global-data-store-iad.ime4qh.use1.cache.amazonaws.com:6379 elapsed=105377ms ok=true
[2m2026-03-16T16:19:39.917804Z[0m [33m WARN[0m [2mredis::cluster_async[0m[2m:[0m DIAG try_cmd_request: node=shohame-global-data-store-iad-0002-001.shohame-global-data-store-iad.ime4qh.use1.cache.amazonaws.com:6379 elapsed=105377ms ok=true
[2m2026-03-16T16:19:39.917809Z[0m [33m WARN[0m [2mredis::cluster_async[0m[2m:[0m DIAG try_cmd_request: node=shohame-global-data-store-iad-0002-001.shohame-global-data-store-iad.ime4qh.use1.cache.amazonaws.com:6379 elapsed=105377ms ok=true
[2m2026-03-16T16:19:39.917814Z[0m [33m WARN[0m [2mredis::cluster_async[0m[2m:[0m DIAG try_cmd_request: node=shohame-global-data-store-iad-0002-001.shohame-global-data-store-iad.ime4qh.use1.cache.amazonaws.com:6379 elapsed=105377ms ok=true
[2m2026-03-16T16:19:39.917819Z[0m [33m WARN[0m [2mredis::cluster_async[0m[2m:[0m DIAG try_cmd_request: node=shohame-global-data-store-iad-0002-001.shohame-global-data-store-iad.ime4qh.use1.cache.amazonaws.com:6379 elapsed=105377ms ok=true
[2m2026-03-16T16:19:39.917824Z[0m [33m WARN[0m [2mredis::cluster_async[0m[2m:[0m DIAG try_cmd_request: node=shohame-global-data-store-iad-0002-001.shohame-global-data-store-iad.ime4qh.use1.cache.amazonaws.com:6379 elapsed=105377ms ok=true
[2m2026-03-16T16:19:39.917830Z[0m [33m WARN[0m [2mredis::cluster_async[0m[2m:[0m DIAG try_cmd_request: node=shohame-global-data-store-iad-0002-001.shohame-global-data-store-iad.ime4qh.use1.cache.amazonaws.com:6379 elapsed=105377ms ok=true
[2m2026-03-16T16:19:39.917838Z[0m [33m WARN[0m [2mredis::cluster_async[0m[2m:[0m DIAG try_cmd_request: node=shohame-global-data-store-iad-0002-001.shohame-global-data-store-iad.ime4qh.use1.cache.amazonaws.com:6379 elapsed=105379ms ok=true
[2m2026-03-16T16:19:39.917844Z[0m [33m WARN[0m [2mredis::cluster_async[0m[2m:[0m DIAG try_cmd_request: node=shohame-global-data-store-iad-0002-001.shohame-global-data-store-iad.ime4qh.use1.cache.amazonaws.com:6379 elapsed=105379ms ok=true
[2m2026-03-16T16:19:39.917849Z[0m [33m WARN[0m [2mredis::cluster_async[0m[2m:[0m DIAG try_cmd_request: node=shohame-global-data-store-iad-0002-001.shohame-global-data-store-iad.ime4qh.use1.cache.amazonaws.com:6379 elapsed=105357ms ok=true
[2m2026-03-16T16:19:39.917856Z[0m [33m WARN[0m [2mredis::cluster_async[0m[2m:[0m DIAG try_cmd_request: node=shohame-global-data-store-iad-0002-001.shohame-global-data-store-iad.ime4qh.use1.cache.amazonaws.com:6379 elapsed=105356ms ok=true
[2m2026-03-16T16:19:39.917861Z[0m [33m WARN[0m [2mredis::cluster_async[0m[2m:[0m DIAG try_cmd_request: node=shohame-global-data-store-iad-0002-001.shohame-global-data-store-iad.ime4qh.use1.cache.amazonaws.com:6379 elapsed=105356ms ok=true
[2m2026-03-16T16:19:39.917866Z[0m [33m WARN[0m [2mredis::cluster_async[0m[2m:[0m DIAG try_cmd_request: node=shohame-global-data-store-iad-0002-001.shohame-global-data-store-iad.ime4qh.use1.cache.amazonaws.com:6379 elapsed=105356ms ok=true
[2m2026-03-16T16:19:39.917872Z[0m [33m WARN[0m [2mredis::cluster_async[0m[2m:[0m DIAG try_cmd_request: node=shohame-global-data-store-iad-0002-001.shohame-global-data-store-iad.ime4qh.use1.cache.amazonaws.com:6379 elapsed=105356ms ok=true
[2m2026-03-16T16:19:39.919758Z[0m [33m WARN[0m [2mredis::aio::multiplexed_connection[0m[2m:[0m DIAG send_recv: pipeline channel send took 36409ms (backpressure from slow TCP)
[2m2026-03-16T16:19:39.919775Z[0m [33m WARN[0m [2mredis::aio::multiplexed_connection[0m[2m:[0m DIAG send_recv: pipeline channel send took 36408ms (backpressure from slow TCP)
[2m2026-03-16T16:19:39.919779Z[0m [33m WARN[0m [2mredis::aio::multiplexed_connection[0m[2m:[0m DIAG send_recv: pipeline channel send took 36407ms (backpressure from slow TCP)
[2m2026-03-16T16:19:39.919782Z[0m [33m WARN[0m [2mredis::aio::multiplexed_connection[0m[2m:[0m DIAG send_recv: pipeline channel send took 36406ms (backpressure from slow TCP)
[2m2026-03-16T16:19:39.919785Z[0m [33m WARN[0m [2mredis::aio::multiplexed_connection[0m[2m:[0m DIAG send_recv: pipeline channel send took 36405ms (backpressure from slow TCP)
[2m2026-03-16T16:19:39.919788Z[0m [33m WARN[0m [2mredis::aio::multiplexed_connection[0m[2m:[0m DIAG send_recv: pipeline channel send took 36404ms (backpressure from slow TCP)
[2m2026-03-16T16:19:39.919791Z[0m [33m WARN[0m [2mredis::aio::multiplexed_connection[0m[2m:[0m DIAG send_recv: pipeline channel send took 36404ms (backpressure from slow TCP)
[2m2026-03-16T16:19:39.919794Z[0m [33m WARN[0m [2mredis::aio::multiplexed_connection[0m[2m:[0m DIAG send_recv: pipeline channel send took 36387ms (backpressure from slow TCP)
[2m2026-03-16T16:19:39.919797Z[0m [33m WARN[0m [2mredis::aio::multiplexed_connection[0m[2m:[0m DIAG send_recv: pipeline channel send took 36380ms (backpressure from slow TCP)
[2m2026-03-16T16:19:39.919801Z[0m [33m WARN[0m [2mredis::aio::multiplexed_connection[0m[2m:[0m DIAG send_recv: pipeline channel send took 36380ms (backpressure from slow TCP)
[2m2026-03-16T16:19:39.919809Z[0m [33m WARN[0m [2mredis::aio::multiplexed_connection[0m[2m:[0m DIAG send_recv: pipeline channel send took 36380ms (backpressure from slow TCP)
[2m2026-03-16T16:19:39.919813Z[0m [33m WARN[0m [2mredis::aio::multiplexed_connection[0m[2m:[0m DIAG send_recv: pipeline channel send took 36380ms (backpressure from slow TCP)
[2m2026-03-16T16:19:39.919817Z[0m [33m WARN[0m [2mredis::aio::multiplexed_connection[0m[2m:[0m DIAG send_recv: pipeline channel send took 36379ms (backpressure from slow TCP)
[2m2026-03-16T16:19:39.919820Z[0m [33m WARN[0m [2mredis::aio::multiplexed_connection[0m[2m:[0m DIAG send_recv: pipeline channel send took 36379ms (backpressure from slow TCP)
[2m2026-03-16T16:19:39.919824Z[0m [33m WARN[0m [2mredis::aio::multiplexed_connection[0m[2m:[0m DIAG send_recv: pipeline channel send took 36379ms (backpressure from slow TCP)
[2m2026-03-16T16:19:39.919828Z[0m [33m WARN[0m [2mredis::aio::multiplexed_connection[0m[2m:[0m DIAG send_recv: pipeline channel send took 36379ms (backpressure from slow TCP)
[2m2026-03-16T16:19:39.919833Z[0m [33m WARN[0m [2mredis::aio::multiplexed_connection[0m[2m:[0m DIAG send_recv: pipeline channel send took 36379ms (backpressure from slow TCP)
[2m2026-03-16T16:19:39.919837Z[0m [33m WARN[0m [2mredis::aio::multiplexed_connection[0m[2m:[0m DIAG send_recv: pipeline channel send took 36379ms (backpressure from slow TCP)
[2m2026-03-16T16:19:39.919841Z[0m [33m WARN[0m [2mredis::aio::multiplexed_connection[0m[2m:[0m DIAG send_recv: pipeline channel send took 36379ms (backpressure from slow TCP)
[2m2026-03-16T16:19:39.919846Z[0m [33m WARN[0m [2mredis::aio::multiplexed_connection[0m[2m:[0m DIAG send_recv: pipeline channel send took 36379ms (backpressure from slow TCP)
[2m2026-03-16T16:19:39.919849Z[0m [33m WARN[0m [2mredis::aio::multiplexed_connection[0m[2m:[0m DIAG send_recv: pipeline channel send took 36379ms (backpressure from slow TCP)
[2m2026-03-16T16:19:39.919863Z[0m [33m WARN[0m [2mredis::aio::multiplexed_connection[0m[2m:[0m DIAG send_recv: pipeline channel send took 36379ms (backpressure from slow TCP)
[2m2026-03-16T16:19:39.919867Z[0m [33m WARN[0m [2mredis::aio::multiplexed_connection[0m[2m:[0m DIAG send_recv: pipeline channel send took 36379ms (backpressure from slow TCP)
[2m2026-03-16T16:19:39.919871Z[0m [33m WARN[0m [2mredis::aio::multiplexed_connection[0m[2m:[0m DIAG send_recv: pipeline channel send took 36376ms (backpressure from slow TCP)
[2m2026-03-16T16:19:39.919875Z[0m [33m WARN[0m [2mredis::aio::multiplexed_connection[0m[2m:[0m DIAG send_recv: pipeline channel send took 36376ms (backpressure from slow TCP)
[2m2026-03-16T16:19:39.919879Z[0m [33m WARN[0m [2mredis::aio::multiplexed_connection[0m[2m:[0m DIAG send_recv: pipeline channel send took 36376ms (backpressure from slow TCP)
[2m2026-03-16T16:19:39.919883Z[0m [33m WARN[0m [2mredis::aio::multiplexed_connection[0m[2m:[0m DIAG send_recv: pipeline channel send took 36375ms (backpressure from slow TCP)
[2m2026-03-16T16:19:39.919886Z[0m [33m WARN[0m [2mredis::aio::multiplexed_connection[0m[2m:[0m DIAG send_recv: pipeline channel send took 36372ms (backpressure from slow TCP)
[2m2026-03-16T16:19:39.919890Z[0m [33m WARN[0m [2mredis::aio::multiplexed_connection[0m[2m:[0m DIAG send_recv: pipeline channel send took 36372ms (backpressure from slow TCP)
[2m2026-03-16T16:19:39.919895Z[0m [33m WARN[0m [2mredis::aio::multiplexed_connection[0m[2m:[0m DIAG send_recv: pipeline channel send took 36371ms (backpressure from slow TCP)
[2m2026-03-16T16:19:39.919899Z[0m [33m WARN[0m [2mredis::aio::multiplexed_connection[0m[2m:[0m DIAG send_recv: pipeline channel send took 36371ms (backpressure from slow TCP)
[2m2026-03-16T16:19:39.919903Z[0m [33m WARN[0m [2mredis::aio::multiplexed_connection[0m[2m:[0m DIAG send_recv: pipeline channel send took 36371ms (backpressure from slow TCP)
[2m2026-03-16T16:19:39.919906Z[0m [33m WARN[0m [2mredis::aio::multiplexed_connection[0m[2m:[0m DIAG send_recv: pipeline channel send took 36371ms (backpressure from slow TCP)
[2m2026-03-16T16:19:39.919910Z[0m [33m WARN[0m [2mredis::aio::multiplexed_connection[0m[2m:[0m DIAG send_recv: pipeline channel send took 36371ms (backpressure from slow TCP)
[2m2026-03-16T16:19:39.919914Z[0m [33m WARN[0m [2mredis::aio::multiplexed_connection[0m[2m:[0m DIAG send_recv: pipeline channel send took 36371ms (backpressure from slow TCP)
[2m2026-03-16T16:19:39.919918Z[0m [33m WARN[0m [2mredis::aio::multiplexed_connection[0m[2m:[0m DIAG send_recv: pipeline channel send took 36371ms (backpressure from slow TCP)
[2m2026-03-16T16:19:39.919921Z[0m [33m WARN[0m [2mredis::aio::multiplexed_connection[0m[2m:[0m DIAG send_recv: pipeline channel send took 36371ms (backpressure from slow TCP)
[2m2026-03-16T16:19:39.919926Z[0m [33m WARN[0m [2mredis::aio::multiplexed_connection[0m[2m:[0m DIAG send_recv: pipeline channel send took 36371ms (backpressure from slow TCP)
[2m2026-03-16T16:19:39.919931Z[0m [33m WARN[0m [2mredis::aio::multiplexed_connection[0m[2m:[0m DIAG send_recv: pipeline channel send took 36371ms (backpressure from slow TCP)
[2m2026-03-16T16:19:39.919934Z[0m [33m WARN[0m [2mredis::aio::multiplexed_connection[0m[2m:[0m DIAG send_recv: pipeline channel send took 36371ms (backpressure from slow TCP)
[2m2026-03-16T16:19:39.919937Z[0m [33m WARN[0m [2mredis::aio::multiplexed_connection[0m[2m:[0m DIAG send_recv: pipeline channel send took 36370ms (backpressure from slow TCP)
[2m2026-03-16T16:19:39.919939Z[0m [33m WARN[0m [2mredis::aio::multiplexed_connection[0m[2m:[0m DIAG send_recv: pipeline channel send took 36370ms (backpressure from slow TCP)
[2m2026-03-16T16:19:39.919943Z[0m [33m WARN[0m [2mredis::aio::multiplexed_connection[0m[2m:[0m DIAG send_recv: pipeline channel send took 36370ms (backpressure from slow TCP)
[2m2026-03-16T16:19:39.919945Z[0m [33m WARN[0m [2mredis::aio::multiplexed_connection[0m[2m:[0m DIAG send_recv: pipeline channel send took 36370ms (backpressure from slow TCP)
[2m2026-03-16T16:19:39.919949Z[0m [33m WARN[0m [2mredis::aio::multiplexed_connection[0m[2m:[0m DIAG send_recv: pipeline channel send took 36370ms (backpressure from slow TCP)
[2m2026-03-16T16:19:39.919952Z[0m [33m WARN[0m [2mredis::aio::multiplexed_connection[0m[2m:[0m DIAG send_recv: pipeline channel send took 36370ms (backpressure from slow TCP)
[2m2026-03-16T16:19:39.919955Z[0m [33m WARN[0m [2mredis::aio::multiplexed_connection[0m[2m:[0m DIAG send_recv: pipeline channel send took 36370ms (backpressure from slow TCP)
[2m2026-03-16T16:19:39.919957Z[0m [33m WARN[0m [2mredis::aio::multiplexed_connection[0m[2m:[0m DIAG send_recv: pipeline channel send took 36370ms (backpressure from slow TCP)
[2m2026-03-16T16:19:39.919960Z[0m [33m WARN[0m [2mredis::aio::multiplexed_connection[0m[2m:[0m DIAG send_recv: pipeline channel send took 36370ms (backpressure from slow TCP)
[2m2026-03-16T16:19:39.919963Z[0m [33m WARN[0m [2mredis::aio::multiplexed_connection[0m[2m:[0m DIAG send_recv: pipeline channel send took 36370ms (backpressure from slow TCP)
[2m2026-03-16T16:19:39.919969Z[0m [33m WARN[0m [2mredis::cluster_async[0m[2m:[0m DIAG try_cmd_request: node=shohame-global-data-store-iad-0003-001.shohame-global-data-store-iad.ime4qh.use1.cache.amazonaws.com:6379 elapsed=36478ms ok=true
[2m2026-03-16T16:19:39.919980Z[0m [33m WARN[0m [2mredis::cluster_async[0m[2m:[0m DIAG try_cmd_request: node=shohame-global-data-store-iad-0003-001.shohame-global-data-store-iad.ime4qh.use1.cache.amazonaws.com:6379 elapsed=36478ms ok=true
[2m2026-03-16T16:19:39.919984Z[0m [33m WARN[0m [2mredis::cluster_async[0m[2m:[0m DIAG try_cmd_request: node=shohame-global-data-store-iad-0003-001.shohame-global-data-store-iad.ime4qh.use1.cache.amazonaws.com:6379 elapsed=36478ms ok=true
[2m2026-03-16T16:19:39.919990Z[0m [33m WARN[0m [2mredis::cluster_async[0m[2m:[0m DIAG try_cmd_request: node=shohame-global-data-store-iad-0003-001.shohame-global-data-store-iad.ime4qh.use1.cache.amazonaws.com:6379 elapsed=36475ms ok=true
[2m2026-03-16T16:19:39.919995Z[0m [33m WARN[0m [2mredis::cluster_async[0m[2m:[0m DIAG try_cmd_request: node=shohame-global-data-store-iad-0003-001.shohame-global-data-store-iad.ime4qh.use1.cache.amazonaws.com:6379 elapsed=36475ms ok=true
[2m2026-03-16T16:19:39.920000Z[0m [33m WARN[0m [2mredis::cluster_async[0m[2m:[0m DIAG try_cmd_request: node=shohame-global-data-store-iad-0003-001.shohame-global-data-store-iad.ime4qh.use1.cache.amazonaws.com:6379 elapsed=36474ms ok=true
[2m2026-03-16T16:19:39.920004Z[0m [33m WARN[0m [2mredis::cluster_async[0m[2m:[0m DIAG try_cmd_request: node=shohame-global-data-store-iad-0003-001.shohame-global-data-store-iad.ime4qh.use1.cache.amazonaws.com:6379 elapsed=36474ms ok=true
[2m2026-03-16T16:19:39.920008Z[0m [33m WARN[0m [2mredis::cluster_async[0m[2m:[0m DIAG try_cmd_request: node=shohame-global-data-store-iad-0003-001.shohame-global-data-store-iad.ime4qh.use1.cache.amazonaws.com:6379 elapsed=36474ms ok=true
[2m2026-03-16T16:19:39.936783Z[0m [33m WARN[0m [2mredis::cluster_async[0m[2m:[0m DIAG poll_complete: pending_queue=132 in_flight=295002 shed=0 new=132 done=72 cancelled=50 retry=0 refresh=0 reconnect=0
[2m2026-03-16T16:19:40.027416Z[0m [33m WARN[0m [2mredis::cluster_async[0m[2m:[0m DIAG event_loop: poll_flush=5498 recover(ready=5498,pending=0) complete(ready=0,pending=5498) in_flight=295021 connections=9 pending_queue=4
[2m2026-03-16T16:19:40.076244Z[0m [33m WARN[0m [2mredis::aio::multiplexed_connection[0m[2m:[0m DIAG send_recv: pipeline channel send took 36516ms (backpressure from slow TCP)
[2m2026-03-16T16:19:40.080157Z[0m [33m WARN[0m [2mredis::aio::multiplexed_connection[0m[2m:[0m DIAG send_recv: pipeline channel send took 36523ms (backpressure from slow TCP)
[2m2026-03-16T16:19:40.080168Z[0m [33m WARN[0m [2mredis::aio::multiplexed_connection[0m[2m:[0m DIAG send_recv: pipeline channel send took 36523ms (backpressure from slow TCP)
[2m2026-03-16T16:19:40.080171Z[0m [33m WARN[0m [2mredis::aio::multiplexed_connection[0m[2m:[0m DIAG send_recv: pipeline channel send took 36523ms (backpressure from slow TCP)
[2m2026-03-16T16:19:40.080174Z[0m [33m WARN[0m [2mredis::aio::multiplexed_connection[0m[2m:[0m DIAG send_recv: pipeline channel send took 36522ms (backpressure from slow TCP)
[2m2026-03-16T16:19:40.080177Z[0m [33m WARN[0m [2mredis::aio::multiplexed_connection[0m[2m:[0m DIAG send_recv: pipeline channel send took 36522ms (backpressure from slow TCP)
[2m2026-03-16T16:19:40.080180Z[0m [33m WARN[0m [2mredis::aio::multiplexed_connection[0m[2m:[0m DIAG send_recv: pipeline channel send took 36522ms (backpressure from slow TCP)
[2m2026-03-16T16:19:40.080185Z[0m [33m WARN[0m [2mredis::aio::multiplexed_connection[0m[2m:[0m DIAG send_recv: pipeline channel send took 36522ms (backpressure from slow TCP)
[2m2026-03-16T16:19:40.080189Z[0m [33m WARN[0m [2mredis::aio::multiplexed_connection[0m[2m:[0m DIAG send_recv: pipeline channel send took 36522ms (backpressure from slow TCP)
[2m2026-03-16T16:19:40.080193Z[0m [33m WARN[0m [2mredis::aio::multiplexed_connection[0m[2m:[0m DIAG send_recv: pipeline channel send took 36520ms (backpressure from slow TCP)
[2m2026-03-16T16:19:40.080197Z[0m [33m WARN[0m [2mredis::aio::multiplexed_connection[0m[2m:[0m DIAG send_recv: pipeline channel send took 36520ms (backpressure from slow TCP)
[2m2026-03-16T16:19:40.080200Z[0m [33m WARN[0m [2mredis::aio::multiplexed_connection[0m[2m:[0m DIAG send_recv: pipeline channel send took 36518ms (backpressure from slow TCP)
[2m2026-03-16T16:19:40.080203Z[0m [33m WARN[0m [2mredis::aio::multiplexed_connection[0m[2m:[0m DIAG send_recv: pipeline channel send took 36518ms (backpressure from slow TCP)
[2m2026-03-16T16:19:40.080206Z[0m [33m WARN[0m [2mredis::aio::multiplexed_connection[0m[2m:[0m DIAG send_recv: pipeline channel send took 36518ms (backpressure from slow TCP)
[2m2026-03-16T16:19:40.080209Z[0m [33m WARN[0m [2mredis::aio::multiplexed_connection[0m[2m:[0m DIAG send_recv: pipeline channel send took 36516ms (backpressure from slow TCP)
[2m2026-03-16T16:19:40.080212Z[0m [33m WARN[0m [2mredis::aio::multiplexed_connection[0m[2m:[0m DIAG send_recv: pipeline channel send took 36516ms (backpressure from slow TCP)
[2m2026-03-16T16:19:40.080216Z[0m [33m WARN[0m [2mredis::aio::multiplexed_connection[0m[2m:[0m DIAG send_recv: pipeline channel send took 36516ms (backpressure from slow TCP)
[2m2026-03-16T16:19:40.080218Z[0m [33m WARN[0m [2mredis::aio::multiplexed_connection[0m[2m:[0m DIAG send_recv: pipeline channel send took 36516ms (backpressure from slow TCP)
[2m2026-03-16T16:19:40.080221Z[0m [33m WARN[0m [2mredis::aio::multiplexed_connection[0m[2m:[0m DIAG send_recv: pipeline channel send took 36514ms (backpressure from slow TCP)
[2m2026-03-16T16:19:40.080225Z[0m [33m WARN[0m [2mredis::aio::multiplexed_connection[0m[2m:[0m DIAG send_recv: pipeline channel send took 36514ms (backpressure from slow TCP)
[2m2026-03-16T16:19:40.080242Z[0m [33m WARN[0m [2mredis::aio::multiplexed_connection[0m[2m:[0m DIAG send_recv: pipeline channel send took 36513ms (backpressure from slow TCP)
[2m2026-03-16T16:19:40.080245Z[0m [33m WARN[0m [2mredis::aio::multiplexed_connection[0m[2m:[0m DIAG send_recv: pipeline channel send took 36489ms (backpressure from slow TCP)
[2m2026-03-16T16:19:40.080249Z[0m [33m WARN[0m [2mredis::aio::multiplexed_connection[0m[2m:[0m DIAG send_recv: pipeline channel send took 36488ms (backpressure from slow TCP)
[2m2026-03-16T16:19:40.080251Z[0m [33m WARN[0m [2mredis::aio::multiplexed_connection[0m[2m:[0m DIAG send_recv: pipeline channel send took 36488ms (backpressure from slow TCP)
[2m2026-03-16T16:19:40.080262Z[0m [33m WARN[0m [2mredis::aio::multiplexed_connection[0m[2m:[0m DIAG send_recv: pipeline channel send took 36488ms (backpressure from slow TCP)
[2m2026-03-16T16:19:40.080266Z[0m [33m WARN[0m [2mredis::aio::multiplexed_connection[0m[2m:[0m DIAG send_recv: pipeline channel send took 36488ms (backpressure from slow TCP)
[2m2026-03-16T16:19:40.080270Z[0m [33m WARN[0m [2mredis::aio::multiplexed_connection[0m[2m:[0m DIAG send_recv: pipeline channel send took 36488ms (backpressure from slow TCP)
[2m2026-03-16T16:19:40.080274Z[0m [33m WARN[0m [2mredis::aio::multiplexed_connection[0m[2m:[0m DIAG send_recv: pipeline channel send took 36488ms (backpressure from slow TCP)
[2m2026-03-16T16:19:40.080284Z[0m [33m WARN[0m [2mredis::aio::multiplexed_connection[0m[2m:[0m DIAG send_recv: pipeline channel send took 36486ms (backpressure from slow TCP)
[2m2026-03-16T16:19:40.080288Z[0m [33m WARN[0m [2mredis::aio::multiplexed_connection[0m[2m:[0m DIAG send_recv: pipeline channel send took 36486ms (backpressure from slow TCP)
[2m2026-03-16T16:19:40.080291Z[0m [33m WARN[0m [2mredis::aio::multiplexed_connection[0m[2m:[0m DIAG send_recv: pipeline channel send took 36486ms (backpressure from slow TCP)
[2m2026-03-16T16:19:40.080294Z[0m [33m WARN[0m [2mredis::aio::multiplexed_connection[0m[2m:[0m DIAG send_recv: pipeline channel send took 36485ms (backpressure from slow TCP)
[2m2026-03-16T16:19:40.080297Z[0m [33m WARN[0m [2mredis::aio::multiplexed_connection[0m[2m:[0m DIAG send_recv: pipeline channel send took 36485ms (backpressure from slow TCP)
[2m2026-03-16T16:19:40.080300Z[0m [33m WARN[0m [2mredis::aio::multiplexed_connection[0m[2m:[0m DIAG send_recv: pipeline channel send took 36485ms (backpressure from slow TCP)
[2m2026-03-16T16:19:40.080303Z[0m [33m WARN[0m [2mredis::aio::multiplexed_connection[0m[2m:[0m DIAG send_recv: pipeline channel send took 36485ms (backpressure from slow TCP)
[2m2026-03-16T16:19:40.080306Z[0m [33m WARN[0m [2mredis::aio::multiplexed_connection[0m[2m:[0m DIAG send_recv: pipeline channel send took 36481ms (backpressure from slow TCP)
[2m2026-03-16T16:19:40.080310Z[0m [33m WARN[0m [2mredis::aio::multiplexed_connection[0m[2m:[0m DIAG send_recv: pipeline channel send took 36480ms (backpressure from slow TCP)
[2m2026-03-16T16:19:40.080313Z[0m [33m WARN[0m [2mredis::aio::multiplexed_connection[0m[2m:[0m DIAG send_recv: pipeline channel send took 36480ms (backpressure from slow TCP)
[2m2026-03-16T16:19:40.080316Z[0m [33m WARN[0m [2mredis::aio::multiplexed_connection[0m[2m:[0m DIAG send_recv: pipeline channel send took 36480ms (backpressure from slow TCP)
[2m2026-03-16T16:19:40.080319Z[0m [33m WARN[0m [2mredis::aio::multiplexed_connection[0m[2m:[0m DIAG send_recv: pipeline channel send took 36480ms (backpressure from slow TCP)
[2m2026-03-16T16:19:40.080322Z[0m [33m WARN[0m [2mredis::aio::multiplexed_connection[0m[2m:[0m DIAG send_recv: pipeline channel send took 36480ms (backpressure from slow TCP)
[2m2026-03-16T16:19:40.080324Z[0m [33m WARN[0m [2mredis::aio::multiplexed_connection[0m[2m:[0m DIAG send_recv: pipeline channel send took 36480ms (backpressure from slow TCP)
[2m2026-03-16T16:19:40.080327Z[0m [33m WARN[0m [2mredis::aio::multiplexed_connection[0m[2m:[0m DIAG send_recv: pipeline channel send took 36480ms (backpressure from slow TCP)
[2m2026-03-16T16:19:40.080330Z[0m [33m WARN[0m [2mredis::aio::multiplexed_connection[0m[2m:[0m DIAG send_recv: pipeline channel send took 36479ms (backpressure from slow TCP)
[2m2026-03-16T16:19:40.080333Z[0m [33m WARN[0m [2mredis::aio::multiplexed_connection[0m[2m:[0m DIAG send_recv: pipeline channel send took 36479ms (backpressure from slow TCP)
[2m2026-03-16T16:19:40.080336Z[0m [33m WARN[0m [2mredis::aio::multiplexed_connection[0m[2m:[0m DIAG send_recv: pipeline channel send took 36479ms (backpressure from slow TCP)
[2m2026-03-16T16:19:40.080339Z[0m [33m WARN[0m [2mredis::aio::multiplexed_connection[0m[2m:[0m DIAG send_recv: pipeline channel send took 36479ms (backpressure from slow TCP)
[2m2026-03-16T16:19:40.080342Z[0m [33m WARN[0m [2mredis::aio::multiplexed_connection[0m[2m:[0m DIAG send_recv: pipeline channel send took 36479ms (backpressure from slow TCP)
[2m2026-03-16T16:19:40.080346Z[0m [33m WARN[0m [2mredis::aio::multiplexed_connection[0m[2m:[0m DIAG send_recv: pipeline channel send took 36479ms (backpressure from slow TCP)
[2m2026-03-16T16:19:40.080350Z[0m [33m WARN[0m [2mredis::aio::multiplexed_connection[0m[2m:[0m DIAG send_recv: pipeline channel send took 36479ms (backpressure from slow TCP)
[2m2026-03-16T16:19:40.175514Z[0m [33m WARN[0m [2mredis::aio::multiplexed_connection[0m[2m:[0m DIAG send_recv: pipeline channel send took 36571ms (backpressure from slow TCP)
[2m2026-03-16T16:19:40.181543Z[0m [33m WARN[0m [2mredis::aio::multiplexed_connection[0m[2m:[0m DIAG send_recv: pipeline channel send took 36579ms (backpressure from slow TCP)
[2m2026-03-16T16:19:40.181563Z[0m [33m WARN[0m [2mredis::aio::multiplexed_connection[0m[2m:[0m DIAG send_recv: pipeline channel send took 36580ms (backpressure from slow TCP)
[2m2026-03-16T16:19:40.181566Z[0m [33m WARN[0m [2mredis::aio::multiplexed_connection[0m[2m:[0m DIAG send_recv: pipeline channel send took 36575ms (backpressure from slow TCP)
[2m2026-03-16T16:19:40.181569Z[0m [33m WARN[0m [2mredis::aio::multiplexed_connection[0m[2m:[0m DIAG send_recv: pipeline channel send took 36575ms (backpressure from slow TCP)
[2m2026-03-16T16:19:40.181572Z[0m [33m WARN[0m [2mredis::aio::multiplexed_connection[0m[2m:[0m DIAG send_recv: pipeline channel send took 36575ms (backpressure from slow TCP)
[2m2026-03-16T16:19:40.181575Z[0m [33m WARN[0m [2mredis::aio::multiplexed_connection[0m[2m:[0m DIAG send_recv: pipeline channel send took 36573ms (backpressure from slow TCP)
[2m2026-03-16T16:19:40.181579Z[0m [33m WARN[0m [2mredis::aio::multiplexed_connection[0m[2m:[0m DIAG send_recv: pipeline channel send took 36573ms (backpressure from slow TCP)
[2m2026-03-16T16:19:40.181582Z[0m [33m WARN[0m [2mredis::aio::multiplexed_connection[0m[2m:[0m DIAG send_recv: pipeline channel send took 36573ms (backpressure from slow TCP)
[2m2026-03-16T16:19:40.181592Z[0m [33m WARN[0m [2mredis::aio::multiplexed_connection[0m[2m:[0m DIAG send_recv: pipeline channel send took 36573ms (backpressure from slow TCP)
[2m2026-03-16T16:19:40.181595Z[0m [33m WARN[0m [2mredis::aio::multiplexed_connection[0m[2m:[0m DIAG send_recv: pipeline channel send took 36573ms (backpressure from slow TCP)
[2m2026-03-16T16:19:40.181598Z[0m [33m WARN[0m [2mredis::aio::multiplexed_connection[0m[2m:[0m DIAG send_recv: pipeline channel send took 36573ms (backpressure from slow TCP)
[2m2026-03-16T16:19:40.181601Z[0m [33m WARN[0m [2mredis::aio::multiplexed_connection[0m[2m:[0m DIAG send_recv: pipeline channel send took 36573ms (backpressure from slow TCP)
[2m2026-03-16T16:19:40.181604Z[0m [33m WARN[0m [2mredis::aio::multiplexed_connection[0m[2m:[0m DIAG send_recv: pipeline channel send took 36573ms (backpressure from slow TCP)
[2m2026-03-16T16:19:40.181607Z[0m [33m WARN[0m [2mredis::aio::multiplexed_connection[0m[2m:[0m DIAG send_recv: pipeline channel send took 36573ms (backpressure from slow TCP)
[2m2026-03-16T16:19:40.181611Z[0m [33m WARN[0m [2mredis::aio::multiplexed_connection[0m[2m:[0m DIAG send_recv: pipeline channel send took 36573ms (backpressure from slow TCP)
[2m2026-03-16T16:19:40.181613Z[0m [33m WARN[0m [2mredis::aio::multiplexed_connection[0m[2m:[0m DIAG send_recv: pipeline channel send took 36573ms (backpressure from slow TCP)
[2m2026-03-16T16:19:40.181617Z[0m [33m WARN[0m [2mredis::aio::multiplexed_connection[0m[2m:[0m DIAG send_recv: pipeline channel send took 36572ms (backpressure from slow TCP)
[2m2026-03-16T16:19:40.181620Z[0m [33m WARN[0m [2mredis::aio::multiplexed_connection[0m[2m:[0m DIAG send_recv: pipeline channel send took 36572ms (backpressure from slow TCP)
[2m2026-03-16T16:19:40.181622Z[0m [33m WARN[0m [2mredis::aio::multiplexed_connection[0m[2m:[0m DIAG send_recv: pipeline channel send took 36572ms (backpressure from slow TCP)
[2m2026-03-16T16:19:40.181625Z[0m [33m WARN[0m [2mredis::aio::multiplexed_connection[0m[2m:[0m DIAG send_recv: pipeline channel send took 36572ms (backpressure from slow TCP)
[2m2026-03-16T16:19:40.181628Z[0m [33m WARN[0m [2mredis::aio::multiplexed_connection[0m[2m:[0m DIAG send_recv: pipeline channel send took 36570ms (backpressure from slow TCP)
[2m2026-03-16T16:19:40.181631Z[0m [33m WARN[0m [2mredis::aio::multiplexed_connection[0m[2m:[0m DIAG send_recv: pipeline channel send took 36568ms (backpressure from slow TCP)
[2m2026-03-16T16:19:40.181634Z[0m [33m WARN[0m [2mredis::aio::multiplexed_connection[0m[2m:[0m DIAG send_recv: pipeline channel send took 36567ms (backpressure from slow TCP)
[2m2026-03-16T16:19:40.181637Z[0m [33m WARN[0m [2mredis::aio::multiplexed_connection[0m[2m:[0m DIAG send_recv: pipeline channel send took 36567ms (backpressure from slow TCP)
[2m2026-03-16T16:19:40.181640Z[0m [33m WARN[0m [2mredis::aio::multiplexed_connection[0m[2m:[0m DIAG send_recv: pipeline channel send took 36567ms (backpressure from slow TCP)
[2m2026-03-16T16:19:40.181643Z[0m [33m WARN[0m [2mredis::aio::multiplexed_connection[0m[2m:[0m DIAG send_recv: pipeline channel send took 36567ms (backpressure from slow TCP)
[2m2026-03-16T16:19:40.181646Z[0m [33m WARN[0m [2mredis::aio::multiplexed_connection[0m[2m:[0m DIAG send_recv: pipeline channel send took 36565ms (backpressure from slow TCP)
[2m2026-03-16T16:19:40.181648Z[0m [33m WARN[0m [2mredis::aio::multiplexed_connection[0m[2m:[0m DIAG send_recv: pipeline channel send took 36565ms (backpressure from slow TCP)
[2m2026-03-16T16:19:40.181651Z[0m [33m WARN[0m [2mredis::aio::multiplexed_connection[0m[2m:[0m DIAG send_recv: pipeline channel send took 36565ms (backpressure from slow TCP)
[2m2026-03-16T16:19:40.181655Z[0m [33m WARN[0m [2mredis::aio::multiplexed_connection[0m[2m:[0m DIAG send_recv: pipeline channel send took 36565ms (backpressure from slow TCP)
[2m2026-03-16T16:19:40.181657Z[0m [33m WARN[0m [2mredis::aio::multiplexed_connection[0m[2m:[0m DIAG send_recv: pipeline channel send took 36564ms (backpressure from slow TCP)
[2m2026-03-16T16:19:40.181660Z[0m [33m WARN[0m [2mredis::aio::multiplexed_connection[0m[2m:[0m DIAG send_recv: pipeline channel send took 36564ms (backpressure from slow TCP)
[2m2026-03-16T16:19:40.181663Z[0m [33m WARN[0m [2mredis::aio::multiplexed_connection[0m[2m:[0m DIAG send_recv: pipeline channel send took 36540ms (backpressure from slow TCP)
[2m2026-03-16T16:19:40.181666Z[0m [33m WARN[0m [2mredis::aio::multiplexed_connection[0m[2m:[0m DIAG send_recv: pipeline channel send took 36540ms (backpressure from slow TCP)
[2m2026-03-16T16:19:40.181668Z[0m [33m WARN[0m [2mredis::aio::multiplexed_connection[0m[2m:[0m DIAG send_recv: pipeline channel send took 36540ms (backpressure from slow TCP)
[2m2026-03-16T16:19:40.181672Z[0m [33m WARN[0m [2mredis::aio::multiplexed_connection[0m[2m:[0m DIAG send_recv: pipeline channel send took 36539ms (backpressure from slow TCP)
[2m2026-03-16T16:19:40.181675Z[0m [33m WARN[0m [2mredis::aio::multiplexed_connection[0m[2m:[0m DIAG send_recv: pipeline channel send took 36539ms (backpressure from slow TCP)
[2m2026-03-16T16:19:40.181678Z[0m [33m WARN[0m [2mredis::aio::multiplexed_connection[0m[2m:[0m DIAG send_recv: pipeline channel send took 36539ms (backpressure from slow TCP)
[2m2026-03-16T16:19:40.181681Z[0m [33m WARN[0m [2mredis::aio::multiplexed_connection[0m[2m:[0m DIAG send_recv: pipeline channel send took 36538ms (backpressure from slow TCP)
[2m2026-03-16T16:19:40.181684Z[0m [33m WARN[0m [2mredis::aio::multiplexed_connection[0m[2m:[0m DIAG send_recv: pipeline channel send took 36538ms (backpressure from slow TCP)
[2m2026-03-16T16:19:40.181687Z[0m [33m WARN[0m [2mredis::aio::multiplexed_connection[0m[2m:[0m DIAG send_recv: pipeline channel send took 36538ms (backpressure from slow TCP)
[2m2026-03-16T16:19:40.181690Z[0m [33m WARN[0m [2mredis::aio::multiplexed_connection[0m[2m:[0m DIAG send_recv: pipeline channel send took 36538ms (backpressure from slow TCP)
[2m2026-03-16T16:19:40.181693Z[0m [33m WARN[0m [2mredis::aio::multiplexed_connection[0m[2m:[0m DIAG send_recv: pipeline channel send took 36536ms (backpressure from slow TCP)
[2m2026-03-16T16:19:40.181696Z[0m [33m WARN[0m [2mredis::aio::multiplexed_connection[0m[2m:[0m DIAG send_recv: pipeline channel send took 36536ms (backpressure from slow TCP)
[2m2026-03-16T16:19:40.181699Z[0m [33m WARN[0m [2mredis::aio::multiplexed_connection[0m[2m:[0m DIAG send_recv: pipeline channel send took 36536ms (backpressure from slow TCP)
[2m2026-03-16T16:19:40.181702Z[0m [33m WARN[0m [2mredis::aio::multiplexed_connection[0m[2m:[0m DIAG send_recv: pipeline channel send took 36536ms (backpressure from slow TCP)
[2m2026-03-16T16:19:40.181705Z[0m [33m WARN[0m [2mredis::aio::multiplexed_connection[0m[2m:[0m DIAG send_recv: pipeline channel send took 36536ms (backpressure from slow TCP)
[2m2026-03-16T16:19:40.181708Z[0m [33m WARN[0m [2mredis::aio::multiplexed_connection[0m[2m:[0m DIAG send_recv: pipeline channel send took 36535ms (backpressure from slow TCP)
[2m2026-03-16T16:19:40.181711Z[0m [33m WARN[0m [2mredis::aio::multiplexed_connection[0m[2m:[0m DIAG send_recv: pipeline channel send took 36534ms (backpressure from slow TCP)
[2m2026-03-16T16:19:40.260930Z[0m [33m WARN[0m [2mredis::aio::multiplexed_connection[0m[2m:[0m DIAG send_recv: pipeline channel send took 36608ms (backpressure from slow TCP)
[2m2026-03-16T16:19:40.265620Z[0m [33m WARN[0m [2mredis::aio::multiplexed_connection[0m[2m:[0m DIAG send_recv: pipeline channel send took 36614ms (backpressure from slow TCP)
[2m2026-03-16T16:19:40.265635Z[0m [33m WARN[0m [2mredis::aio::multiplexed_connection[0m[2m:[0m DIAG send_recv: pipeline channel send took 36614ms (backpressure from slow TCP)
[2m2026-03-16T16:19:40.265639Z[0m [33m WARN[0m [2mredis::aio::multiplexed_connection[0m[2m:[0m DIAG send_recv: pipeline channel send took 36613ms (backpressure from slow TCP)
[2m2026-03-16T16:19:40.265642Z[0m [33m WARN[0m [2mredis::aio::multiplexed_connection[0m[2m:[0m DIAG send_recv: pipeline channel send took 36613ms (backpressure from slow TCP)
[2m2026-03-16T16:19:40.265645Z[0m [33m WARN[0m [2mredis::aio::multiplexed_connection[0m[2m:[0m DIAG send_recv: pipeline channel send took 36613ms (backpressure from slow TCP)
[2m2026-03-16T16:19:40.265648Z[0m [33m WARN[0m [2mredis::aio::multiplexed_connection[0m[2m:[0m DIAG send_recv: pipeline channel send took 36613ms (backpressure from slow TCP)
[2m2026-03-16T16:19:40.265650Z[0m [33m WARN[0m [2mredis::aio::multiplexed_connection[0m[2m:[0m DIAG send_recv: pipeline channel send took 36613ms (backpressure from slow TCP)
[2m2026-03-16T16:19:40.265652Z[0m [33m WARN[0m [2mredis::aio::multiplexed_connection[0m[2m:[0m DIAG send_recv: pipeline channel send took 36613ms (backpressure from slow TCP)
[2m2026-03-16T16:19:40.265655Z[0m [33m WARN[0m [2mredis::aio::multiplexed_connection[0m[2m:[0m DIAG send_recv: pipeline channel send took 36613ms (backpressure from slow TCP)
[2m2026-03-16T16:19:40.265658Z[0m [33m WARN[0m [2mredis::aio::multiplexed_connection[0m[2m:[0m DIAG send_recv: pipeline channel send took 36613ms (backpressure from slow TCP)
[2m2026-03-16T16:19:40.265661Z[0m [33m WARN[0m [2mredis::aio::multiplexed_connection[0m[2m:[0m DIAG send_recv: pipeline channel send took 36613ms (backpressure from slow TCP)
[2m2026-03-16T16:19:40.265664Z[0m [33m WARN[0m [2mredis::aio::multiplexed_connection[0m[2m:[0m DIAG send_recv: pipeline channel send took 36613ms (backpressure from slow TCP)
[2m2026-03-16T16:19:40.265666Z[0m [33m WARN[0m [2mredis::aio::multiplexed_connection[0m[2m:[0m DIAG send_recv: pipeline channel send took 36613ms (backpressure from slow TCP)
[2m2026-03-16T16:19:40.265670Z[0m [33m WARN[0m [2mredis::aio::multiplexed_connection[0m[2m:[0m DIAG send_recv: pipeline channel send took 36613ms (backpressure from slow TCP)
[2m2026-03-16T16:19:40.265673Z[0m [33m WARN[0m [2mredis::aio::multiplexed_connection[0m[2m:[0m DIAG send_recv: pipeline channel send took 36613ms (backpressure from slow TCP)
[2m2026-03-16T16:19:40.265676Z[0m [33m WARN[0m [2mredis::aio::multiplexed_connection[0m[2m:[0m DIAG send_recv: pipeline channel send took 36612ms (backpressure from slow TCP)
[2m2026-03-16T16:19:40.265679Z[0m [33m WARN[0m [2mredis::aio::multiplexed_connection[0m[2m:[0m DIAG send_recv: pipeline channel send took 36612ms (backpressure from slow TCP)
[2m2026-03-16T16:19:40.265682Z[0m [33m WARN[0m [2mredis::aio::multiplexed_connection[0m[2m:[0m DIAG send_recv: pipeline channel send took 36612ms (backpressure from slow TCP)
[2m2026-03-16T16:19:40.265686Z[0m [33m WARN[0m [2mredis::aio::multiplexed_connection[0m[2m:[0m DIAG send_recv: pipeline channel send took 36606ms (backpressure from slow TCP)
[2m2026-03-16T16:19:40.265689Z[0m [33m WARN[0m [2mredis::aio::multiplexed_connection[0m[2m:[0m DIAG send_recv: pipeline channel send took 36606ms (backpressure from slow TCP)
[2m2026-03-16T16:19:40.265691Z[0m [33m WARN[0m [2mredis::aio::multiplexed_connection[0m[2m:[0m DIAG send_recv: pipeline channel send took 36606ms (backpressure from slow TCP)
[2m2026-03-16T16:19:40.265695Z[0m [33m WARN[0m [2mredis::aio::multiplexed_connection[0m[2m:[0m DIAG send_recv: pipeline channel send took 36606ms (backpressure from slow TCP)
[2m2026-03-16T16:19:40.265697Z[0m [33m WARN[0m [2mredis::aio::multiplexed_connection[0m[2m:[0m DIAG send_recv: pipeline channel send took 36606ms (backpressure from slow TCP)
[2m2026-03-16T16:19:40.265700Z[0m [33m WARN[0m [2mredis::aio::multiplexed_connection[0m[2m:[0m DIAG send_recv: pipeline channel send took 36606ms (backpressure from slow TCP)
[2m2026-03-16T16:19:40.265703Z[0m [33m WARN[0m [2mredis::aio::multiplexed_connection[0m[2m:[0m DIAG send_recv: pipeline channel send took 36606ms (backpressure from slow TCP)
[2m2026-03-16T16:19:40.265706Z[0m [33m WARN[0m [2mredis::aio::multiplexed_connection[0m[2m:[0m DIAG send_recv: pipeline channel send took 36606ms (backpressure from slow TCP)
[2m2026-03-16T16:19:40.265709Z[0m [33m WARN[0m [2mredis::aio::multiplexed_connection[0m[2m:[0m DIAG send_recv: pipeline channel send took 36606ms (backpressure from slow TCP)
[2m2026-03-16T16:19:40.265712Z[0m [33m WARN[0m [2mredis::aio::multiplexed_connection[0m[2m:[0m DIAG send_recv: pipeline channel send took 36606ms (backpressure from slow TCP)
[2m2026-03-16T16:19:40.265715Z[0m [33m WARN[0m [2mredis::aio::multiplexed_connection[0m[2m:[0m DIAG send_recv: pipeline channel send took 36605ms (backpressure from slow TCP)
[2m2026-03-16T16:19:40.265718Z[0m [33m WARN[0m [2mredis::aio::multiplexed_connection[0m[2m:[0m DIAG send_recv: pipeline channel send took 36605ms (backpressure from slow TCP)
[2m2026-03-16T16:19:40.265721Z[0m [33m WARN[0m [2mredis::aio::multiplexed_connection[0m[2m:[0m DIAG send_recv: pipeline channel send took 36601ms (backpressure from slow TCP)
[2m2026-03-16T16:19:40.265724Z[0m [33m WARN[0m [2mredis::aio::multiplexed_connection[0m[2m:[0m DIAG send_recv: pipeline channel send took 36601ms (backpressure from slow TCP)
[2m2026-03-16T16:19:40.265727Z[0m [33m WARN[0m [2mredis::aio::multiplexed_connection[0m[2m:[0m DIAG send_recv: pipeline channel send took 36600ms (backpressure from slow TCP)
[2m2026-03-16T16:19:40.265730Z[0m [33m WARN[0m [2mredis::aio::multiplexed_connection[0m[2m:[0m DIAG send_recv: pipeline channel send took 36600ms (backpressure from slow TCP)
[2m2026-03-16T16:19:40.265733Z[0m [33m WARN[0m [2mredis::aio::multiplexed_connection[0m[2m:[0m DIAG send_recv: pipeline channel send took 36600ms (backpressure from slow TCP)
[2m2026-03-16T16:19:40.265736Z[0m [33m WARN[0m [2mredis::aio::multiplexed_connection[0m[2m:[0m DIAG send_recv: pipeline channel send took 36600ms (backpressure from slow TCP)
[2m2026-03-16T16:19:40.265739Z[0m [33m WARN[0m [2mredis::aio::multiplexed_connection[0m[2m:[0m DIAG send_recv: pipeline channel send took 36598ms (backpressure from slow TCP)
[2m2026-03-16T16:19:40.265742Z[0m [33m WARN[0m [2mredis::aio::multiplexed_connection[0m[2m:[0m DIAG send_recv: pipeline channel send took 36597ms (backpressure from slow TCP)
[2m2026-03-16T16:19:40.265744Z[0m [33m WARN[0m [2mredis::aio::multiplexed_connection[0m[2m:[0m DIAG send_recv: pipeline channel send took 36597ms (backpressure from slow TCP)
[2m2026-03-16T16:19:40.265748Z[0m [33m WARN[0m [2mredis::aio::multiplexed_connection[0m[2m:[0m DIAG send_recv: pipeline channel send took 36597ms (backpressure from slow TCP)
[2m2026-03-16T16:19:40.265751Z[0m [33m WARN[0m [2mredis::aio::multiplexed_connection[0m[2m:[0m DIAG send_recv: pipeline channel send took 36597ms (backpressure from slow TCP)
[2m2026-03-16T16:19:40.265754Z[0m [33m WARN[0m [2mredis::aio::multiplexed_connection[0m[2m:[0m DIAG send_recv: pipeline channel send took 36597ms (backpressure from slow TCP)
[2m2026-03-16T16:19:40.265757Z[0m [33m WARN[0m [2mredis::aio::multiplexed_connection[0m[2m:[0m DIAG send_recv: pipeline channel send took 36597ms (backpressure from slow TCP)
[2m2026-03-16T16:19:40.265760Z[0m [33m WARN[0m [2mredis::aio::multiplexed_connection[0m[2m:[0m DIAG send_recv: pipeline channel send took 36573ms (backpressure from slow TCP)
[2m2026-03-16T16:19:40.265763Z[0m [33m WARN[0m [2mredis::aio::multiplexed_connection[0m[2m:[0m DIAG send_recv: pipeline channel send took 36573ms (backpressure from slow TCP)
[2m2026-03-16T16:19:40.265766Z[0m [33m WARN[0m [2mredis::aio::multiplexed_connection[0m[2m:[0m DIAG send_recv: pipeline channel send took 36573ms (backpressure from slow TCP)
[2m2026-03-16T16:19:40.265769Z[0m [33m WARN[0m [2mredis::aio::multiplexed_connection[0m[2m:[0m DIAG send_recv: pipeline channel send took 36573ms (backpressure from slow TCP)
[2m2026-03-16T16:19:40.265772Z[0m [33m WARN[0m [2mredis::aio::multiplexed_connection[0m[2m:[0m DIAG send_recv: pipeline channel send took 36571ms (backpressure from slow TCP)
[2m2026-03-16T16:19:40.265775Z[0m [33m WARN[0m [2mredis::aio::multiplexed_connection[0m[2m:[0m DIAG send_recv: pipeline channel send took 36571ms (backpressure from slow TCP)
[2m2026-03-16T16:19:40.342938Z[0m [33m WARN[0m [2mredis::aio::multiplexed_connection[0m[2m:[0m DIAG send_recv: pipeline channel send took 36645ms (backpressure from slow TCP)
[2m2026-03-16T16:19:40.346795Z[0m [33m WARN[0m [2mredis::aio::multiplexed_connection[0m[2m:[0m DIAG send_recv: pipeline channel send took 36652ms (backpressure from slow TCP)
[2m2026-03-16T16:19:40.346809Z[0m [33m WARN[0m [2mredis::aio::multiplexed_connection[0m[2m:[0m DIAG send_recv: pipeline channel send took 36652ms (backpressure from slow TCP)
[2m2026-03-16T16:19:40.346813Z[0m [33m WARN[0m [2mredis::aio::multiplexed_connection[0m[2m:[0m DIAG send_recv: pipeline channel send took 36651ms (backpressure from slow TCP)
[2m2026-03-16T16:19:40.346818Z[0m [33m WARN[0m [2mredis::aio::multiplexed_connection[0m[2m:[0m DIAG send_recv: pipeline channel send took 36650ms (backpressure from slow TCP)
[2m2026-03-16T16:19:40.346821Z[0m [33m WARN[0m [2mredis::aio::multiplexed_connection[0m[2m:[0m DIAG send_recv: pipeline channel send took 36650ms (backpressure from slow TCP)
[2m2026-03-16T16:19:40.346824Z[0m [33m WARN[0m [2mredis::aio::multiplexed_connection[0m[2m:[0m DIAG send_recv: pipeline channel send took 36650ms (backpressure from slow TCP)
[2m2026-03-16T16:19:40.346827Z[0m [33m WARN[0m [2mredis::aio::multiplexed_connection[0m[2m:[0m DIAG send_recv: pipeline channel send took 36650ms (backpressure from slow TCP)
[2m2026-03-16T16:19:40.346830Z[0m [33m WARN[0m [2mredis::aio::multiplexed_connection[0m[2m:[0m DIAG send_recv: pipeline channel send took 36648ms (backpressure from slow TCP)
[2m2026-03-16T16:19:40.346833Z[0m [33m WARN[0m [2mredis::aio::multiplexed_connection[0m[2m:[0m DIAG send_recv: pipeline channel send took 36648ms (backpressure from slow TCP)
[2m2026-03-16T16:19:40.346836Z[0m [33m WARN[0m [2mredis::aio::multiplexed_connection[0m[2m:[0m DIAG send_recv: pipeline channel send took 36648ms (backpressure from slow TCP)
[2m2026-03-16T16:19:40.346839Z[0m [33m WARN[0m [2mredis::aio::multiplexed_connection[0m[2m:[0m DIAG send_recv: pipeline channel send took 36644ms (backpressure from slow TCP)
[2m2026-03-16T16:19:40.346842Z[0m [33m WARN[0m [2mredis::aio::multiplexed_connection[0m[2m:[0m DIAG send_recv: pipeline channel send took 36644ms (backpressure from slow TCP)
[2m2026-03-16T16:19:40.346846Z[0m [33m WARN[0m [2mredis::aio::multiplexed_connection[0m[2m:[0m DIAG send_recv: pipeline channel send took 36644ms (backpressure from slow TCP)
[2m2026-03-16T16:19:40.346850Z[0m [33m WARN[0m [2mredis::aio::multiplexed_connection[0m[2m:[0m DIAG send_recv: pipeline channel send took 36643ms (backpressure from slow TCP)
[2m2026-03-16T16:19:40.346854Z[0m [33m WARN[0m [2mredis::aio::multiplexed_connection[0m[2m:[0m DIAG send_recv: pipeline channel send took 36643ms (backpressure from slow TCP)
[2m2026-03-16T16:19:40.346857Z[0m [33m WARN[0m [2mredis::aio::multiplexed_connection[0m[2m:[0m DIAG send_recv: pipeline channel send took 36643ms (backpressure from slow TCP)
[2m2026-03-16T16:19:40.346861Z[0m [33m WARN[0m [2mredis::aio::multiplexed_connection[0m[2m:[0m DIAG send_recv: pipeline channel send took 36643ms (backpressure from slow TCP)
[2m2026-03-16T16:19:40.346864Z[0m [33m WARN[0m [2mredis::aio::multiplexed_connection[0m[2m:[0m DIAG send_recv: pipeline channel send took 36643ms (backpressure from slow TCP)
[2m2026-03-16T16:19:40.346868Z[0m [33m WARN[0m [2mredis::aio::multiplexed_connection[0m[2m:[0m DIAG send_recv: pipeline channel send took 36643ms (backpressure from slow TCP)
[2m2026-03-16T16:19:40.346872Z[0m [33m WARN[0m [2mredis::aio::multiplexed_connection[0m[2m:[0m DIAG send_recv: pipeline channel send took 36643ms (backpressure from slow TCP)
[2m2026-03-16T16:19:40.346876Z[0m [33m WARN[0m [2mredis::aio::multiplexed_connection[0m[2m:[0m DIAG send_recv: pipeline channel send took 36643ms (backpressure from slow TCP)
[2m2026-03-16T16:19:40.346880Z[0m [33m WARN[0m [2mredis::aio::multiplexed_connection[0m[2m:[0m DIAG send_recv: pipeline channel send took 36643ms (backpressure from slow TCP)
[2m2026-03-16T16:19:40.346884Z[0m [33m WARN[0m [2mredis::aio::multiplexed_connection[0m[2m:[0m DIAG send_recv: pipeline channel send took 36642ms (backpressure from slow TCP)
[2m2026-03-16T16:19:40.346888Z[0m [33m WARN[0m [2mredis::aio::multiplexed_connection[0m[2m:[0m DIAG send_recv: pipeline channel send took 36642ms (backpressure from slow TCP)
[2m2026-03-16T16:19:40.346892Z[0m [33m WARN[0m [2mredis::aio::multiplexed_connection[0m[2m:[0m DIAG send_recv: pipeline channel send took 36642ms (backpressure from slow TCP)
[2m2026-03-16T16:19:40.346896Z[0m [33m WARN[0m [2mredis::aio::multiplexed_connection[0m[2m:[0m DIAG send_recv: pipeline channel send took 36642ms (backpressure from slow TCP)
[2m2026-03-16T16:19:40.346900Z[0m [33m WARN[0m [2mredis::aio::multiplexed_connection[0m[2m:[0m DIAG send_recv: pipeline channel send took 36636ms (backpressure from slow TCP)
[2m2026-03-16T16:19:40.346904Z[0m [33m WARN[0m [2mredis::aio::multiplexed_connection[0m[2m:[0m DIAG send_recv: pipeline channel send took 36636ms (backpressure from slow TCP)
[2m2026-03-16T16:19:40.346908Z[0m [33m WARN[0m [2mredis::aio::multiplexed_connection[0m[2m:[0m DIAG send_recv: pipeline channel send took 36636ms (backpressure from slow TCP)
[2m2026-03-16T16:19:40.346912Z[0m [33m WARN[0m [2mredis::aio::multiplexed_connection[0m[2m:[0m DIAG send_recv: pipeline channel send took 36636ms (backpressure from slow TCP)
[2m2026-03-16T16:19:40.346916Z[0m [33m WARN[0m [2mredis::aio::multiplexed_connection[0m[2m:[0m DIAG send_recv: pipeline channel send took 36636ms (backpressure from slow TCP)
[2m2026-03-16T16:19:40.346920Z[0m [33m WARN[0m [2mredis::aio::multiplexed_connection[0m[2m:[0m DIAG send_recv: pipeline channel send took 36636ms (backpressure from slow TCP)
[2m2026-03-16T16:19:40.346924Z[0m [33m WARN[0m [2mredis::aio::multiplexed_connection[0m[2m:[0m DIAG send_recv: pipeline channel send took 36636ms (backpressure from slow TCP)
[2m2026-03-16T16:19:40.346928Z[0m [33m WARN[0m [2mredis::aio::multiplexed_connection[0m[2m:[0m DIAG send_recv: pipeline channel send took 36635ms (backpressure from slow TCP)
[2m2026-03-16T16:19:40.346932Z[0m [33m WARN[0m [2mredis::aio::multiplexed_connection[0m[2m:[0m DIAG send_recv: pipeline channel send took 36635ms (backpressure from slow TCP)
[2m2026-03-16T16:19:40.346936Z[0m [33m WARN[0m [2mredis::aio::multiplexed_connection[0m[2m:[0m DIAG send_recv: pipeline channel send took 36635ms (backpressure from slow TCP)
[2m2026-03-16T16:19:40.346942Z[0m [33m WARN[0m [2mredis::aio::multiplexed_connection[0m[2m:[0m DIAG send_recv: pipeline channel send took 36635ms (backpressure from slow TCP)
[2m2026-03-16T16:19:40.346945Z[0m [33m WARN[0m [2mredis::aio::multiplexed_connection[0m[2m:[0m DIAG send_recv: pipeline channel send took 36635ms (backpressure from slow TCP)
[2m2026-03-16T16:19:40.346948Z[0m [33m WARN[0m [2mredis::aio::multiplexed_connection[0m[2m:[0m DIAG send_recv: pipeline channel send took 36633ms (backpressure from slow TCP)
[2m2026-03-16T16:19:40.346951Z[0m [33m WARN[0m [2mredis::aio::multiplexed_connection[0m[2m:[0m DIAG send_recv: pipeline channel send took 36633ms (backpressure from slow TCP)
[2m2026-03-16T16:19:40.346955Z[0m [33m WARN[0m [2mredis::aio::multiplexed_connection[0m[2m:[0m DIAG send_recv: pipeline channel send took 36633ms (backpressure from slow TCP)
[2m2026-03-16T16:19:40.346959Z[0m [33m WARN[0m [2mredis::aio::multiplexed_connection[0m[2m:[0m DIAG send_recv: pipeline channel send took 36631ms (backpressure from slow TCP)
[2m2026-03-16T16:19:40.346963Z[0m [33m WARN[0m [2mredis::aio::multiplexed_connection[0m[2m:[0m DIAG send_recv: pipeline channel send took 36630ms (backpressure from slow TCP)
[2m2026-03-16T16:19:40.346967Z[0m [33m WARN[0m [2mredis::aio::multiplexed_connection[0m[2m:[0m DIAG send_recv: pipeline channel send took 36627ms (backpressure from slow TCP)
[2m2026-03-16T16:19:40.346970Z[0m [33m WARN[0m [2mredis::aio::multiplexed_connection[0m[2m:[0m DIAG send_recv: pipeline channel send took 36627ms (backpressure from slow TCP)
[2m2026-03-16T16:19:40.346975Z[0m [33m WARN[0m [2mredis::aio::multiplexed_connection[0m[2m:[0m DIAG send_recv: pipeline channel send took 36627ms (backpressure from slow TCP)
[2m2026-03-16T16:19:40.346979Z[0m [33m WARN[0m [2mredis::aio::multiplexed_connection[0m[2m:[0m DIAG send_recv: pipeline channel send took 36627ms (backpressure from slow TCP)
[2m2026-03-16T16:19:40.346982Z[0m [33m WARN[0m [2mredis::aio::multiplexed_connection[0m[2m:[0m DIAG send_recv: pipeline channel send took 36627ms (backpressure from slow TCP)
[2m2026-03-16T16:19:40.346987Z[0m [33m WARN[0m [2mredis::aio::multiplexed_connection[0m[2m:[0m DIAG send_recv: pipeline channel send took 36627ms (backpressure from slow TCP)
[2m2026-03-16T16:19:40.397278Z[0m [33m WARN[0m [2mredis::aio::multiplexed_connection[0m[2m:[0m DIAG send_recv: pipeline channel send took 36674ms (backpressure from slow TCP)
[2m2026-03-16T16:19:40.400342Z[0m [33m WARN[0m [2mredis::aio::multiplexed_connection[0m[2m:[0m DIAG send_recv: pipeline channel send took 36680ms (backpressure from slow TCP)
[2m2026-03-16T16:19:40.400349Z[0m [33m WARN[0m [2mredis::aio::multiplexed_connection[0m[2m:[0m DIAG send_recv: pipeline channel send took 36680ms (backpressure from slow TCP)
[2m2026-03-16T16:19:40.400352Z[0m [33m WARN[0m [2mredis::aio::multiplexed_connection[0m[2m:[0m DIAG send_recv: pipeline channel send took 36657ms (backpressure from slow TCP)
[2m2026-03-16T16:19:40.400356Z[0m [33m WARN[0m [2mredis::aio::multiplexed_connection[0m[2m:[0m DIAG send_recv: pipeline channel send took 36657ms (backpressure from slow TCP)
[2m2026-03-16T16:19:40.400359Z[0m [33m WARN[0m [2mredis::aio::multiplexed_connection[0m[2m:[0m DIAG send_recv: pipeline channel send took 36657ms (backpressure from slow TCP)
[2m2026-03-16T16:19:40.400362Z[0m [33m WARN[0m [2mredis::aio::multiplexed_connection[0m[2m:[0m DIAG send_recv: pipeline channel send took 36657ms (backpressure from slow TCP)
[2m2026-03-16T16:19:40.400365Z[0m [33m WARN[0m [2mredis::aio::multiplexed_connection[0m[2m:[0m DIAG send_recv: pipeline channel send took 36657ms (backpressure from slow TCP)
[2m2026-03-16T16:19:40.400368Z[0m [33m WARN[0m [2mredis::aio::multiplexed_connection[0m[2m:[0m DIAG send_recv: pipeline channel send took 36655ms (backpressure from slow TCP)
[2m2026-03-16T16:19:40.400372Z[0m [33m WARN[0m [2mredis::aio::multiplexed_connection[0m[2m:[0m DIAG send_recv: pipeline channel send took 36655ms (backpressure from slow TCP)
[2m2026-03-16T16:19:40.400376Z[0m [33m WARN[0m [2mredis::aio::multiplexed_connection[0m[2m:[0m DIAG send_recv: pipeline channel send took 36655ms (backpressure from slow TCP)
[2m2026-03-16T16:19:40.400382Z[0m [33m WARN[0m [2mredis::aio::multiplexed_connection[0m[2m:[0m DIAG send_recv: pipeline channel send took 36654ms (backpressure from slow TCP)
[2m2026-03-16T16:19:40.400386Z[0m [33m WARN[0m [2mredis::aio::multiplexed_connection[0m[2m:[0m DIAG send_recv: pipeline channel send took 36654ms (backpressure from slow TCP)
[2m2026-03-16T16:19:40.400389Z[0m [33m WARN[0m [2mredis::aio::multiplexed_connection[0m[2m:[0m DIAG send_recv: pipeline channel send took 36654ms (backpressure from slow TCP)
[2m2026-03-16T16:19:40.400392Z[0m [33m WARN[0m [2mredis::aio::multiplexed_connection[0m[2m:[0m DIAG send_recv: pipeline channel send took 36654ms (backpressure from slow TCP)
[2m2026-03-16T16:19:40.400395Z[0m [33m WARN[0m [2mredis::aio::multiplexed_connection[0m[2m:[0m DIAG send_recv: pipeline channel send took 36654ms (backpressure from slow TCP)
[2m2026-03-16T16:19:40.738334Z[0m [33m WARN[0m [2mredis::aio::multiplexed_connection[0m[2m:[0m DIAG send_recv: pipeline channel send took 812ms (backpressure from slow TCP)
[2m2026-03-16T16:19:40.742129Z[0m [33m WARN[0m [2mredis::aio::multiplexed_connection[0m[2m:[0m DIAG send_recv: pipeline channel send took 820ms (backpressure from slow TCP)
[2m2026-03-16T16:19:40.742139Z[0m [33m WARN[0m [2mredis::aio::multiplexed_connection[0m[2m:[0m DIAG send_recv: pipeline channel send took 820ms (backpressure from slow TCP)
[2m2026-03-16T16:19:40.742143Z[0m [33m WARN[0m [2mredis::aio::multiplexed_connection[0m[2m:[0m DIAG send_recv: pipeline channel send took 820ms (backpressure from slow TCP)
[2m2026-03-16T16:19:40.742147Z[0m [33m WARN[0m [2mredis::aio::multiplexed_connection[0m[2m:[0m DIAG send_recv: pipeline channel send took 820ms (backpressure from slow TCP)
[2m2026-03-16T16:19:40.742153Z[0m [33m WARN[0m [2mredis::aio::multiplexed_connection[0m[2m:[0m DIAG send_recv: pipeline channel send took 820ms (backpressure from slow TCP)
[2m2026-03-16T16:19:40.742156Z[0m [33m WARN[0m [2mredis::aio::multiplexed_connection[0m[2m:[0m DIAG send_recv: pipeline channel send took 820ms (backpressure from slow TCP)
[2m2026-03-16T16:19:40.742171Z[0m [33m WARN[0m [2mredis::aio::multiplexed_connection[0m[2m:[0m DIAG send_recv: pipeline channel send took 820ms (backpressure from slow TCP)
[2m2026-03-16T16:19:40.742178Z[0m [33m WARN[0m [2mredis::aio::multiplexed_connection[0m[2m:[0m DIAG send_recv: pipeline channel send took 820ms (backpressure from slow TCP)
[2m2026-03-16T16:19:40.742182Z[0m [33m WARN[0m [2mredis::aio::multiplexed_connection[0m[2m:[0m DIAG send_recv: pipeline channel send took 820ms (backpressure from slow TCP)
[2m2026-03-16T16:19:40.742189Z[0m [33m WARN[0m [2mredis::aio::multiplexed_connection[0m[2m:[0m DIAG send_recv: pipeline channel send took 820ms (backpressure from slow TCP)
[2m2026-03-16T16:19:40.742196Z[0m [33m WARN[0m [2mredis::aio::multiplexed_connection[0m[2m:[0m DIAG send_recv: pipeline channel send took 820ms (backpressure from slow TCP)
[2m2026-03-16T16:19:40.742200Z[0m [33m WARN[0m [2mredis::aio::multiplexed_connection[0m[2m:[0m DIAG send_recv: pipeline channel send took 820ms (backpressure from slow TCP)
[2m2026-03-16T16:19:40.742209Z[0m [33m WARN[0m [2mredis::aio::multiplexed_connection[0m[2m:[0m DIAG send_recv: pipeline channel send took 820ms (backpressure from slow TCP)
[2m2026-03-16T16:19:40.742227Z[0m [33m WARN[0m [2mredis::aio::multiplexed_connection[0m[2m:[0m DIAG send_recv: pipeline channel send took 820ms (backpressure from slow TCP)
[2m2026-03-16T16:19:40.742234Z[0m [33m WARN[0m [2mredis::aio::multiplexed_connection[0m[2m:[0m DIAG send_recv: pipeline channel send took 820ms (backpressure from slow TCP)
[2m2026-03-16T16:19:40.742239Z[0m [33m WARN[0m [2mredis::aio::multiplexed_connection[0m[2m:[0m DIAG send_recv: pipeline channel send took 820ms (backpressure from slow TCP)
[2m2026-03-16T16:19:40.742245Z[0m [33m WARN[0m [2mredis::aio::multiplexed_connection[0m[2m:[0m DIAG send_recv: pipeline channel send took 820ms (backpressure from slow TCP)
[2m2026-03-16T16:19:40.742255Z[0m [33m WARN[0m [2mredis::aio::multiplexed_connection[0m[2m:[0m DIAG send_recv: pipeline channel send took 820ms (backpressure from slow TCP)
[2m2026-03-16T16:19:40.742259Z[0m [33m WARN[0m [2mredis::aio::multiplexed_connection[0m[2m:[0m DIAG send_recv: pipeline channel send took 820ms (backpressure from slow TCP)
[2m2026-03-16T16:19:40.742263Z[0m [33m WARN[0m [2mredis::aio::multiplexed_connection[0m[2m:[0m DIAG send_recv: pipeline channel send took 820ms (backpressure from slow TCP)
[2m2026-03-16T16:19:40.742274Z[0m [33m WARN[0m [2mredis::aio::multiplexed_connection[0m[2m:[0m DIAG send_recv: pipeline channel send took 820ms (backpressure from slow TCP)
[2m2026-03-16T16:19:40.742278Z[0m [33m WARN[0m [2mredis::aio::multiplexed_connection[0m[2m:[0m DIAG send_recv: pipeline channel send took 820ms (backpressure from slow TCP)
[2m2026-03-16T16:19:40.742282Z[0m [33m WARN[0m [2mredis::aio::multiplexed_connection[0m[2m:[0m DIAG send_recv: pipeline channel send took 820ms (backpressure from slow TCP)
[2m2026-03-16T16:19:40.742286Z[0m [33m WARN[0m [2mredis::aio::multiplexed_connection[0m[2m:[0m DIAG send_recv: pipeline channel send took 820ms (backpressure from slow TCP)
[2m2026-03-16T16:19:40.742289Z[0m [33m WARN[0m [2mredis::aio::multiplexed_connection[0m[2m:[0m DIAG send_recv: pipeline channel send took 820ms (backpressure from slow TCP)
[2m2026-03-16T16:19:40.742297Z[0m [33m WARN[0m [2mredis::aio::multiplexed_connection[0m[2m:[0m DIAG send_recv: pipeline channel send took 820ms (backpressure from slow TCP)
[2m2026-03-16T16:19:40.742301Z[0m [33m WARN[0m [2mredis::aio::multiplexed_connection[0m[2m:[0m DIAG send_recv: pipeline channel send took 820ms (backpressure from slow TCP)
[2m2026-03-16T16:19:40.742305Z[0m [33m WARN[0m [2mredis::aio::multiplexed_connection[0m[2m:[0m DIAG send_recv: pipeline channel send took 820ms (backpressure from slow TCP)
[2m2026-03-16T16:19:40.742309Z[0m [33m WARN[0m [2mredis::aio::multiplexed_connection[0m[2m:[0m DIAG send_recv: pipeline channel send took 820ms (backpressure from slow TCP)
[2m2026-03-16T16:19:40.742314Z[0m [33m WARN[0m [2mredis::aio::multiplexed_connection[0m[2m:[0m DIAG send_recv: pipeline channel send took 820ms (backpressure from slow TCP)
[2m2026-03-16T16:19:40.742318Z[0m [33m WARN[0m [2mredis::aio::multiplexed_connection[0m[2m:[0m DIAG send_recv: pipeline channel send took 820ms (backpressure from slow TCP)
[2m2026-03-16T16:19:40.742322Z[0m [33m WARN[0m [2mredis::aio::multiplexed_connection[0m[2m:[0m DIAG send_recv: pipeline channel send took 820ms (backpressure from slow TCP)
[2m2026-03-16T16:19:40.742327Z[0m [33m WARN[0m [2mredis::aio::multiplexed_connection[0m[2m:[0m DIAG send_recv: pipeline channel send took 820ms (backpressure from slow TCP)
[2m2026-03-16T16:19:40.742334Z[0m [33m WARN[0m [2mredis::aio::multiplexed_connection[0m[2m:[0m DIAG send_recv: pipeline channel send took 820ms (backpressure from slow TCP)
[2m2026-03-16T16:19:40.744080Z[0m [33m WARN[0m [2mredis::cluster_async[0m[2m:[0m DIAG try_cmd_request: node=shohame-global-data-store-iad-0003-001.shohame-global-data-store-iad.ime4qh.use1.cache.amazonaws.com:6379 elapsed=37256ms ok=true
[2m2026-03-16T16:19:40.750929Z[0m [33m WARN[0m [2mredis::cluster_async[0m[2m:[0m DIAG try_cmd_request: node=shohame-global-data-store-iad-0003-001.shohame-global-data-store-iad.ime4qh.use1.cache.amazonaws.com:6379 elapsed=37263ms ok=true
[2m2026-03-16T16:19:40.750953Z[0m [33m WARN[0m [2mredis::cluster_async[0m[2m:[0m DIAG try_cmd_request: node=shohame-global-data-store-iad-0003-001.shohame-global-data-store-iad.ime4qh.use1.cache.amazonaws.com:6379 elapsed=37287ms ok=true
[2m2026-03-16T16:19:40.750959Z[0m [33m WARN[0m [2mredis::cluster_async[0m[2m:[0m DIAG try_cmd_request: node=shohame-global-data-store-iad-0003-001.shohame-global-data-store-iad.ime4qh.use1.cache.amazonaws.com:6379 elapsed=37287ms ok=true
[2m2026-03-16T16:19:40.750965Z[0m [33m WARN[0m [2mredis::cluster_async[0m[2m:[0m DIAG try_cmd_request: node=shohame-global-data-store-iad-0003-001.shohame-global-data-store-iad.ime4qh.use1.cache.amazonaws.com:6379 elapsed=37287ms ok=true
[2m2026-03-16T16:19:40.750971Z[0m [33m WARN[0m [2mredis::cluster_async[0m[2m:[0m DIAG try_cmd_request: node=shohame-global-data-store-iad-0003-001.shohame-global-data-store-iad.ime4qh.use1.cache.amazonaws.com:6379 elapsed=37287ms ok=true
[2m2026-03-16T16:19:40.750978Z[0m [33m WARN[0m [2mredis::cluster_async[0m[2m:[0m DIAG try_cmd_request: node=shohame-global-data-store-iad-0003-001.shohame-global-data-store-iad.ime4qh.use1.cache.amazonaws.com:6379 elapsed=37288ms ok=true
[2m2026-03-16T16:19:40.750984Z[0m [33m WARN[0m [2mredis::cluster_async[0m[2m:[0m DIAG try_cmd_request: node=shohame-global-data-store-iad-0003-001.shohame-global-data-store-iad.ime4qh.use1.cache.amazonaws.com:6379 elapsed=37288ms ok=true
[2m2026-03-16T16:19:40.750989Z[0m [33m WARN[0m [2mredis::cluster_async[0m[2m:[0m DIAG try_cmd_request: node=shohame-global-data-store-iad-0003-001.shohame-global-data-store-iad.ime4qh.use1.cache.amazonaws.com:6379 elapsed=37288ms ok=true
[2m2026-03-16T16:19:40.750993Z[0m [33m WARN[0m [2mredis::cluster_async[0m[2m:[0m DIAG try_cmd_request: node=shohame-global-data-store-iad-0003-001.shohame-global-data-store-iad.ime4qh.use1.cache.amazonaws.com:6379 elapsed=37290ms ok=true
[2m2026-03-16T16:19:40.750998Z[0m [33m WARN[0m [2mredis::cluster_async[0m[2m:[0m DIAG try_cmd_request: node=shohame-global-data-store-iad-0003-001.shohame-global-data-store-iad.ime4qh.use1.cache.amazonaws.com:6379 elapsed=37290ms ok=true
[2m2026-03-16T16:19:40.751002Z[0m [33m WARN[0m [2mredis::cluster_async[0m[2m:[0m DIAG try_cmd_request: node=shohame-global-data-store-iad-0003-001.shohame-global-data-store-iad.ime4qh.use1.cache.amazonaws.com:6379 elapsed=37291ms ok=true
[2m2026-03-16T16:19:40.751007Z[0m [33m WARN[0m [2mredis::cluster_async[0m[2m:[0m DIAG try_cmd_request: node=shohame-global-data-store-iad-0003-001.shohame-global-data-store-iad.ime4qh.use1.cache.amazonaws.com:6379 elapsed=37291ms ok=true
[2m2026-03-16T16:19:40.751011Z[0m [33m WARN[0m [2mredis::cluster_async[0m[2m:[0m DIAG try_cmd_request: node=shohame-global-data-store-iad-0003-001.shohame-global-data-store-iad.ime4qh.use1.cache.amazonaws.com:6379 elapsed=37292ms ok=true
[2m2026-03-16T16:19:40.751015Z[0m [33m WARN[0m [2mredis::cluster_async[0m[2m:[0m DIAG try_cmd_request: node=shohame-global-data-store-iad-0003-001.shohame-global-data-store-iad.ime4qh.use1.cache.amazonaws.com:6379 elapsed=37292ms ok=true
[2m2026-03-16T16:19:40.751018Z[0m [33m WARN[0m [2mredis::cluster_async[0m[2m:[0m DIAG try_cmd_request: node=shohame-global-data-store-iad-0003-001.shohame-global-data-store-iad.ime4qh.use1.cache.amazonaws.com:6379 elapsed=37292ms ok=true
[2m2026-03-16T16:19:40.751022Z[0m [33m WARN[0m [2mredis::cluster_async[0m[2m:[0m DIAG try_cmd_request: node=shohame-global-data-store-iad-0003-001.shohame-global-data-store-iad.ime4qh.use1.cache.amazonaws.com:6379 elapsed=37294ms ok=true
[2m2026-03-16T16:19:40.751026Z[0m [33m WARN[0m [2mredis::cluster_async[0m[2m:[0m DIAG try_cmd_request: node=shohame-global-data-store-iad-0003-001.shohame-global-data-store-iad.ime4qh.use1.cache.amazonaws.com:6379 elapsed=37294ms ok=true
[2m2026-03-16T16:19:40.751033Z[0m [33m WARN[0m [2mredis::cluster_async[0m[2m:[0m DIAG try_cmd_request: node=shohame-global-data-store-iad-0003-001.shohame-global-data-store-iad.ime4qh.use1.cache.amazonaws.com:6379 elapsed=37294ms ok=true
[2m2026-03-16T16:19:40.751038Z[0m [33m WARN[0m [2mredis::cluster_async[0m[2m:[0m DIAG try_cmd_request: node=shohame-global-data-store-iad-0003-001.shohame-global-data-store-iad.ime4qh.use1.cache.amazonaws.com:6379 elapsed=37294ms ok=true
[2m2026-03-16T16:19:40.751044Z[0m [33m WARN[0m [2mredis::cluster_async[0m[2m:[0m DIAG try_cmd_request: node=shohame-global-data-store-iad-0003-001.shohame-global-data-store-iad.ime4qh.use1.cache.amazonaws.com:6379 elapsed=37295ms ok=true
[2m2026-03-16T16:19:40.751048Z[0m [33m WARN[0m [2mredis::cluster_async[0m[2m:[0m DIAG try_cmd_request: node=shohame-global-data-store-iad-0003-001.shohame-global-data-store-iad.ime4qh.use1.cache.amazonaws.com:6379 elapsed=37296ms ok=true
[2m2026-03-16T16:19:40.751052Z[0m [33m WARN[0m [2mredis::cluster_async[0m[2m:[0m DIAG try_cmd_request: node=shohame-global-data-store-iad-0003-001.shohame-global-data-store-iad.ime4qh.use1.cache.amazonaws.com:6379 elapsed=37296ms ok=true
[2m2026-03-16T16:19:40.751057Z[0m [33m WARN[0m [2mredis::cluster_async[0m[2m:[0m DIAG try_cmd_request: node=shohame-global-data-store-iad-0003-001.shohame-global-data-store-iad.ime4qh.use1.cache.amazonaws.com:6379 elapsed=37296ms ok=true
[2m2026-03-16T16:19:40.751063Z[0m [33m WARN[0m [2mredis::cluster_async[0m[2m:[0m DIAG try_cmd_request: node=shohame-global-data-store-iad-0003-001.shohame-global-data-store-iad.ime4qh.use1.cache.amazonaws.com:6379 elapsed=37296ms ok=true
[2m2026-03-16T16:19:40.751067Z[0m [33m WARN[0m [2mredis::cluster_async[0m[2m:[0m DIAG try_cmd_request: node=shohame-global-data-store-iad-0003-001.shohame-global-data-store-iad.ime4qh.use1.cache.amazonaws.com:6379 elapsed=37296ms ok=true
[2m2026-03-16T16:19:40.751071Z[0m [33m WARN[0m [2mredis::cluster_async[0m[2m:[0m DIAG try_cmd_request: node=shohame-global-data-store-iad-0003-001.shohame-global-data-store-iad.ime4qh.use1.cache.amazonaws.com:6379 elapsed=37296ms ok=true
[2m2026-03-16T16:19:40.751076Z[0m [33m WARN[0m [2mredis::cluster_async[0m[2m:[0m DIAG try_cmd_request: node=shohame-global-data-store-iad-0003-001.shohame-global-data-store-iad.ime4qh.use1.cache.amazonaws.com:6379 elapsed=37297ms ok=true
[2m2026-03-16T16:19:40.751079Z[0m [33m WARN[0m [2mredis::cluster_async[0m[2m:[0m DIAG try_cmd_request: node=shohame-global-data-store-iad-0003-001.shohame-global-data-store-iad.ime4qh.use1.cache.amazonaws.com:6379 elapsed=37297ms ok=true
[2m2026-03-16T16:19:40.751084Z[0m [33m WARN[0m [2mredis::cluster_async[0m[2m:[0m DIAG try_cmd_request: node=shohame-global-data-store-iad-0003-001.shohame-global-data-store-iad.ime4qh.use1.cache.amazonaws.com:6379 elapsed=37297ms ok=true
[2m2026-03-16T16:19:40.751088Z[0m [33m WARN[0m [2mredis::cluster_async[0m[2m:[0m DIAG try_cmd_request: node=shohame-global-data-store-iad-0003-001.shohame-global-data-store-iad.ime4qh.use1.cache.amazonaws.com:6379 elapsed=37297ms ok=true
[2m2026-03-16T16:19:40.751092Z[0m [33m WARN[0m [2mredis::cluster_async[0m[2m:[0m DIAG try_cmd_request: node=shohame-global-data-store-iad-0003-001.shohame-global-data-store-iad.ime4qh.use1.cache.amazonaws.com:6379 elapsed=37297ms ok=true
[2m2026-03-16T16:19:40.751096Z[0m [33m WARN[0m [2mredis::cluster_async[0m[2m:[0m DIAG try_cmd_request: node=shohame-global-data-store-iad-0003-001.shohame-global-data-store-iad.ime4qh.use1.cache.amazonaws.com:6379 elapsed=37297ms ok=true
[2m2026-03-16T16:19:40.751103Z[0m [33m WARN[0m [2mredis::cluster_async[0m[2m:[0m DIAG try_cmd_request: node=shohame-global-data-store-iad-0003-001.shohame-global-data-store-iad.ime4qh.use1.cache.amazonaws.com:6379 elapsed=37304ms ok=true
[2m2026-03-16T16:19:40.751109Z[0m [33m WARN[0m [2mredis::cluster_async[0m[2m:[0m DIAG try_cmd_request: node=shohame-global-data-store-iad-0003-001.shohame-global-data-store-iad.ime4qh.use1.cache.amazonaws.com:6379 elapsed=37304ms ok=true
[2m2026-03-16T16:19:40.751113Z[0m [33m WARN[0m [2mredis::cluster_async[0m[2m:[0m DIAG try_cmd_request: node=shohame-global-data-store-iad-0003-001.shohame-global-data-store-iad.ime4qh.use1.cache.amazonaws.com:6379 elapsed=37304ms ok=true
[2m2026-03-16T16:19:40.751118Z[0m [33m WARN[0m [2mredis::cluster_async[0m[2m:[0m DIAG try_cmd_request: node=shohame-global-data-store-iad-0003-001.shohame-global-data-store-iad.ime4qh.use1.cache.amazonaws.com:6379 elapsed=37304ms ok=true
[2m2026-03-16T16:19:40.751122Z[0m [33m WARN[0m [2mredis::cluster_async[0m[2m:[0m DIAG try_cmd_request: node=shohame-global-data-store-iad-0003-001.shohame-global-data-store-iad.ime4qh.use1.cache.amazonaws.com:6379 elapsed=37304ms ok=true
[2m2026-03-16T16:19:40.751126Z[0m [33m WARN[0m [2mredis::cluster_async[0m[2m:[0m DIAG try_cmd_request: node=shohame-global-data-store-iad-0003-001.shohame-global-data-store-iad.ime4qh.use1.cache.amazonaws.com:6379 elapsed=37304ms ok=true
[2m2026-03-16T16:19:40.751130Z[0m [33m WARN[0m [2mredis::cluster_async[0m[2m:[0m DIAG try_cmd_request: node=shohame-global-data-store-iad-0003-001.shohame-global-data-store-iad.ime4qh.use1.cache.amazonaws.com:6379 elapsed=37304ms ok=true
[2m2026-03-16T16:19:40.751135Z[0m [33m WARN[0m [2mredis::cluster_async[0m[2m:[0m DIAG try_cmd_request: node=shohame-global-data-store-iad-0003-001.shohame-global-data-store-iad.ime4qh.use1.cache.amazonaws.com:6379 elapsed=37305ms ok=true
[2m2026-03-16T16:19:40.751139Z[0m [33m WARN[0m [2mredis::cluster_async[0m[2m:[0m DIAG try_cmd_request: node=shohame-global-data-store-iad-0003-001.shohame-global-data-store-iad.ime4qh.use1.cache.amazonaws.com:6379 elapsed=37305ms ok=true
[2m2026-03-16T16:19:40.751144Z[0m [33m WARN[0m [2mredis::cluster_async[0m[2m:[0m DIAG try_cmd_request: node=shohame-global-data-store-iad-0003-001.shohame-global-data-store-iad.ime4qh.use1.cache.amazonaws.com:6379 elapsed=37305ms ok=true
[2m2026-03-16T16:19:40.751148Z[0m [33m WARN[0m [2mredis::cluster_async[0m[2m:[0m DIAG try_cmd_request: node=shohame-global-data-store-iad-0003-001.shohame-global-data-store-iad.ime4qh.use1.cache.amazonaws.com:6379 elapsed=37305ms ok=true
[2m2026-03-16T16:19:40.751155Z[0m [33m WARN[0m [2mredis::cluster_async[0m[2m:[0m DIAG try_cmd_request: node=shohame-global-data-store-iad-0003-001.shohame-global-data-store-iad.ime4qh.use1.cache.amazonaws.com:6379 elapsed=37305ms ok=true
[2m2026-03-16T16:19:40.751159Z[0m [33m WARN[0m [2mredis::cluster_async[0m[2m:[0m DIAG try_cmd_request: node=shohame-global-data-store-iad-0003-001.shohame-global-data-store-iad.ime4qh.use1.cache.amazonaws.com:6379 elapsed=37305ms ok=true
[2m2026-03-16T16:19:40.751164Z[0m [33m WARN[0m [2mredis::cluster_async[0m[2m:[0m DIAG try_cmd_request: node=shohame-global-data-store-iad-0003-001.shohame-global-data-store-iad.ime4qh.use1.cache.amazonaws.com:6379 elapsed=37305ms ok=true
[2m2026-03-16T16:19:40.751167Z[0m [33m WARN[0m [2mredis::cluster_async[0m[2m:[0m DIAG try_cmd_request: node=shohame-global-data-store-iad-0003-001.shohame-global-data-store-iad.ime4qh.use1.cache.amazonaws.com:6379 elapsed=37305ms ok=true
[2m2026-03-16T16:19:40.751221Z[0m [33m WARN[0m [2mredis::cluster_async[0m[2m:[0m DIAG try_cmd_request: node=shohame-global-data-store-iad-0002-001.shohame-global-data-store-iad.ime4qh.use1.cache.amazonaws.com:6379 elapsed=106232ms ok=true
[2m2026-03-16T16:19:40.751229Z[0m [33m WARN[0m [2mredis::cluster_async[0m[2m:[0m DIAG try_cmd_request: node=shohame-global-data-store-iad-0002-001.shohame-global-data-store-iad.ime4qh.use1.cache.amazonaws.com:6379 elapsed=106232ms ok=true
[2m2026-03-16T16:19:40.751235Z[0m [33m WARN[0m [2mredis::cluster_async[0m[2m:[0m DIAG try_cmd_request: node=shohame-global-data-store-iad-0002-001.shohame-global-data-store-iad.ime4qh.use1.cache.amazonaws.com:6379 elapsed=106236ms ok=true
[2m2026-03-16T16:19:40.751240Z[0m [33m WARN[0m [2mredis::cluster_async[0m[2m:[0m DIAG try_cmd_request: node=shohame-global-data-store-iad-0002-001.shohame-global-data-store-iad.ime4qh.use1.cache.amazonaws.com:6379 elapsed=106236ms ok=true
[2m2026-03-16T16:19:40.751246Z[0m [33m WARN[0m [2mredis::cluster_async[0m[2m:[0m DIAG try_cmd_request: node=shohame-global-data-store-iad-0002-001.shohame-global-data-store-iad.ime4qh.use1.cache.amazonaws.com:6379 elapsed=106238ms ok=true
[2m2026-03-16T16:19:40.751253Z[0m [33m WARN[0m [2mredis::cluster_async[0m[2m:[0m DIAG try_cmd_request: node=shohame-global-data-store-iad-0002-001.shohame-global-data-store-iad.ime4qh.use1.cache.amazonaws.com:6379 elapsed=106238ms ok=true
[2m2026-03-16T16:19:40.751257Z[0m [33m WARN[0m [2mredis::cluster_async[0m[2m:[0m DIAG try_cmd_request: node=shohame-global-data-store-iad-0002-001.shohame-global-data-store-iad.ime4qh.use1.cache.amazonaws.com:6379 elapsed=106238ms ok=true
[2m2026-03-16T16:19:40.751261Z[0m [33m WARN[0m [2mredis::cluster_async[0m[2m:[0m DIAG try_cmd_request: node=shohame-global-data-store-iad-0002-001.shohame-global-data-store-iad.ime4qh.use1.cache.amazonaws.com:6379 elapsed=106239ms ok=true
[2m2026-03-16T16:19:40.751265Z[0m [33m WARN[0m [2mredis::cluster_async[0m[2m:[0m DIAG try_cmd_request: node=shohame-global-data-store-iad-0002-001.shohame-global-data-store-iad.ime4qh.use1.cache.amazonaws.com:6379 elapsed=106239ms ok=true
[2m2026-03-16T16:19:40.751269Z[0m [33m WARN[0m [2mredis::cluster_async[0m[2m:[0m DIAG try_cmd_request: node=shohame-global-data-store-iad-0002-001.shohame-global-data-store-iad.ime4qh.use1.cache.amazonaws.com:6379 elapsed=106239ms ok=true
[2m2026-03-16T16:19:40.751273Z[0m [33m WARN[0m [2mredis::cluster_async[0m[2m:[0m DIAG try_cmd_request: node=shohame-global-data-store-iad-0002-001.shohame-global-data-store-iad.ime4qh.use1.cache.amazonaws.com:6379 elapsed=106239ms ok=true
[2m2026-03-16T16:19:40.751277Z[0m [33m WARN[0m [2mredis::cluster_async[0m[2m:[0m DIAG try_cmd_request: node=shohame-global-data-store-iad-0002-001.shohame-global-data-store-iad.ime4qh.use1.cache.amazonaws.com:6379 elapsed=106239ms ok=true
[2m2026-03-16T16:19:40.751282Z[0m [33m WARN[0m [2mredis::cluster_async[0m[2m:[0m DIAG try_cmd_request: node=shohame-global-data-store-iad-0002-001.shohame-global-data-store-iad.ime4qh.use1.cache.amazonaws.com:6379 elapsed=106239ms ok=true
[2m2026-03-16T16:19:40.751287Z[0m [33m WARN[0m [2mredis::cluster_async[0m[2m:[0m DIAG try_cmd_request: node=shohame-global-data-store-iad-0002-001.shohame-global-data-store-iad.ime4qh.use1.cache.amazonaws.com:6379 elapsed=106239ms ok=true
[2m2026-03-16T16:19:40.751294Z[0m [33m WARN[0m [2mredis::cluster_async[0m[2m:[0m DIAG try_cmd_request: node=shohame-global-data-store-iad-0002-001.shohame-global-data-store-iad.ime4qh.use1.cache.amazonaws.com:6379 elapsed=106240ms ok=true
[2m2026-03-16T16:19:40.751298Z[0m [33m WARN[0m [2mredis::cluster_async[0m[2m:[0m DIAG try_cmd_request: node=shohame-global-data-store-iad-0002-001.shohame-global-data-store-iad.ime4qh.use1.cache.amazonaws.com:6379 elapsed=106240ms ok=true
[2m2026-03-16T16:19:40.751303Z[0m [33m WARN[0m [2mredis::cluster_async[0m[2m:[0m DIAG try_cmd_request: node=shohame-global-data-store-iad-0002-001.shohame-global-data-store-iad.ime4qh.use1.cache.amazonaws.com:6379 elapsed=106240ms ok=true
[2m2026-03-16T16:19:40.751307Z[0m [33m WARN[0m [2mredis::cluster_async[0m[2m:[0m DIAG try_cmd_request: node=shohame-global-data-store-iad-0002-001.shohame-global-data-store-iad.ime4qh.use1.cache.amazonaws.com:6379 elapsed=106240ms ok=true
[2m2026-03-16T16:19:40.751312Z[0m [33m WARN[0m [2mredis::cluster_async[0m[2m:[0m DIAG try_cmd_request: node=shohame-global-data-store-iad-0002-001.shohame-global-data-store-iad.ime4qh.use1.cache.amazonaws.com:6379 elapsed=106240ms ok=true
[2m2026-03-16T16:19:40.751316Z[0m [33m WARN[0m [2mredis::cluster_async[0m[2m:[0m DIAG try_cmd_request: node=shohame-global-data-store-iad-0002-001.shohame-global-data-store-iad.ime4qh.use1.cache.amazonaws.com:6379 elapsed=106240ms ok=true
[2m2026-03-16T16:19:40.751321Z[0m [33m WARN[0m [2mredis::cluster_async[0m[2m:[0m DIAG try_cmd_request: node=shohame-global-data-store-iad-0002-001.shohame-global-data-store-iad.ime4qh.use1.cache.amazonaws.com:6379 elapsed=106241ms ok=true
[2m2026-03-16T16:19:40.751326Z[0m [33m WARN[0m [2mredis::cluster_async[0m[2m:[0m DIAG try_cmd_request: node=shohame-global-data-store-iad-0002-001.shohame-global-data-store-iad.ime4qh.use1.cache.amazonaws.com:6379 elapsed=106241ms ok=true
[2m2026-03-16T16:19:40.751330Z[0m [33m WARN[0m [2mredis::cluster_async[0m[2m:[0m DIAG try_cmd_request: node=shohame-global-data-store-iad-0002-001.shohame-global-data-store-iad.ime4qh.use1.cache.amazonaws.com:6379 elapsed=106242ms ok=true
[2m2026-03-16T16:19:40.751335Z[0m [33m WARN[0m [2mredis::cluster_async[0m[2m:[0m DIAG try_cmd_request: node=shohame-global-data-store-iad-0002-001.shohame-global-data-store-iad.ime4qh.use1.cache.amazonaws.com:6379 elapsed=106245ms ok=true
[2m2026-03-16T16:19:40.751339Z[0m [33m WARN[0m [2mredis::cluster_async[0m[2m:[0m DIAG try_cmd_request: node=shohame-global-data-store-iad-0002-001.shohame-global-data-store-iad.ime4qh.use1.cache.amazonaws.com:6379 elapsed=106245ms ok=true
[2m2026-03-16T16:19:40.751344Z[0m [33m WARN[0m [2mredis::cluster_async[0m[2m:[0m DIAG try_cmd_request: node=shohame-global-data-store-iad-0002-001.shohame-global-data-store-iad.ime4qh.use1.cache.amazonaws.com:6379 elapsed=106245ms ok=true
[2m2026-03-16T16:19:40.751349Z[0m [33m WARN[0m [2mredis::cluster_async[0m[2m:[0m DIAG try_cmd_request: node=shohame-global-data-store-iad-0002-001.shohame-global-data-store-iad.ime4qh.use1.cache.amazonaws.com:6379 elapsed=106245ms ok=true
[2m2026-03-16T16:19:40.751353Z[0m [33m WARN[0m [2mredis::cluster_async[0m[2m:[0m DIAG try_cmd_request: node=shohame-global-data-store-iad-0002-001.shohame-global-data-store-iad.ime4qh.use1.cache.amazonaws.com:6379 elapsed=106245ms ok=true
[2m2026-03-16T16:19:40.751357Z[0m [33m WARN[0m [2mredis::cluster_async[0m[2m:[0m DIAG try_cmd_request: node=shohame-global-data-store-iad-0002-001.shohame-global-data-store-iad.ime4qh.use1.cache.amazonaws.com:6379 elapsed=106246ms ok=true
[2m2026-03-16T16:19:40.751361Z[0m [33m WARN[0m [2mredis::cluster_async[0m[2m:[0m DIAG try_cmd_request: node=shohame-global-data-store-iad-0002-001.shohame-global-data-store-iad.ime4qh.use1.cache.amazonaws.com:6379 elapsed=106246ms ok=true
[2m2026-03-16T16:19:40.751367Z[0m [33m WARN[0m [2mredis::cluster_async[0m[2m:[0m DIAG try_cmd_request: node=shohame-global-data-store-iad-0002-001.shohame-global-data-store-iad.ime4qh.use1.cache.amazonaws.com:6379 elapsed=106246ms ok=true
[2m2026-03-16T16:19:40.751371Z[0m [33m WARN[0m [2mredis::cluster_async[0m[2m:[0m DIAG try_cmd_request: node=shohame-global-data-store-iad-0002-001.shohame-global-data-store-iad.ime4qh.use1.cache.amazonaws.com:6379 elapsed=106246ms ok=true
[2m2026-03-16T16:19:40.751375Z[0m [33m WARN[0m [2mredis::cluster_async[0m[2m:[0m DIAG try_cmd_request: node=shohame-global-data-store-iad-0002-001.shohame-global-data-store-iad.ime4qh.use1.cache.amazonaws.com:6379 elapsed=106246ms ok=true
[2m2026-03-16T16:19:40.751379Z[0m [33m WARN[0m [2mredis::cluster_async[0m[2m:[0m DIAG try_cmd_request: node=shohame-global-data-store-iad-0002-001.shohame-global-data-store-iad.ime4qh.use1.cache.amazonaws.com:6379 elapsed=106251ms ok=true
[2m2026-03-16T16:19:40.751384Z[0m [33m WARN[0m [2mredis::cluster_async[0m[2m:[0m DIAG try_cmd_request: node=shohame-global-data-store-iad-0002-001.shohame-global-data-store-iad.ime4qh.use1.cache.amazonaws.com:6379 elapsed=106252ms ok=true
[2m2026-03-16T16:19:40.751395Z[0m [33m WARN[0m [2mredis::cluster_async[0m[2m:[0m DIAG try_cmd_request: node=shohame-global-data-store-iad-0002-001.shohame-global-data-store-iad.ime4qh.use1.cache.amazonaws.com:6379 elapsed=106256ms ok=true
[2m2026-03-16T16:19:40.751399Z[0m [33m WARN[0m [2mredis::cluster_async[0m[2m:[0m DIAG try_cmd_request: node=shohame-global-data-store-iad-0002-001.shohame-global-data-store-iad.ime4qh.use1.cache.amazonaws.com:6379 elapsed=106256ms ok=true
[2m2026-03-16T16:19:40.751404Z[0m [33m WARN[0m [2mredis::cluster_async[0m[2m:[0m DIAG try_cmd_request: node=shohame-global-data-store-iad-0002-001.shohame-global-data-store-iad.ime4qh.use1.cache.amazonaws.com:6379 elapsed=106256ms ok=true
[2m2026-03-16T16:19:40.751408Z[0m [33m WARN[0m [2mredis::cluster_async[0m[2m:[0m DIAG try_cmd_request: node=shohame-global-data-store-iad-0002-001.shohame-global-data-store-iad.ime4qh.use1.cache.amazonaws.com:6379 elapsed=106257ms ok=true
[2m2026-03-16T16:19:40.751413Z[0m [33m WARN[0m [2mredis::cluster_async[0m[2m:[0m DIAG try_cmd_request: node=shohame-global-data-store-iad-0002-001.shohame-global-data-store-iad.ime4qh.use1.cache.amazonaws.com:6379 elapsed=106257ms ok=true
[2m2026-03-16T16:19:40.751421Z[0m [33m WARN[0m [2mredis::cluster_async[0m[2m:[0m DIAG try_cmd_request: node=shohame-global-data-store-iad-0002-001.shohame-global-data-store-iad.ime4qh.use1.cache.amazonaws.com:6379 elapsed=106257ms ok=true
[2m2026-03-16T16:19:40.751428Z[0m [33m WARN[0m [2mredis::cluster_async[0m[2m:[0m DIAG try_cmd_request: node=shohame-global-data-store-iad-0002-001.shohame-global-data-store-iad.ime4qh.use1.cache.amazonaws.com:6379 elapsed=106257ms ok=true
[2m2026-03-16T16:19:40.751434Z[0m [33m WARN[0m [2mredis::cluster_async[0m[2m:[0m DIAG try_cmd_request: node=shohame-global-data-store-iad-0002-001.shohame-global-data-store-iad.ime4qh.use1.cache.amazonaws.com:6379 elapsed=106257ms ok=true
[2m2026-03-16T16:19:40.751440Z[0m [33m WARN[0m [2mredis::cluster_async[0m[2m:[0m DIAG try_cmd_request: node=shohame-global-data-store-iad-0002-001.shohame-global-data-store-iad.ime4qh.use1.cache.amazonaws.com:6379 elapsed=106257ms ok=true
[2m2026-03-16T16:19:40.751448Z[0m [33m WARN[0m [2mredis::cluster_async[0m[2m:[0m DIAG try_cmd_request: node=shohame-global-data-store-iad-0002-001.shohame-global-data-store-iad.ime4qh.use1.cache.amazonaws.com:6379 elapsed=106258ms ok=true
[2m2026-03-16T16:19:40.758801Z[0m [33m WARN[0m [2mredis::cluster_async[0m[2m:[0m DIAG poll_complete: pending_queue=3 in_flight=294910 shed=0 new=3 done=93 cancelled=65 retry=0 refresh=0 reconnect=0
[2m2026-03-16T16:19:40.821842Z[0m [33m WARN[0m [2mlogger_core[0m[2m:[0m run_with_timeout - request timed out after 50ms
[2m2026-03-16T16:19:40.825695Z[0m [33m WARN[0m [2mlogger_core[0m[2m:[0m send_command - DIAG TIMEOUT: cmd=DEL(4528400000000000000000000000000000000000...) timeout=50ms
[2m2026-03-16T16:19:40.836218Z[0m [33m WARN[0m [2mlogger_core[0m[2m:[0m run_with_timeout - request timed out after 50ms
[2m2026-03-16T16:19:40.840544Z[0m [33m WARN[0m [2mglide_rs::jni_client[0m[2m:[0m DIAG cb=1379537 ERROR_CALLBACK: thread=glide-jni-callback-0 error_code=2 msg=timed out    
[2m2026-03-16T16:19:40.842779Z[0m [33m WARN[0m [2mlogger_core[0m[2m:[0m send_command - DIAG TIMEOUT: cmd=DEL(9659600000000000000000000000000000000000...) timeout=50ms
[2m2026-03-16T16:19:40.855552Z[0m [33m WARN[0m [2mlogger_core[0m[2m:[0m run_with_timeout - request timed out after 50ms
[2m2026-03-16T16:19:40.864510Z[0m [33m WARN[0m [2mlogger_core[0m[2m:[0m send_command - DIAG TIMEOUT: cmd=DEL(8049300000000000000000000000000000000000...) timeout=50ms
[2m2026-03-16T16:19:40.864512Z[0m [33m WARN[0m [2mglide_rs::jni_client[0m[2m:[0m DIAG cb=1379523 ERROR_CALLBACK: thread=glide-jni-callback-1 error_code=2 msg=timed out    
[2m2026-03-16T16:19:40.885731Z[0m [33m WARN[0m [2mlogger_core[0m[2m:[0m run_with_timeout - request timed out after 50ms
[2m2026-03-16T16:19:40.882887Z[0m [33m WARN[0m [2mglide_rs::jni_client[0m[2m:[0m DIAG cb=1379534 ERROR_CALLBACK: thread=glide-jni-callback-0 error_code=2 msg=timed out    
[2m2026-03-16T16:19:40.903127Z[0m [33m WARN[0m [2mlogger_core[0m[2m:[0m AsyncRegistry - DIAG AsyncRegistry: pending=59 done_but_pending=0 total_registered=1379583 completed=456584 errors=922940 rejected=0 already_done=0
[2m2026-03-16T16:19:40.900016Z[0m [33m WARN[0m [2mlogger_core[0m[2m:[0m send_command - DIAG TIMEOUT: cmd=DEL(9958700000000000000000000000000000000000...) timeout=50ms
[2m2026-03-16T16:19:40.928121Z[0m [33m WARN[0m [2mlogger_core[0m[2m:[0m run_with_timeout - request timed out after 50ms
[2m2026-03-16T16:19:40.925609Z[0m [33m WARN[0m [2mglide_rs::jni_client[0m[2m:[0m DIAG cb=1379581 ERROR_CALLBACK: thread=glide-jni-callback-1 error_code=2 msg=timed out    
[2m2026-03-16T16:19:40.931282Z[0m [33m WARN[0m [2mlogger_core[0m[2m:[0m send_command - DIAG TIMEOUT: cmd=DEL(9225700000000000000000000000000000000000...) timeout=50ms
[2m2026-03-16T16:19:40.945983Z[0m [33m WARN[0m [2mglide_rs::jni_client[0m[2m:[0m DIAG cb=1379525 ERROR_CALLBACK: thread=glide-jni-callback-0 error_code=2 msg=timed out    
[2m2026-03-16T16:19:40.962665Z[0m [33m WARN[0m [2mlogger_core[0m[2m:[0m run_with_timeout - request timed out after 50ms
[2m2026-03-16T16:19:40.976560Z[0m [33m WARN[0m [2mlogger_core[0m[2m:[0m send_command - DIAG TIMEOUT: cmd=DEL(5922200000000000000000000000000000000000...) timeout=50ms
[2m2026-03-16T16:19:40.998321Z[0m [33m WARN[0m [2mglide_rs::jni_client[0m[2m:[0m DIAG cb=1379522 ERROR_CALLBACK: thread=glide-jni-callback-1 error_code=2 msg=timed out    
[2m2026-03-16T16:19:41.015417Z[0m [33m WARN[0m [2mlogger_core[0m[2m:[0m run_with_timeout - request timed out after 50ms
[2m2026-03-16T16:19:41.023765Z[0m [33m WARN[0m [2mlogger_core[0m[2m:[0m send_command - DIAG TIMEOUT: cmd=DEL(9363300000000000000000000000000000000000...) timeout=50ms
[2m2026-03-16T16:19:41.044786Z[0m [33m WARN[0m [2mglide_rs::jni_client[0m[2m:[0m DIAG cb=1379528 ERROR_CALLBACK: thread=glide-jni-callback-0 error_code=2 msg=timed out    
[2m2026-03-16T16:19:41.047348Z[0m [33m WARN[0m [2mlogger_core[0m[2m:[0m run_with_timeout - request timed out after 50ms
[2m2026-03-16T16:19:41.049413Z[0m [33m WARN[0m [2mlogger_core[0m[2m:[0m send_command - DIAG TIMEOUT: cmd=DEL(5383000000000000000000000000000000000000...) timeout=50ms
[2m2026-03-16T16:19:41.068105Z[0m [33m WARN[0m [2mglide_rs::jni_client[0m[2m:[0m DIAG cb=1379529 ERROR_CALLBACK: thread=glide-jni-callback-1 error_code=2 msg=timed out    
[2m2026-03-16T16:19:41.077199Z[0m [33m WARN[0m [2mlogger_core[0m[2m:[0m run_with_timeout - request timed out after 50ms
[2m2026-03-16T16:19:41.087093Z[0m [33m WARN[0m [2mlogger_core[0m[2m:[0m send_command - DIAG TIMEOUT: cmd=DEL(5784100000000000000000000000000000000000...) timeout=50ms
[2m2026-03-16T16:19:41.103004Z[0m [33m WARN[0m [2mglide_rs::jni_client[0m[2m:[0m DIAG cb=1379527 ERROR_CALLBACK: thread=glide-jni-callback-0 error_code=2 msg=timed out    
[2m2026-03-16T16:19:41.118825Z[0m [33m WARN[0m [2mlogger_core[0m[2m:[0m run_with_timeout - request timed out after 50ms
[2m2026-03-16T16:19:41.125377Z[0m [33m WARN[0m [2mlogger_core[0m[2m:[0m send_command - DIAG TIMEOUT: cmd=DEL(5103500000000000000000000000000000000000...) timeout=50ms
[2m2026-03-16T16:19:41.141974Z[0m [33m WARN[0m [2mglide_rs::jni_client[0m[2m:[0m DIAG cb=1379536 ERROR_CALLBACK: thread=glide-jni-callback-1 error_code=2 msg=timed out    
[2m2026-03-16T16:19:41.150311Z[0m [33m WARN[0m [2mlogger_core[0m[2m:[0m run_with_timeout - request timed out after 50ms
[2m2026-03-16T16:19:41.154039Z[0m [33m WARN[0m [2mlogger_core[0m[2m:[0m send_command - DIAG TIMEOUT: cmd=DEL(8022500000000000000000000000000000000000...) timeout=50ms
[2m2026-03-16T16:19:41.177265Z[0m [33m WARN[0m [2mlogger_core[0m[2m:[0m run_with_timeout - request timed out after 50ms
[2m2026-03-16T16:19:41.172970Z[0m [33m WARN[0m [2mglide_rs::jni_client[0m[2m:[0m DIAG cb=1379530 ERROR_CALLBACK: thread=glide-jni-callback-0 error_code=2 msg=timed out    
[2m2026-03-16T16:19:41.179859Z[0m [33m WARN[0m [2mlogger_core[0m[2m:[0m send_command - DIAG TIMEOUT: cmd=DEL(9219100000000000000000000000000000000000...) timeout=50ms
[2m2026-03-16T16:19:41.200551Z[0m [33m WARN[0m [2mglide_rs::jni_client[0m[2m:[0m DIAG cb=1379531 ERROR_CALLBACK: thread=glide-jni-callback-1 error_code=2 msg=timed out    
[2m2026-03-16T16:19:41.203550Z[0m [33m WARN[0m [2mlogger_core[0m[2m:[0m run_with_timeout - request timed out after 50ms
[2m2026-03-16T16:19:41.204717Z[0m [33m WARN[0m [2mlogger_core[0m[2m:[0m send_command - DIAG TIMEOUT: cmd=DEL(4644500000000000000000000000000000000000...) timeout=50ms
[2m2026-03-16T16:19:41.223367Z[0m [33m WARN[0m [2mglide_rs::jni_client[0m[2m:[0m DIAG cb=1379526 ERROR_CALLBACK: thread=glide-jni-callback-0 error_code=2 msg=timed out    
[2m2026-03-16T16:19:41.229550Z[0m [33m WARN[0m [2mlogger_core[0m[2m:[0m run_with_timeout - request timed out after 50ms
[2m2026-03-16T16:19:41.238701Z[0m [33m WARN[0m [2mlogger_core[0m[2m:[0m send_command - DIAG TIMEOUT: cmd=DEL(7491800000000000000000000000000000000000...) timeout=50ms
[2m2026-03-16T16:19:41.258433Z[0m [33m WARN[0m [2mglide_rs::jni_client[0m[2m:[0m DIAG cb=1379533 ERROR_CALLBACK: thread=glide-jni-callback-1 error_code=2 msg=timed out    
[2m2026-03-16T16:19:41.268724Z[0m [33m WARN[0m [2mlogger_core[0m[2m:[0m run_with_timeout - request timed out after 50ms
[2m2026-03-16T16:19:41.283248Z[0m [33m WARN[0m [2mlogger_core[0m[2m:[0m send_command - DIAG TIMEOUT: cmd=DEL(9782400000000000000000000000000000000000...) timeout=50ms
[2m2026-03-16T16:19:41.301442Z[0m [33m WARN[0m [2mglide_rs::jni_client[0m[2m:[0m DIAG cb=1379524 ERROR_CALLBACK: thread=glide-jni-callback-0 error_code=2 msg=timed out    
[2m2026-03-16T16:19:41.318691Z[0m [33m WARN[0m [2mlogger_core[0m[2m:[0m run_with_timeout - request timed out after 50ms
[2m2026-03-16T16:19:41.324618Z[0m [33m WARN[0m [2mlogger_core[0m[2m:[0m send_command - DIAG TIMEOUT: cmd=DEL(3792700000000000000000000000000000000000...) timeout=50ms
[2m2026-03-16T16:19:41.341962Z[0m [33m WARN[0m [2mglide_rs::jni_client[0m[2m:[0m DIAG cb=1379532 ERROR_CALLBACK: thread=glide-jni-callback-1 error_code=2 msg=timed out    
[2m2026-03-16T16:19:41.355786Z[0m [33m WARN[0m [2mlogger_core[0m[2m:[0m run_with_timeout - request timed out after 50ms
[2m2026-03-16T16:19:41.366116Z[0m [33m WARN[0m [2mlogger_core[0m[2m:[0m send_command - DIAG TIMEOUT: cmd=DEL(6466800000000000000000000000000000000000...) timeout=50ms
[2m2026-03-16T16:19:41.385928Z[0m [33m WARN[0m [2mglide_rs::jni_client[0m[2m:[0m DIAG cb=1379535 ERROR_CALLBACK: thread=glide-jni-callback-0 error_code=2 msg=timed out    
[2m2026-03-16T16:19:41.392470Z[0m [33m WARN[0m [2mlogger_core[0m[2m:[0m run_with_timeout - request timed out after 50ms
[2m2026-03-16T16:19:41.401637Z[0m [33m WARN[0m [2mlogger_core[0m[2m:[0m send_command - DIAG TIMEOUT: cmd=DEL(2284500000000000000000000000000000000000...) timeout=50ms
[2m2026-03-16T16:19:41.419348Z[0m [33m WARN[0m [2mglide_rs::jni_client[0m[2m:[0m DIAG cb=1379538 ERROR_CALLBACK: thread=glide-jni-callback-1 error_code=2 msg=timed out    
[2m2026-03-16T16:19:41.432930Z[0m [33m WARN[0m [2mlogger_core[0m[2m:[0m run_with_timeout - request timed out after 50ms
[2m2026-03-16T16:19:41.438744Z[0m [33m WARN[0m [2mlogger_core[0m[2m:[0m send_command - DIAG TIMEOUT: cmd=DEL(4730000000000000000000000000000000000000...) timeout=50ms
[2m2026-03-16T16:19:41.451861Z[0m [33m WARN[0m [2mglide_rs::jni_client[0m[2m:[0m DIAG cb=1379539 ERROR_CALLBACK: thread=glide-jni-callback-0 error_code=2 msg=timed out    
[2m2026-03-16T16:19:41.468413Z[0m [33m WARN[0m [2mlogger_core[0m[2m:[0m run_with_timeout - request timed out after 50ms
[2m2026-03-16T16:19:41.477604Z[0m [33m WARN[0m [2mlogger_core[0m[2m:[0m send_command - DIAG TIMEOUT: cmd=DEL(9495300000000000000000000000000000000000...) timeout=50ms
[2m2026-03-16T16:19:41.497678Z[0m [33m WARN[0m [2mglide_rs::jni_client[0m[2m:[0m DIAG cb=1379540 ERROR_CALLBACK: thread=glide-jni-callback-1 error_code=2 msg=timed out    
[2m2026-03-16T16:19:41.503050Z[0m [33m WARN[0m [2mlogger_core[0m[2m:[0m run_with_timeout - request timed out after 50ms
[2m2026-03-16T16:19:41.508980Z[0m [33m WARN[0m [2mlogger_core[0m[2m:[0m send_command - DIAG TIMEOUT: cmd=DEL(9273400000000000000000000000000000000000...) timeout=50ms
[2m2026-03-16T16:19:41.529174Z[0m [33m WARN[0m [2mglide_rs::jni_client[0m[2m:[0m DIAG cb=1379541 ERROR_CALLBACK: thread=glide-jni-callback-0 error_code=2 msg=timed out    
[2m2026-03-16T16:19:41.545971Z[0m [33m WARN[0m [2mlogger_core[0m[2m:[0m run_with_timeout - request timed out after 50ms
[2m2026-03-16T16:19:41.554085Z[0m [33m WARN[0m [2mlogger_core[0m[2m:[0m send_command - DIAG TIMEOUT: cmd=DEL(6786000000000000000000000000000000000000...) timeout=50ms
[2m2026-03-16T16:19:41.576404Z[0m [33m WARN[0m [2mglide_rs::jni_client[0m[2m:[0m DIAG cb=1379543 ERROR_CALLBACK: thread=glide-jni-callback-1 error_code=2 msg=timed out    
[2m2026-03-16T16:19:41.594340Z[0m [33m WARN[0m [2mlogger_core[0m[2m:[0m run_with_timeout - request timed out after 50ms
[2m2026-03-16T16:19:41.603873Z[0m [33m WARN[0m [2mlogger_core[0m[2m:[0m send_command - DIAG TIMEOUT: cmd=DEL(6113300000000000000000000000000000000000...) timeout=50ms
[2m2026-03-16T16:19:41.621731Z[0m [33m WARN[0m [2mglide_rs::jni_client[0m[2m:[0m DIAG cb=1379542 ERROR_CALLBACK: thread=glide-jni-callback-0 error_code=2 msg=timed out    
[2m2026-03-16T16:19:41.636419Z[0m [33m WARN[0m [2mlogger_core[0m[2m:[0m run_with_timeout - request timed out after 50ms
[2m2026-03-16T16:19:41.644172Z[0m [33m WARN[0m [2mlogger_core[0m[2m:[0m send_command - DIAG TIMEOUT: cmd=DEL(1369600000000000000000000000000000000000...) timeout=50ms
[2m2026-03-16T16:19:41.660863Z[0m [33m WARN[0m [2mglide_rs::jni_client[0m[2m:[0m DIAG cb=1379544 ERROR_CALLBACK: thread=glide-jni-callback-1 error_code=2 msg=timed out    
[2m2026-03-16T16:19:41.680180Z[0m [33m WARN[0m [2mlogger_core[0m[2m:[0m run_with_timeout - request timed out after 50ms
[2m2026-03-16T16:19:41.688565Z[0m [33m WARN[0m [2mlogger_core[0m[2m:[0m send_command - DIAG TIMEOUT: cmd=DEL(5551600000000000000000000000000000000000...) timeout=50ms
[2m2026-03-16T16:19:41.705754Z[0m [33m WARN[0m [2mglide_rs::jni_client[0m[2m:[0m DIAG cb=1379548 ERROR_CALLBACK: thread=glide-jni-callback-0 error_code=2 msg=timed out    
[2m2026-03-16T16:19:41.710415Z[0m [33m WARN[0m [2mlogger_core[0m[2m:[0m run_with_timeout - request timed out after 50ms
[2026-03-16 16:19:41.715] [SLOW DEL] took 2002ms
[2m2026-03-16T16:19:41.715083Z[0m [33m WARN[0m [2mlogger_core[0m[2m:[0m send_command - DIAG TIMEOUT: cmd=DEL(2682800000000000000000000000000000000000...) timeout=50ms
[2m2026-03-16T16:19:41.740596Z[0m [33m WARN[0m [2mglide_rs::jni_client[0m[2m:[0m DIAG cb=1379549 ERROR_CALLBACK: thread=glide-jni-callback-1 error_code=2 msg=timed out    
[2026-03-16 16:19:41.750] [SLOW DEL] took 2037ms
[2m2026-03-16T16:19:41.751626Z[0m [33m WARN[0m [2mlogger_core[0m[2m:[0m run_with_timeout - request timed out after 50ms
[2m2026-03-16T16:19:41.762393Z[0m [33m WARN[0m [2mlogger_core[0m[2m:[0m send_command - DIAG TIMEOUT: cmd=DEL(2931400000000000000000000000000000000000...) timeout=50ms
[2m2026-03-16T16:19:41.782422Z[0m [33m WARN[0m [2mglide_rs::jni_client[0m[2m:[0m DIAG cb=1379545 ERROR_CALLBACK: thread=glide-jni-callback-0 error_code=2 msg=timed out    
[2026-03-16 16:19:41.794] [SLOW DEL] took 2082ms
[2m2026-03-16T16:19:41.799529Z[0m [33m WARN[0m [2mlogger_core[0m[2m:[0m run_with_timeout - request timed out after 50ms
[2m2026-03-16T16:19:41.810935Z[0m [33m WARN[0m [2mlogger_core[0m[2m:[0m send_command - DIAG TIMEOUT: cmd=DEL(9218500000000000000000000000000000000000...) timeout=50ms
[2m2026-03-16T16:19:41.830892Z[0m [33m WARN[0m [2mglide_rs::jni_client[0m[2m:[0m DIAG cb=1379547 ERROR_CALLBACK: thread=glide-jni-callback-1 error_code=2 msg=timed out    
[2026-03-16 16:19:41.840] [SLOW DEL] took 2127ms
[2m2026-03-16T16:19:41.843041Z[0m [33m WARN[0m [2mlogger_core[0m[2m:[0m run_with_timeout - request timed out after 50ms
[2m2026-03-16T16:19:41.852651Z[0m [33m WARN[0m [2mlogger_core[0m[2m:[0m send_command - DIAG TIMEOUT: cmd=DEL(5222900000000000000000000000000000000000...) timeout=50ms
[2m2026-03-16T16:19:41.874251Z[0m [33m WARN[0m [2mglide_rs::jni_client[0m[2m:[0m DIAG cb=1379546 ERROR_CALLBACK: thread=glide-jni-callback-0 error_code=2 msg=timed out    
[2026-03-16 16:19:41.878] [SLOW DEL] took 2165ms
[2m2026-03-16T16:19:41.889696Z[0m [33m WARN[0m [2mlogger_core[0m[2m:[0m run_with_timeout - request timed out after 50ms
[2m2026-03-16T16:19:41.893957Z[0m [33m WARN[0m [2mlogger_core[0m[2m:[0m send_command - DIAG TIMEOUT: cmd=DEL(9981100000000000000000000000000000000000...) timeout=50ms
[2m2026-03-16T16:19:41.911668Z[0m [33m WARN[0m [2mglide_rs::jni_client[0m[2m:[0m DIAG cb=1379550 ERROR_CALLBACK: thread=glide-jni-callback-1 error_code=2 msg=timed out    
[2026-03-16 16:19:41.919] [SLOW DEL] took 2206ms
[2m2026-03-16T16:19:41.931112Z[0m [33m WARN[0m [2mlogger_core[0m[2m:[0m run_with_timeout - request timed out after 50ms
[2m2026-03-16T16:19:41.940911Z[0m [33m WARN[0m [2mlogger_core[0m[2m:[0m send_command - DIAG TIMEOUT: cmd=DEL(8091000000000000000000000000000000000000...) timeout=50ms
[2m2026-03-16T16:19:41.964179Z[0m [33m WARN[0m [2mglide_rs::jni_client[0m[2m:[0m DIAG cb=1379551 ERROR_CALLBACK: thread=glide-jni-callback-0 error_code=2 msg=timed out    
[2026-03-16 16:19:41.974] [SLOW DEL] took 2261ms
[2m2026-03-16T16:19:41.977710Z[0m [33m WARN[0m [2mlogger_core[0m[2m:[0m run_with_timeout - request timed out after 50ms
[2m2026-03-16T16:19:41.991361Z[0m [33m WARN[0m [2mlogger_core[0m[2m:[0m send_command - DIAG TIMEOUT: cmd=DEL(3169400000000000000000000000000000000000...) timeout=50ms
[2m2026-03-16T16:19:42.012915Z[0m [33m WARN[0m [2mglide_rs::jni_client[0m[2m:[0m DIAG cb=1379552 ERROR_CALLBACK: thread=glide-jni-callback-1 error_code=2 msg=timed out    
[2026-03-16 16:19:42.019] [SLOW DEL] took 2306ms
[2m2026-03-16T16:19:42.026300Z[0m [33m WARN[0m [2mlogger_core[0m[2m:[0m run_with_timeout - request timed out after 50ms
[2m2026-03-16T16:19:42.034281Z[0m [33m WARN[0m [2mlogger_core[0m[2m:[0m send_command - DIAG TIMEOUT: cmd=DEL(4509300000000000000000000000000000000000...) timeout=50ms
[2m2026-03-16T16:19:42.044693Z[0m [33m WARN[0m [2mglide_rs::jni_client[0m[2m:[0m DIAG cb=1379553 ERROR_CALLBACK: thread=glide-jni-callback-0 error_code=2 msg=timed out    
[2026-03-16 16:19:42.053] [SLOW DEL] took 2340ms
[2m2026-03-16T16:19:42.067670Z[0m [33m WARN[0m [2mlogger_core[0m[2m:[0m run_with_timeout - request timed out after 50ms
[2m2026-03-16T16:19:42.071978Z[0m [33m WARN[0m [2mlogger_core[0m[2m:[0m send_command - DIAG TIMEOUT: cmd=DEL(2869500000000000000000000000000000000000...) timeout=50ms
[2m2026-03-16T16:19:42.093230Z[0m [33m WARN[0m [2mglide_rs::jni_client[0m[2m:[0m DIAG cb=1379554 ERROR_CALLBACK: thread=glide-jni-callback-1 error_code=2 msg=timed out    
[2026-03-16 16:19:42.104] [SLOW DEL] took 2391ms
[2m2026-03-16T16:19:42.108368Z[0m [33m WARN[0m [2mlogger_core[0m[2m:[0m run_with_timeout - request timed out after 50ms
[2m2026-03-16T16:19:42.115315Z[0m [33m WARN[0m [2mlogger_core[0m[2m:[0m send_command - DIAG TIMEOUT: cmd=DEL(7599300000000000000000000000000000000000...) timeout=50ms
[2m2026-03-16T16:19:42.130190Z[0m [33m WARN[0m [2mlogger_core[0m[2m:[0m run_with_timeout - request timed out after 50ms
[2m2026-03-16T16:19:42.130908Z[0m [33m WARN[0m [2mglide_rs::jni_client[0m[2m:[0m DIAG cb=1379610 ERROR_CALLBACK: thread=glide-jni-callback-0 error_code=2 msg=timed out    
[2m2026-03-16T16:19:42.140243Z[0m [33m WARN[0m [2mlogger_core[0m[2m:[0m send_command - DIAG TIMEOUT: cmd=DEL(8725400000000000000000000000000000000000...) timeout=50ms
[2m2026-03-16T16:19:42.163291Z[0m [33m WARN[0m [2mglide_rs::jni_client[0m[2m:[0m DIAG cb=1379555 ERROR_CALLBACK: thread=glide-jni-callback-1 error_code=2 msg=timed out    
[2m2026-03-16T16:19:42.174854Z[0m [33m WARN[0m [2mlogger_core[0m[2m:[0m run_with_timeout - request timed out after 50ms
[2026-03-16 16:19:42.177] [SLOW DEL] took 2464ms
[2m2026-03-16T16:19:42.177548Z[0m [33m WARN[0m [2mlogger_core[0m[2m:[0m send_command - DIAG TIMEOUT: cmd=DEL(5174100000000000000000000000000000000000...) timeout=50ms
[2m2026-03-16T16:19:42.195341Z[0m [33m WARN[0m [2mglide_rs::jni_client[0m[2m:[0m DIAG cb=1379558 ERROR_CALLBACK: thread=glide-jni-callback-0 error_code=2 msg=timed out    
[2026-03-16 16:19:42.208] [SLOW DEL] took 2495ms
[2m2026-03-16T16:19:42.206700Z[0m [33m WARN[0m [2mlogger_core[0m[2m:[0m run_with_timeout - request timed out after 50ms
[2m2026-03-16T16:19:42.221459Z[0m [33m WARN[0m [2mlogger_core[0m[2m:[0m send_command - DIAG TIMEOUT: cmd=DEL(2727300000000000000000000000000000000000...) timeout=50ms
[2m2026-03-16T16:19:42.244578Z[0m [33m WARN[0m [2mglide_rs::jni_client[0m[2m:[0m DIAG cb=1379557 ERROR_CALLBACK: thread=glide-jni-callback-1 error_code=2 msg=timed out    
[2026-03-16 16:19:42.258] [SLOW DEL] took 2545ms
[2m2026-03-16T16:19:42.262143Z[0m [33m WARN[0m [2mlogger_core[0m[2m:[0m run_with_timeout - request timed out after 50ms
[2m2026-03-16T16:19:42.267736Z[0m [33m WARN[0m [2mlogger_core[0m[2m:[0m send_command - DIAG TIMEOUT: cmd=DEL(4676800000000000000000000000000000000000...) timeout=50ms
[2m2026-03-16T16:19:42.285922Z[0m [33m WARN[0m [2mglide_rs::jni_client[0m[2m:[0m DIAG cb=1379559 ERROR_CALLBACK: thread=glide-jni-callback-0 error_code=2 msg=timed out    
[2026-03-16 16:19:42.292] [SLOW DEL] took 2579ms
[2m2026-03-16T16:19:42.308064Z[0m [33m WARN[0m [2mlogger_core[0m[2m:[0m run_with_timeout - request timed out after 50ms
[2m2026-03-16T16:19:42.314232Z[0m [33m WARN[0m [2mlogger_core[0m[2m:[0m send_command - DIAG TIMEOUT: cmd=DEL(5901000000000000000000000000000000000000...) timeout=50ms
[2m2026-03-16T16:19:42.339615Z[0m [33m WARN[0m [2mglide_rs::jni_client[0m[2m:[0m DIAG cb=1379556 ERROR_CALLBACK: thread=glide-jni-callback-1 error_code=2 msg=timed out    
[2m2026-03-16T16:19:42.348492Z[0m [33m WARN[0m [2mlogger_core[0m[2m:[0m run_with_timeout - request timed out after 50ms
[2m2026-03-16T16:19:42.354846Z[0m [33m WARN[0m [2mlogger_core[0m[2m:[0m send_command - DIAG TIMEOUT: cmd=DEL(1155000000000000000000000000000000000000...) timeout=50ms
[2026-03-16 16:19:42.355] [SLOW DEL] took 2642ms
[2m2026-03-16T16:19:42.384594Z[0m [33m WARN[0m [2mlogger_core[0m[2m:[0m run_with_timeout - request timed out after 50ms
[2m2026-03-16T16:19:42.376421Z[0m [33m WARN[0m [2mglide_rs::jni_client[0m[2m:[0m DIAG cb=1379560 ERROR_CALLBACK: thread=glide-jni-callback-0 error_code=2 msg=timed out    
[2m2026-03-16T16:19:42.386914Z[0m [33m WARN[0m [2mlogger_core[0m[2m:[0m send_command - DIAG TIMEOUT: cmd=DEL(7527800000000000000000000000000000000000...) timeout=50ms
[2026-03-16 16:19:42.396] [SLOW DEL] took 2683ms
[2m2026-03-16T16:19:42.407999Z[0m [33m WARN[0m [2mglide_rs::jni_client[0m[2m:[0m DIAG cb=1379561 ERROR_CALLBACK: thread=glide-jni-callback-1 error_code=2 msg=timed out    
[2026-03-16 16:19:42.422] [SLOW DEL] took 2709ms
[2m2026-03-16T16:19:42.426565Z[0m [33m WARN[0m [2mlogger_core[0m[2m:[0m run_with_timeout - request timed out after 50ms
[2m2026-03-16T16:19:42.436991Z[0m [33m WARN[0m [2mlogger_core[0m[2m:[0m send_command - DIAG TIMEOUT: cmd=DEL(7934800000000000000000000000000000000000...) timeout=50ms
[2m2026-03-16T16:19:42.452727Z[0m [33m WARN[0m [2mglide_rs::jni_client[0m[2m:[0m DIAG cb=1379562 ERROR_CALLBACK: thread=glide-jni-callback-0 error_code=2 msg=timed out    
[2026-03-16 16:19:42.469] [SLOW DEL] took 2756ms
[2m2026-03-16T16:19:42.473243Z[0m [33m WARN[0m [2mlogger_core[0m[2m:[0m run_with_timeout - request timed out after 50ms
[2m2026-03-16T16:19:42.481925Z[0m [33m WARN[0m [2mlogger_core[0m[2m:[0m send_command - DIAG TIMEOUT: cmd=DEL(5832700000000000000000000000000000000000...) timeout=50ms
[2m2026-03-16T16:19:42.503733Z[0m [33m WARN[0m [2mglide_rs::jni_client[0m[2m:[0m DIAG cb=1379563 ERROR_CALLBACK: thread=glide-jni-callback-1 error_code=2 msg=timed out    
[2026-03-16 16:19:42.509] [SLOW DEL] took 2795ms
[2m2026-03-16T16:19:42.524308Z[0m [33m WARN[0m [2mlogger_core[0m[2m:[0m run_with_timeout - request timed out after 50ms
[2m2026-03-16T16:19:42.530621Z[0m [33m WARN[0m [2mlogger_core[0m[2m:[0m send_command - DIAG TIMEOUT: cmd=DEL(7434200000000000000000000000000000000000...) timeout=50ms
[2m2026-03-16T16:19:42.555377Z[0m [33m WARN[0m [2mglide_rs::jni_client[0m[2m:[0m DIAG cb=1379564 ERROR_CALLBACK: thread=glide-jni-callback-0 error_code=2 msg=timed out    
[2026-03-16 16:19:42.567] [SLOW DEL] took 2853ms
[2m2026-03-16T16:19:42.573595Z[0m [33m WARN[0m [2mlogger_core[0m[2m:[0m run_with_timeout - request timed out after 50ms
[2m2026-03-16T16:19:42.588800Z[0m [33m WARN[0m [2mlogger_core[0m[2m:[0m send_command - DIAG TIMEOUT: cmd=DEL(5525400000000000000000000000000000000000...) timeout=50ms
[2m2026-03-16T16:19:42.614386Z[0m [33m WARN[0m [2mglide_rs::jni_client[0m[2m:[0m DIAG cb=1379565 ERROR_CALLBACK: thread=glide-jni-callback-1 error_code=2 msg=timed out    
[2m2026-03-16T16:19:42.633187Z[0m [33m WARN[0m [2mlogger_core[0m[2m:[0m run_with_timeout - request timed out after 50ms
[2026-03-16 16:19:42.637] [SLOW DEL] took 2923ms
[2m2026-03-16T16:19:42.645250Z[0m [33m WARN[0m [2mlogger_core[0m[2m:[0m send_command - DIAG TIMEOUT: cmd=DEL(2151300000000000000000000000000000000000...) timeout=50ms
[2m2026-03-16T16:19:42.673744Z[0m [33m WARN[0m [2mglide_rs::jni_client[0m[2m:[0m DIAG cb=1379566 ERROR_CALLBACK: thread=glide-jni-callback-0 error_code=2 msg=timed out    
[2m2026-03-16T16:19:42.682672Z[0m [33m WARN[0m [2mlogger_core[0m[2m:[0m run_with_timeout - request timed out after 50ms
[2026-03-16 16:19:42.688] [SLOW DEL] took 2974ms
[2m2026-03-16T16:19:42.687133Z[0m [33m WARN[0m [2mlogger_core[0m[2m:[0m send_command - DIAG TIMEOUT: cmd=DEL(1251000000000000000000000000000000000000...) timeout=50ms
[2026-03-16 16:19:42.715] !!! DEL STUCK after 3s | thread=pool-1-thread-40 | key0=3247900000...
[2026-03-16 16:19:42.715] !!! DEL STUCK after 3s | thread=pool-1-thread-1 | key0=8812400000...
[2026-03-16 16:19:42.715] !!! DEL STUCK after 3s | thread=pool-1-thread-45 | key0=4031200000...
[2026-03-16 16:19:42.715] !!! DEL STUCK after 3s | thread=pool-1-thread-21 | key0=7163000000...
[2026-03-16 16:19:42.715] !!! DEL STUCK after 3s | thread=pool-1-thread-38 | key0=4795600000...
[2026-03-16 16:19:42.715] !!! DEL STUCK after 3s | thread=pool-1-thread-27 | key0=1251000000...
[2026-03-16 16:19:42.715] !!! DEL STUCK after 3s | thread=pool-1-thread-36 | key0=8314000000...
[2026-03-16 16:19:42.715] !!! DEL STUCK after 3s | thread=pool-1-thread-19 | key0=8327000000...
[2026-03-16 16:19:42.715] !!! DEL STUCK after 3s | thread=pool-1-thread-20 | key0=9569500000...
[2026-03-16 16:19:42.715] !!! DEL STUCK after 3s | thread=pool-1-thread-31 | key0=6492200000...
[2026-03-16 16:19:42.715] !!! DEL STUCK after 3s | thread=pool-1-thread-18 | key0=7663500000...
[2026-03-16 16:19:42.715] !!! DEL STUCK after 3s | thread=pool-1-thread-14 | key0=6930100000...
[2026-03-16 16:19:42.717] !!! DEL STUCK after 3s | thread=pool-1-thread-48 | key0=1168100000...
[2m2026-03-16T16:19:42.717778Z[0m [33m WARN[0m [2mglide_rs::jni_client[0m[2m:[0m DIAG cb=1379567 ERROR_CALLBACK: thread=glide-jni-callback-1 error_code=2 msg=timed out    
[2m2026-03-16T16:19:42.723881Z[0m [33m WARN[0m [2mlogger_core[0m[2m:[0m run_with_timeout - request timed out after 50ms
[2m2026-03-16T16:19:42.727739Z[0m [33m WARN[0m [2mlogger_core[0m[2m:[0m send_command - DIAG TIMEOUT: cmd=DEL(8327000000000000000000000000000000000000...) timeout=50ms
[2026-03-16 16:19:42.734] !!! DEL FAILED after 3020ms | thread=pool-1-thread-27 | error=timed out
[2026-03-16 16:19:42.734] [SLOW DEL] took 3020ms
[2m2026-03-16T16:19:42.755699Z[0m [33m WARN[0m [2mglide_rs::jni_client[0m[2m:[0m DIAG cb=1379568 ERROR_CALLBACK: thread=glide-jni-callback-0 error_code=2 msg=timed out    
[2m2026-03-16T16:19:42.769105Z[0m [33m WARN[0m [2mlogger_core[0m[2m:[0m run_with_timeout - request timed out after 50ms
[2026-03-16 16:19:42.778] !!! DEL FAILED after 3064ms | thread=pool-1-thread-19 | error=timed out
[2026-03-16 16:19:42.778] [SLOW DEL] took 3064ms
[2m2026-03-16T16:19:42.776306Z[0m [33m WARN[0m [2mlogger_core[0m[2m:[0m send_command - DIAG TIMEOUT: cmd=DEL(8314000000000000000000000000000000000000...) timeout=50ms
[2m2026-03-16T16:19:42.804865Z[0m [33m WARN[0m [2mglide_rs::jni_client[0m[2m:[0m DIAG cb=1379569 ERROR_CALLBACK: thread=glide-jni-callback-1 error_code=2 msg=timed out    
[2m2026-03-16T16:19:42.814032Z[0m [33m WARN[0m [2mlogger_core[0m[2m:[0m run_with_timeout - request timed out after 50ms
[2026-03-16 16:19:42.825] !!! DEL FAILED after 3111ms | thread=pool-1-thread-36 | error=timed out
[2026-03-16 16:19:42.825] [SLOW DEL] took 3111ms
[2m2026-03-16T16:19:42.821014Z[0m [33m WARN[0m [2mlogger_core[0m[2m:[0m send_command - DIAG TIMEOUT: cmd=DEL(3247900000000000000000000000000000000000...) timeout=50ms
[2m2026-03-16T16:19:42.854234Z[0m [33m WARN[0m [2mglide_rs::jni_client[0m[2m:[0m DIAG cb=1379570 ERROR_CALLBACK: thread=glide-jni-callback-0 error_code=2 msg=timed out    
[2026-03-16 16:19:42.875] !!! DEL FAILED after 3161ms | thread=pool-1-thread-40 | error=timed out
[2m2026-03-16T16:19:42.869521Z[0m [33m WARN[0m [2mlogger_core[0m[2m:[0m run_with_timeout - request timed out after 50ms
[2026-03-16 16:19:42.875] [SLOW DEL] took 3161ms
[2026-03-16 16:19:42.875] !!! DEL STUCK after 3s | thread=pool-1-thread-46 | key0=1972400000...
[2m2026-03-16T16:19:42.884811Z[0m [33m WARN[0m [2mlogger_core[0m[2m:[0m send_command - DIAG TIMEOUT: cmd=DEL(8812400000000000000000000000000000000000...) timeout=50ms
[2m2026-03-16T16:19:42.909117Z[0m [33m WARN[0m [2mglide_rs::jni_client[0m[2m:[0m DIAG cb=1379571 ERROR_CALLBACK: thread=glide-jni-callback-1 error_code=2 msg=timed out    
[2026-03-16 16:19:42.927] !!! DEL FAILED after 3213ms | thread=pool-1-thread-1 | error=timed out
[2026-03-16 16:19:42.927] [SLOW DEL] took 3213ms
[2m2026-03-16T16:19:42.948515Z[0m [33m WARN[0m [2mlogger_core[0m[2m:[0m run_with_timeout - request timed out after 50ms
[2m2026-03-16T16:19:42.956801Z[0m [33m WARN[0m [2mlogger_core[0m[2m:[0m send_command - DIAG TIMEOUT: cmd=DEL(7163000000000000000000000000000000000000...) timeout=50ms
[2m2026-03-16T16:19:42.982493Z[0m [33m WARN[0m [2mglide_rs::jni_client[0m[2m:[0m DIAG cb=1379572 ERROR_CALLBACK: thread=glide-jni-callback-0 error_code=2 msg=timed out    
[2026-03-16 16:19:43.003] !!! DEL FAILED after 3289ms | thread=pool-1-thread-21 | error=timed out
[2026-03-16 16:19:43.004] [SLOW DEL] took 3290ms
[2m2026-03-16T16:19:43.000706Z[0m [33m WARN[0m [2mlogger_core[0m[2m:[0m run_with_timeout - request timed out after 50ms
[2m2026-03-16T16:19:43.019438Z[0m [33m WARN[0m [2mlogger_core[0m[2m:[0m send_command - DIAG TIMEOUT: cmd=DEL(4031200000000000000000000000000000000000...) timeout=50ms
[2m2026-03-16T16:19:43.052604Z[0m [33m WARN[0m [2mglide_rs::jni_client[0m[2m:[0m DIAG cb=1379573 ERROR_CALLBACK: thread=glide-jni-callback-1 error_code=2 msg=timed out    
[2026-03-16 16:19:43.069] !!! DEL FAILED after 3355ms | thread=pool-1-thread-45 | error=timed out
[2026-03-16 16:19:43.069] [SLOW DEL] took 3355ms
[2m2026-03-16T16:19:43.065954Z[0m [33m WARN[0m [2mlogger_core[0m[2m:[0m run_with_timeout - request timed out after 50ms
[2m2026-03-16T16:19:43.081100Z[0m [33m WARN[0m [2mlogger_core[0m[2m:[0m send_command - DIAG TIMEOUT: cmd=DEL(4795600000000000000000000000000000000000...) timeout=50ms
[2m2026-03-16T16:19:43.111297Z[0m [33m WARN[0m [2mglide_rs::jni_client[0m[2m:[0m DIAG cb=1379574 ERROR_CALLBACK: thread=glide-jni-callback-0 error_code=2 msg=timed out    
[2m2026-03-16T16:19:43.123399Z[0m [33m WARN[0m [2mlogger_core[0m[2m:[0m run_with_timeout - request timed out after 50ms
[2026-03-16 16:19:43.127] !!! DEL FAILED after 3413ms | thread=pool-1-thread-38 | error=timed out
[2026-03-16 16:19:43.128] [SLOW DEL] took 3414ms
[2m2026-03-16T16:19:43.134689Z[0m [33m WARN[0m [2mlogger_core[0m[2m:[0m send_command - DIAG TIMEOUT: cmd=DEL(7663500000000000000000000000000000000000...) timeout=50ms
[2m2026-03-16T16:19:43.168299Z[0m [33m WARN[0m [2mglide_rs::jni_client[0m[2m:[0m DIAG cb=1379575 ERROR_CALLBACK: thread=glide-jni-callback-1 error_code=2 msg=timed out    
[2026-03-16 16:19:43.178] !!! DEL FAILED after 3464ms | thread=pool-1-thread-18 | error=timed out
[2026-03-16 16:19:43.179] [SLOW DEL] took 3465ms
[2m2026-03-16T16:19:43.200534Z[0m [33m WARN[0m [2mlogger_core[0m[2m:[0m run_with_timeout - request timed out after 50ms
[2m2026-03-16T16:19:43.211058Z[0m [33m WARN[0m [2mlogger_core[0m[2m:[0m send_command - DIAG TIMEOUT: cmd=DEL(9569500000000000000000000000000000000000...) timeout=50ms
[2m2026-03-16T16:19:43.259378Z[0m [33m WARN[0m [2mlogger_core[0m[2m:[0m run_with_timeout - request timed out after 50ms
[2m2026-03-16T16:19:43.248725Z[0m [33m WARN[0m [2mglide_rs::jni_client[0m[2m:[0m DIAG cb=1379576 ERROR_CALLBACK: thread=glide-jni-callback-0 error_code=2 msg=timed out    
[2m2026-03-16T16:19:43.264049Z[0m [33m WARN[0m [2mlogger_core[0m[2m:[0m send_command - DIAG TIMEOUT: cmd=DEL(6930100000000000000000000000000000000000...) timeout=50ms
[2026-03-16 16:19:43.269] !!! DEL FAILED after 3554ms | thread=pool-1-thread-20 | error=timed out
[2026-03-16 16:19:43.270] [SLOW DEL] took 3555ms
[2m2026-03-16T16:19:43.297990Z[0m [33m WARN[0m [2mglide_rs::jni_client[0m[2m:[0m DIAG cb=1379577 ERROR_CALLBACK: thread=glide-jni-callback-1 error_code=2 msg=timed out    
[2026-03-16 16:19:43.319] !!! DEL FAILED after 3604ms | thread=pool-1-thread-14 | error=timed out
[2026-03-16 16:19:43.319] [SLOW DEL] took 3604ms
[2m2026-03-16T16:19:43.320781Z[0m [33m WARN[0m [2mlogger_core[0m[2m:[0m run_with_timeout - request timed out after 50ms
[2m2026-03-16T16:19:43.343151Z[0m [33m WARN[0m [2mlogger_core[0m[2m:[0m send_command - DIAG TIMEOUT: cmd=DEL(6492200000000000000000000000000000000000...) timeout=50ms
[2m2026-03-16T16:19:43.374109Z[0m [33m WARN[0m [2mglide_rs::jni_client[0m[2m:[0m DIAG cb=1379578 ERROR_CALLBACK: thread=glide-jni-callback-0 error_code=2 msg=timed out    
[2026-03-16 16:19:43.392] !!! DEL FAILED after 3677ms | thread=pool-1-thread-31 | error=timed out
[2026-03-16 16:19:43.392] [SLOW DEL] took 3677ms
[2m2026-03-16T16:19:43.396423Z[0m [33m WARN[0m [2mlogger_core[0m[2m:[0m run_with_timeout - request timed out after 50ms
[2m2026-03-16T16:19:43.412601Z[0m [33m WARN[0m [2mlogger_core[0m[2m:[0m send_command - DIAG TIMEOUT: cmd=DEL(1168100000000000000000000000000000000000...) timeout=50ms
[2m2026-03-16T16:19:43.450866Z[0m [33m WARN[0m [2mglide_rs::jni_client[0m[2m:[0m DIAG cb=1379579 ERROR_CALLBACK: thread=glide-jni-callback-1 error_code=2 msg=timed out    
[2026-03-16 16:19:43.469] !!! DEL FAILED after 3752ms | thread=pool-1-thread-48 | error=timed out
[2026-03-16 16:19:43.469] [SLOW DEL] took 3752ms
[2m2026-03-16T16:19:43.466991Z[0m [33m WARN[0m [2mlogger_core[0m[2m:[0m run_with_timeout - request timed out after 50ms
[2m2026-03-16T16:19:43.489983Z[0m [33m WARN[0m [2mlogger_core[0m[2m:[0m send_command - DIAG TIMEOUT: cmd=DEL(1972400000000000000000000000000000000000...) timeout=50ms
[2m2026-03-16T16:19:43.521519Z[0m [33m WARN[0m [2mglide_rs::jni_client[0m[2m:[0m DIAG cb=1379580 ERROR_CALLBACK: thread=glide-jni-callback-0 error_code=2 msg=timed out    
[2026-03-16 16:19:43.541] !!! DEL FAILED after 3671ms | thread=pool-1-thread-46 | error=timed out
[2026-03-16 16:19:43.541] [SLOW DEL] took 3671ms
[2m2026-03-16T16:19:43.553127Z[0m [33m WARN[0m [2mredis::aio::multiplexed_connection[0m[2m:[0m DIAG send_recv: pipeline channel send took 39801ms (backpressure from slow TCP)
[2m2026-03-16T16:19:43.575039Z[0m [33m WARN[0m [2mredis::aio::multiplexed_connection[0m[2m:[0m DIAG send_recv: pipeline channel send took 39822ms (backpressure from slow TCP)
[2m2026-03-16T16:19:43.591289Z[0m [33m WARN[0m [2mredis::aio::multiplexed_connection[0m[2m:[0m DIAG send_recv: pipeline channel send took 39839ms (backpressure from slow TCP)
[2m2026-03-16T16:19:43.603803Z[0m [33m WARN[0m [2mredis::aio::multiplexed_connection[0m[2m:[0m DIAG send_recv: pipeline channel send took 39850ms (backpressure from slow TCP)
[2m2026-03-16T16:19:43.606755Z[0m [33m WARN[0m [2mredis::aio::multiplexed_connection[0m[2m:[0m DIAG send_recv: pipeline channel send took 39856ms (backpressure from slow TCP)
[2m2026-03-16T16:19:43.606760Z[0m [33m WARN[0m [2mredis::aio::multiplexed_connection[0m[2m:[0m DIAG send_recv: pipeline channel send took 39856ms (backpressure from slow TCP)
[2m2026-03-16T16:19:43.606764Z[0m [33m WARN[0m [2mredis::aio::multiplexed_connection[0m[2m:[0m DIAG send_recv: pipeline channel send took 39852ms (backpressure from slow TCP)
[2m2026-03-16T16:19:43.606768Z[0m [33m WARN[0m [2mredis::aio::multiplexed_connection[0m[2m:[0m DIAG send_recv: pipeline channel send took 39852ms (backpressure from slow TCP)
[2m2026-03-16T16:19:43.606771Z[0m [33m WARN[0m [2mredis::aio::multiplexed_connection[0m[2m:[0m DIAG send_recv: pipeline channel send took 39852ms (backpressure from slow TCP)
[2m2026-03-16T16:19:43.606775Z[0m [33m WARN[0m [2mredis::aio::multiplexed_connection[0m[2m:[0m DIAG send_recv: pipeline channel send took 39852ms (backpressure from slow TCP)
[2m2026-03-16T16:19:43.606778Z[0m [33m WARN[0m [2mredis::aio::multiplexed_connection[0m[2m:[0m DIAG send_recv: pipeline channel send took 39852ms (backpressure from slow TCP)
[2m2026-03-16T16:19:43.606782Z[0m [33m WARN[0m [2mredis::aio::multiplexed_connection[0m[2m:[0m DIAG send_recv: pipeline channel send took 39852ms (backpressure from slow TCP)
[2m2026-03-16T16:19:43.606785Z[0m [33m WARN[0m [2mredis::aio::multiplexed_connection[0m[2m:[0m DIAG send_recv: pipeline channel send took 39852ms (backpressure from slow TCP)
[2m2026-03-16T16:19:43.606789Z[0m [33m WARN[0m [2mredis::aio::multiplexed_connection[0m[2m:[0m DIAG send_recv: pipeline channel send took 39852ms (backpressure from slow TCP)
[2m2026-03-16T16:19:43.606793Z[0m [33m WARN[0m [2mredis::aio::multiplexed_connection[0m[2m:[0m DIAG send_recv: pipeline channel send took 39852ms (backpressure from slow TCP)
[2m2026-03-16T16:19:43.606796Z[0m [33m WARN[0m [2mredis::aio::multiplexed_connection[0m[2m:[0m DIAG send_recv: pipeline channel send took 39852ms (backpressure from slow TCP)
[2m2026-03-16T16:19:43.606800Z[0m [33m WARN[0m [2mredis::aio::multiplexed_connection[0m[2m:[0m DIAG send_recv: pipeline channel send took 39852ms (backpressure from slow TCP)
[2m2026-03-16T16:19:43.606804Z[0m [33m WARN[0m [2mredis::aio::multiplexed_connection[0m[2m:[0m DIAG send_recv: pipeline channel send took 39852ms (backpressure from slow TCP)
[2m2026-03-16T16:19:43.606808Z[0m [33m WARN[0m [2mredis::aio::multiplexed_connection[0m[2m:[0m DIAG send_recv: pipeline channel send took 39852ms (backpressure from slow TCP)
[2m2026-03-16T16:19:43.606811Z[0m [33m WARN[0m [2mredis::aio::multiplexed_connection[0m[2m:[0m DIAG send_recv: pipeline channel send took 39852ms (backpressure from slow TCP)
[2m2026-03-16T16:19:43.606814Z[0m [33m WARN[0m [2mredis::aio::multiplexed_connection[0m[2m:[0m DIAG send_recv: pipeline channel send took 39852ms (backpressure from slow TCP)
[2m2026-03-16T16:19:43.606817Z[0m [33m WARN[0m [2mredis::aio::multiplexed_connection[0m[2m:[0m DIAG send_recv: pipeline channel send took 39852ms (backpressure from slow TCP)
[2m2026-03-16T16:19:43.606821Z[0m [33m WARN[0m [2mredis::aio::multiplexed_connection[0m[2m:[0m DIAG send_recv: pipeline channel send took 39851ms (backpressure from slow TCP)
[2m2026-03-16T16:19:43.606824Z[0m [33m WARN[0m [2mredis::aio::multiplexed_connection[0m[2m:[0m DIAG send_recv: pipeline channel send took 39851ms (backpressure from slow TCP)
[2m2026-03-16T16:19:43.606828Z[0m [33m WARN[0m [2mredis::aio::multiplexed_connection[0m[2m:[0m DIAG send_recv: pipeline channel send took 39851ms (backpressure from slow TCP)
[2m2026-03-16T16:19:43.606832Z[0m [33m WARN[0m [2mredis::aio::multiplexed_connection[0m[2m:[0m DIAG send_recv: pipeline channel send took 39851ms (backpressure from slow TCP)
[2m2026-03-16T16:19:43.606836Z[0m [33m WARN[0m [2mredis::aio::multiplexed_connection[0m[2m:[0m DIAG send_recv: pipeline channel send took 39851ms (backpressure from slow TCP)
[2m2026-03-16T16:19:43.606840Z[0m [33m WARN[0m [2mredis::aio::multiplexed_connection[0m[2m:[0m DIAG send_recv: pipeline channel send took 39845ms (backpressure from slow TCP)
[2m2026-03-16T16:19:43.606843Z[0m [33m WARN[0m [2mredis::aio::multiplexed_connection[0m[2m:[0m DIAG send_recv: pipeline channel send took 39845ms (backpressure from slow TCP)
[2m2026-03-16T16:19:43.606846Z[0m [33m WARN[0m [2mredis::aio::multiplexed_connection[0m[2m:[0m DIAG send_recv: pipeline channel send took 39845ms (backpressure from slow TCP)
[2m2026-03-16T16:19:43.606849Z[0m [33m WARN[0m [2mredis::aio::multiplexed_connection[0m[2m:[0m DIAG send_recv: pipeline channel send took 39845ms (backpressure from slow TCP)
[2m2026-03-16T16:19:43.606853Z[0m [33m WARN[0m [2mredis::aio::multiplexed_connection[0m[2m:[0m DIAG send_recv: pipeline channel send took 39845ms (backpressure from slow TCP)
[2m2026-03-16T16:19:43.606856Z[0m [33m WARN[0m [2mredis::aio::multiplexed_connection[0m[2m:[0m DIAG send_recv: pipeline channel send took 39845ms (backpressure from slow TCP)
[2m2026-03-16T16:19:43.606860Z[0m [33m WARN[0m [2mredis::aio::multiplexed_connection[0m[2m:[0m DIAG send_recv: pipeline channel send took 39845ms (backpressure from slow TCP)
[2m2026-03-16T16:19:43.606864Z[0m [33m WARN[0m [2mredis::aio::multiplexed_connection[0m[2m:[0m DIAG send_recv: pipeline channel send took 39845ms (backpressure from slow TCP)
[2m2026-03-16T16:19:43.606869Z[0m [33m WARN[0m [2mredis::aio::multiplexed_connection[0m[2m:[0m DIAG send_recv: pipeline channel send took 39845ms (backpressure from slow TCP)
[2m2026-03-16T16:19:43.606873Z[0m [33m WARN[0m [2mredis::aio::multiplexed_connection[0m[2m:[0m DIAG send_recv: pipeline channel send took 39844ms (backpressure from slow TCP)
[2m2026-03-16T16:19:43.606876Z[0m [33m WARN[0m [2mredis::aio::multiplexed_connection[0m[2m:[0m DIAG send_recv: pipeline channel send took 39844ms (backpressure from slow TCP)
[2m2026-03-16T16:19:43.606880Z[0m [33m WARN[0m [2mredis::aio::multiplexed_connection[0m[2m:[0m DIAG send_recv: pipeline channel send took 39844ms (backpressure from slow TCP)
[2m2026-03-16T16:19:43.606884Z[0m [33m WARN[0m [2mredis::aio::multiplexed_connection[0m[2m:[0m DIAG send_recv: pipeline channel send took 39844ms (backpressure from slow TCP)
[2m2026-03-16T16:19:43.606887Z[0m [33m WARN[0m [2mredis::aio::multiplexed_connection[0m[2m:[0m DIAG send_recv: pipeline channel send took 39844ms (backpressure from slow TCP)
[2m2026-03-16T16:19:43.606891Z[0m [33m WARN[0m [2mredis::aio::multiplexed_connection[0m[2m:[0m DIAG send_recv: pipeline channel send took 39842ms (backpressure from slow TCP)
[2m2026-03-16T16:19:43.606894Z[0m [33m WARN[0m [2mredis::aio::multiplexed_connection[0m[2m:[0m DIAG send_recv: pipeline channel send took 39842ms (backpressure from slow TCP)
[2m2026-03-16T16:19:43.606898Z[0m [33m WARN[0m [2mredis::aio::multiplexed_connection[0m[2m:[0m DIAG send_recv: pipeline channel send took 39842ms (backpressure from slow TCP)
[2m2026-03-16T16:19:43.606901Z[0m [33m WARN[0m [2mredis::aio::multiplexed_connection[0m[2m:[0m DIAG send_recv: pipeline channel send took 39841ms (backpressure from slow TCP)
[2m2026-03-16T16:19:43.606904Z[0m [33m WARN[0m [2mredis::aio::multiplexed_connection[0m[2m:[0m DIAG send_recv: pipeline channel send took 39841ms (backpressure from slow TCP)
[2m2026-03-16T16:19:43.606908Z[0m [33m WARN[0m [2mredis::aio::multiplexed_connection[0m[2m:[0m DIAG send_recv: pipeline channel send took 39840ms (backpressure from slow TCP)
[2m2026-03-16T16:19:43.606912Z[0m [33m WARN[0m [2mredis::aio::multiplexed_connection[0m[2m:[0m DIAG send_recv: pipeline channel send took 39839ms (backpressure from slow TCP)
[2m2026-03-16T16:19:43.606915Z[0m [33m WARN[0m [2mredis::aio::multiplexed_connection[0m[2m:[0m DIAG send_recv: pipeline channel send took 39839ms (backpressure from slow TCP)
[2m2026-03-16T16:19:43.606919Z[0m [33m WARN[0m [2mredis::aio::multiplexed_connection[0m[2m:[0m DIAG send_recv: pipeline channel send took 39839ms (backpressure from slow TCP)
[2m2026-03-16T16:19:43.612421Z[0m [33m WARN[0m [2mredis::cluster_async[0m[2m:[0m DIAG try_cmd_request: node=shohame-global-data-store-iad-0003-001.shohame-global-data-store-iad.ime4qh.use1.cache.amazonaws.com:6379 elapsed=40123ms ok=true
[2m2026-03-16T16:19:43.621342Z[0m [33m WARN[0m [2mredis::cluster_async[0m[2m:[0m DIAG try_cmd_request: node=shohame-global-data-store-iad-0003-001.shohame-global-data-store-iad.ime4qh.use1.cache.amazonaws.com:6379 elapsed=40133ms ok=true
[2m2026-03-16T16:19:43.621364Z[0m [33m WARN[0m [2mredis::cluster_async[0m[2m:[0m DIAG try_cmd_request: node=shohame-global-data-store-iad-0003-001.shohame-global-data-store-iad.ime4qh.use1.cache.amazonaws.com:6379 elapsed=40133ms ok=true
[2m2026-03-16T16:19:43.621370Z[0m [33m WARN[0m [2mredis::cluster_async[0m[2m:[0m DIAG try_cmd_request: node=shohame-global-data-store-iad-0003-001.shohame-global-data-store-iad.ime4qh.use1.cache.amazonaws.com:6379 elapsed=40133ms ok=true
[2m2026-03-16T16:19:43.621374Z[0m [33m WARN[0m [2mredis::cluster_async[0m[2m:[0m DIAG try_cmd_request: node=shohame-global-data-store-iad-0003-001.shohame-global-data-store-iad.ime4qh.use1.cache.amazonaws.com:6379 elapsed=40133ms ok=true
[2m2026-03-16T16:19:43.621379Z[0m [33m WARN[0m [2mredis::cluster_async[0m[2m:[0m DIAG try_cmd_request: node=shohame-global-data-store-iad-0003-001.shohame-global-data-store-iad.ime4qh.use1.cache.amazonaws.com:6379 elapsed=40133ms ok=true
[2m2026-03-16T16:19:43.621383Z[0m [33m WARN[0m [2mredis::cluster_async[0m[2m:[0m DIAG try_cmd_request: node=shohame-global-data-store-iad-0003-001.shohame-global-data-store-iad.ime4qh.use1.cache.amazonaws.com:6379 elapsed=40132ms ok=true
[2m2026-03-16T16:19:43.621388Z[0m [33m WARN[0m [2mredis::cluster_async[0m[2m:[0m DIAG try_cmd_request: node=shohame-global-data-store-iad-0003-001.shohame-global-data-store-iad.ime4qh.use1.cache.amazonaws.com:6379 elapsed=40132ms ok=true
[2m2026-03-16T16:19:43.621392Z[0m [33m WARN[0m [2mredis::cluster_async[0m[2m:[0m DIAG try_cmd_request: node=shohame-global-data-store-iad-0003-001.shohame-global-data-store-iad.ime4qh.use1.cache.amazonaws.com:6379 elapsed=40132ms ok=true
[2m2026-03-16T16:19:43.621397Z[0m [33m WARN[0m [2mredis::cluster_async[0m[2m:[0m DIAG try_cmd_request: node=shohame-global-data-store-iad-0003-001.shohame-global-data-store-iad.ime4qh.use1.cache.amazonaws.com:6379 elapsed=40129ms ok=true
[2m2026-03-16T16:19:43.621402Z[0m [33m WARN[0m [2mredis::cluster_async[0m[2m:[0m DIAG try_cmd_request: node=shohame-global-data-store-iad-0003-001.shohame-global-data-store-iad.ime4qh.use1.cache.amazonaws.com:6379 elapsed=40129ms ok=true
[2m2026-03-16T16:19:43.621407Z[0m [33m WARN[0m [2mredis::cluster_async[0m[2m:[0m DIAG try_cmd_request: node=shohame-global-data-store-iad-0003-001.shohame-global-data-store-iad.ime4qh.use1.cache.amazonaws.com:6379 elapsed=40129ms ok=true
[2m2026-03-16T16:19:43.621412Z[0m [33m WARN[0m [2mredis::cluster_async[0m[2m:[0m DIAG try_cmd_request: node=shohame-global-data-store-iad-0003-001.shohame-global-data-store-iad.ime4qh.use1.cache.amazonaws.com:6379 elapsed=40129ms ok=true
[2m2026-03-16T16:19:43.621417Z[0m [33m WARN[0m [2mredis::cluster_async[0m[2m:[0m DIAG try_cmd_request: node=shohame-global-data-store-iad-0003-001.shohame-global-data-store-iad.ime4qh.use1.cache.amazonaws.com:6379 elapsed=40129ms ok=true
[2m2026-03-16T16:19:43.621422Z[0m [33m WARN[0m [2mredis::cluster_async[0m[2m:[0m DIAG try_cmd_request: node=shohame-global-data-store-iad-0003-001.shohame-global-data-store-iad.ime4qh.use1.cache.amazonaws.com:6379 elapsed=40128ms ok=true
[2m2026-03-16T16:19:43.621428Z[0m [33m WARN[0m [2mredis::cluster_async[0m[2m:[0m DIAG try_cmd_request: node=shohame-global-data-store-iad-0003-001.shohame-global-data-store-iad.ime4qh.use1.cache.amazonaws.com:6379 elapsed=40128ms ok=true
[2m2026-03-16T16:19:43.621433Z[0m [33m WARN[0m [2mredis::cluster_async[0m[2m:[0m DIAG try_cmd_request: node=shohame-global-data-store-iad-0003-001.shohame-global-data-store-iad.ime4qh.use1.cache.amazonaws.com:6379 elapsed=40124ms ok=true
[2m2026-03-16T16:19:43.621439Z[0m [33m WARN[0m [2mredis::cluster_async[0m[2m:[0m DIAG try_cmd_request: node=shohame-global-data-store-iad-0003-001.shohame-global-data-store-iad.ime4qh.use1.cache.amazonaws.com:6379 elapsed=40124ms ok=true
[2m2026-03-16T16:19:43.621450Z[0m [33m WARN[0m [2mredis::cluster_async[0m[2m:[0m DIAG try_cmd_request: node=shohame-global-data-store-iad-0003-001.shohame-global-data-store-iad.ime4qh.use1.cache.amazonaws.com:6379 elapsed=40124ms ok=true
[2m2026-03-16T16:19:43.621456Z[0m [33m WARN[0m [2mredis::cluster_async[0m[2m:[0m DIAG try_cmd_request: node=shohame-global-data-store-iad-0003-001.shohame-global-data-store-iad.ime4qh.use1.cache.amazonaws.com:6379 elapsed=40123ms ok=true
[2m2026-03-16T16:19:43.621461Z[0m [33m WARN[0m [2mredis::cluster_async[0m[2m:[0m DIAG try_cmd_request: node=shohame-global-data-store-iad-0003-001.shohame-global-data-store-iad.ime4qh.use1.cache.amazonaws.com:6379 elapsed=40123ms ok=true
[2m2026-03-16T16:19:43.652954Z[0m [33m WARN[0m [2mredis::cluster_async[0m[2m:[0m DIAG poll_complete: pending_queue=57 in_flight=294927 shed=1 new=56 done=21 cancelled=18 retry=0 refresh=0 reconnect=0
[2m2026-03-16T16:19:43.854682Z[0m [33m WARN[0m [2mlogger_core[0m[2m:[0m run_with_timeout - request timed out after 50ms
[2026-03-16 16:19:43.865] !!! DEL STUCK after 3s | thread=pool-1-thread-54 | key0=1400200000...
[2m2026-03-16T16:19:43.863955Z[0m [33m WARN[0m [2mlogger_core[0m[2m:[0m send_command - DIAG TIMEOUT: cmd=DEL(1400200000000000000000000000000000000000...) timeout=50ms
[2026-03-16 16:19:43.892] !!! DEL STUCK after 3s | thread=pool-1-thread-34 | key0=5364800000...
[2026-03-16 16:19:43.911] !!! DEL STUCK after 3s | thread=pool-1-thread-47 | key0=5309500000...
[2m2026-03-16T16:19:43.901064Z[0m [33m WARN[0m [2mglide_rs::jni_client[0m[2m:[0m DIAG cb=1379582 ERROR_CALLBACK: thread=glide-jni-callback-1 error_code=2 msg=timed out    
[2026-03-16 16:19:43.942] !!! DEL STUCK after 3s | thread=pool-1-thread-35 | key0=5347600000...
[2026-03-16 16:19:43.942] !!! DEL FAILED after 3095ms | thread=pool-1-thread-54 | error=timed out
[2026-03-16 16:19:43.942] [SLOW DEL] took 3095ms
[2m2026-03-16T16:19:43.938831Z[0m [33m WARN[0m [2mlogger_core[0m[2m:[0m run_with_timeout - request timed out after 50ms
[2m2026-03-16T16:19:43.964000Z[0m [33m WARN[0m [2mlogger_core[0m[2m:[0m send_command - DIAG TIMEOUT: cmd=DEL(1518900000000000000000000000000000000000...) timeout=50ms
[2026-03-16 16:19:43.974] !!! DEL STUCK after 3s | thread=pool-1-thread-49 | key0=7442300000...
[2026-03-16 16:19:44.015] !!! DEL STUCK after 3s | thread=pool-1-thread-39 | key0=7934300000...
[2m2026-03-16T16:19:44.000941Z[0m [33m WARN[0m [2mglide_rs::jni_client[0m[2m:[0m DIAG cb=1379641 ERROR_CALLBACK: thread=glide-jni-callback-0 error_code=2 msg=timed out    
[2m2026-03-16T16:19:44.027023Z[0m [33m WARN[0m [2mlogger_core[0m[2m:[0m run_with_timeout - request timed out after 50ms
[2026-03-16 16:19:44.056] !!! DEL STUCK after 3s | thread=pool-1-thread-43 | key0=5362000000...
[2m2026-03-16T16:19:44.056073Z[0m [33m WARN[0m [2mlogger_core[0m[2m:[0m send_command - DIAG TIMEOUT: cmd=DEL(5364800000000000000000000000000000000000...) timeout=50ms
[2026-03-16 16:19:44.082] !!! DEL STUCK after 3s | thread=pool-1-thread-33 | key0=8205300000...
[2026-03-16 16:19:44.120] !!! DEL STUCK after 3s | thread=pool-1-thread-41 | key0=8155000000...
[2m2026-03-16T16:19:44.107883Z[0m [33m WARN[0m [2mglide_rs::jni_client[0m[2m:[0m DIAG cb=1379583 ERROR_CALLBACK: thread=glide-jni-callback-1 error_code=2 msg=timed out    
[2m2026-03-16T16:19:44.132287Z[0m [33m WARN[0m [2mlogger_core[0m[2m:[0m run_with_timeout - request timed out after 50ms
[2026-03-16 16:19:44.150] !!! DEL FAILED after 3275ms | thread=pool-1-thread-34 | error=timed out
[2026-03-16 16:19:44.150] [SLOW DEL] took 3275ms
[2026-03-16 16:19:44.162] !!! DEL STUCK after 3s | thread=pool-1-thread-24 | key0=2672900000...
[2m2026-03-16T16:19:44.162953Z[0m [33m WARN[0m [2mlogger_core[0m[2m:[0m send_command - DIAG TIMEOUT: cmd=DEL(5309500000000000000000000000000000000000...) timeout=50ms
[2026-03-16 16:19:44.193] !!! DEL STUCK after 3s | thread=pool-1-thread-30 | key0=3382400000...
[2026-03-16 16:19:44.212] !!! DEL STUCK after 3s | thread=pool-1-thread-53 | key0=8120900000...
[2026-03-16 16:19:44.236] !!! DEL STUCK after 3s | thread=pool-1-thread-37 | key0=7699900000...
[2m2026-03-16T16:19:44.241134Z[0m [33m WARN[0m [2mlogger_core[0m[2m:[0m run_with_timeout - request timed out after 50ms
[2m2026-03-16T16:19:44.212953Z[0m [33m WARN[0m [2mglide_rs::jni_client[0m[2m:[0m DIAG cb=1379584 ERROR_CALLBACK: thread=glide-jni-callback-0 error_code=2 msg=timed out    
[2026-03-16 16:19:44.262] !!! DEL FAILED after 3363ms | thread=pool-1-thread-47 | error=timed out
[2026-03-16 16:19:44.262] [SLOW DEL] took 3363ms
[2m2026-03-16T16:19:44.254846Z[0m [33m WARN[0m [2mlogger_core[0m[2m:[0m send_command - DIAG TIMEOUT: cmd=DEL(5347600000000000000000000000000000000000...) timeout=50ms
[2026-03-16 16:19:44.279] !!! DEL STUCK after 3s | thread=pool-1-thread-25 | key0=4474900000...
[2m2026-03-16T16:19:44.298536Z[0m [33m WARN[0m [2mlogger_core[0m[2m:[0m run_with_timeout - request timed out after 50ms
[2m2026-03-16T16:19:44.298524Z[0m [33m WARN[0m [2mglide_rs::jni_client[0m[2m:[0m DIAG cb=1379585 ERROR_CALLBACK: thread=glide-jni-callback-1 error_code=2 msg=timed out    
[2026-03-16 16:19:44.315] !!! DEL STUCK after 3s | thread=pool-1-thread-29 | key0=5868100000...
[2026-03-16 16:19:44.325] !!! DEL FAILED after 3390ms | thread=pool-1-thread-35 | error=timed out
[2026-03-16 16:19:44.325] [SLOW DEL] took 3390ms
[2m2026-03-16T16:19:44.323836Z[0m [33m WARN[0m [2mlogger_core[0m[2m:[0m send_command - DIAG TIMEOUT: cmd=DEL(7442300000000000000000000000000000000000...) timeout=50ms
[2026-03-16 16:19:44.362] !!! DEL STUCK after 3s | thread=pool-1-thread-57 | key0=3775500000...
[2m2026-03-16T16:19:44.373408Z[0m [33m WARN[0m [2mlogger_core[0m[2m:[0m run_with_timeout - request timed out after 50ms
[2m2026-03-16T16:19:44.379011Z[0m [33m WARN[0m [2mglide_rs::jni_client[0m[2m:[0m DIAG cb=1379586 ERROR_CALLBACK: thread=glide-jni-callback-0 error_code=2 msg=timed out    
[2026-03-16 16:19:44.393] !!! DEL FAILED after 3430ms | thread=pool-1-thread-49 | error=timed out
[2026-03-16 16:19:44.394] [SLOW DEL] took 3431ms
[2026-03-16 16:19:44.402] !!! DEL STUCK after 3s | thread=pool-1-thread-17 | key0=5132800000...
[2m2026-03-16T16:19:44.392493Z[0m [33m WARN[0m [2mlogger_core[0m[2m:[0m send_command - DIAG TIMEOUT: cmd=DEL(7934300000000000000000000000000000000000...) timeout=50ms
[2026-03-16 16:19:44.432] !!! DEL STUCK after 3s | thread=pool-1-thread-28 | key0=9822300000...
[2026-03-16 16:19:44.467] !!! DEL STUCK after 3s | thread=pool-1-thread-42 | key0=9575800000...
[2m2026-03-16T16:19:44.455145Z[0m [33m WARN[0m [2mglide_rs::jni_client[0m[2m:[0m DIAG cb=1379587 ERROR_CALLBACK: thread=glide-jni-callback-1 error_code=2 msg=timed out    
[2m2026-03-16T16:19:44.482449Z[0m [33m WARN[0m [2mlogger_core[0m[2m:[0m run_with_timeout - request timed out after 50ms
[2026-03-16 16:19:44.498] !!! DEL FAILED after 3491ms | thread=pool-1-thread-39 | error=timed out
[2026-03-16 16:19:44.498] [SLOW DEL] took 3491ms
[2026-03-16 16:19:44.507] !!! DEL STUCK after 3s | thread=pool-1-thread-22 | key0=5560800000...
[2m2026-03-16T16:19:44.497238Z[0m [33m WARN[0m [2mlogger_core[0m[2m:[0m send_command - DIAG TIMEOUT: cmd=DEL(5362000000000000000000000000000000000000...) timeout=50ms
[2026-03-16 16:19:44.551] !!! DEL STUCK after 3s | thread=pool-1-thread-60 | key0=2930500000...
[2m2026-03-16T16:19:44.546296Z[0m [33m WARN[0m [2mglide_rs::jni_client[0m[2m:[0m DIAG cb=1379588 ERROR_CALLBACK: thread=glide-jni-callback-0 error_code=2 msg=timed out    
[2m2026-03-16T16:19:44.573446Z[0m [33m WARN[0m [2mlogger_core[0m[2m:[0m run_with_timeout - request timed out after 50ms
[2026-03-16 16:19:44.580] !!! DEL FAILED after 3529ms | thread=pool-1-thread-43 | error=timed out
[2026-03-16 16:19:44.581] [SLOW DEL] took 3530ms
[2026-03-16 16:19:44.600] !!! DEL STUCK after 3s | thread=pool-1-thread-7 | key0=7782100000...
[2m2026-03-16T16:19:44.593342Z[0m [33m WARN[0m [2mlogger_core[0m[2m:[0m send_command - DIAG TIMEOUT: cmd=DEL(8205300000000000000000000000000000000000...) timeout=50ms
[2026-03-16 16:19:44.635] !!! DEL STUCK after 3s | thread=pool-1-thread-55 | key0=5682300000...
[2m2026-03-16T16:19:44.644665Z[0m [33m WARN[0m [2mglide_rs::jni_client[0m[2m:[0m DIAG cb=1379589 ERROR_CALLBACK: thread=glide-jni-callback-1 error_code=2 msg=timed out    
[2m2026-03-16T16:19:44.664441Z[0m [33m WARN[0m [2mlogger_core[0m[2m:[0m run_with_timeout - request timed out after 50ms
[2026-03-16 16:19:44.677] !!! DEL FAILED after 3602ms | thread=pool-1-thread-33 | error=timed out
[2026-03-16 16:19:44.677] [SLOW DEL] took 3602ms
[2026-03-16 16:19:44.680] !!! DEL STUCK after 3s | thread=pool-1-thread-11 | key0=1205300000...
[2m2026-03-16T16:19:44.684285Z[0m [33m WARN[0m [2mlogger_core[0m[2m:[0m send_command - DIAG TIMEOUT: cmd=DEL(8155000000000000000000000000000000000000...) timeout=50ms
[2026-03-16 16:19:44.726] !!! DEL STUCK after 3s | thread=pool-1-thread-8 | key0=4775600000...
[2m2026-03-16T16:19:44.733156Z[0m [33m WARN[0m [2mglide_rs::jni_client[0m[2m:[0m DIAG cb=1379590 ERROR_CALLBACK: thread=glide-jni-callback-0 error_code=2 msg=timed out    
[2026-03-16 16:19:44.761] !!! DEL STUCK after 3s | thread=pool-1-thread-26 | key0=6512500000...
[2026-03-16 16:19:44.771] !!! DEL FAILED after 3660ms | thread=pool-1-thread-41 | error=timed out
[2026-03-16 16:19:44.771] [SLOW DEL] took 3660ms
[2m2026-03-16T16:19:44.763739Z[0m [33m WARN[0m [2mlogger_core[0m[2m:[0m run_with_timeout - request timed out after 50ms
[2m2026-03-16T16:19:44.792634Z[0m [33m WARN[0m [2mlogger_core[0m[2m:[0m send_command - DIAG TIMEOUT: cmd=DEL(2672900000000000000000000000000000000000...) timeout=50ms
[2026-03-16 16:19:44.807] !!! DEL STUCK after 3s | thread=pool-1-thread-56 | key0=6746200000...
[2026-03-16 16:19:44.848] !!! DEL STUCK after 3s | thread=pool-1-thread-59 | key0=9408900000...
[2m2026-03-16T16:19:44.835378Z[0m [33m WARN[0m [2mglide_rs::jni_client[0m[2m:[0m DIAG cb=1379591 ERROR_CALLBACK: thread=glide-jni-callback-1 error_code=2 msg=timed out    
[2026-03-16 16:19:44.860] !!! DEL FAILED after 3707ms | thread=pool-1-thread-24 | error=timed out
[2026-03-16 16:19:44.861] [SLOW DEL] took 3708ms
[2m2026-03-16T16:19:44.860941Z[0m [33m WARN[0m [2mlogger_core[0m[2m:[0m run_with_timeout - request timed out after 50ms
[2m2026-03-16T16:19:44.886371Z[0m [33m WARN[0m [2mlogger_core[0m[2m:[0m send_command - DIAG TIMEOUT: cmd=DEL(3382400000000000000000000000000000000000...) timeout=50ms
[2026-03-16 16:19:44.931] !!! DEL STUCK after 3s | thread=pool-1-thread-13 | key0=2753000000...
[2m2026-03-16T16:19:44.930959Z[0m [33m WARN[0m [2mglide_rs::jni_client[0m[2m:[0m DIAG cb=1379592 ERROR_CALLBACK: thread=glide-jni-callback-0 error_code=2 msg=timed out    
[2m2026-03-16T16:19:44.962358Z[0m [33m WARN[0m [2mlogger_core[0m[2m:[0m run_with_timeout - request timed out after 50ms
[2026-03-16 16:19:44.971] !!! DEL FAILED after 3786ms | thread=pool-1-thread-30 | error=timed out
[2026-03-16 16:19:44.971] [SLOW DEL] took 3786ms
[2026-03-16 16:19:44.987] !!! DEL STUCK after 3s | thread=pool-1-thread-50 | key0=5255200000...
[2m2026-03-16T16:19:44.984869Z[0m [33m WARN[0m [2mlogger_core[0m[2m:[0m send_command - DIAG TIMEOUT: cmd=DEL(8120900000000000000000000000000000000000...) timeout=50ms
[2026-03-16 16:19:45.029] !!! DEL STUCK after 3s | thread=pool-1-thread-10 | key0=6485300000...
[2m2026-03-16T16:19:45.037555Z[0m [33m WARN[0m [2mglide_rs::jni_client[0m[2m:[0m DIAG cb=1379593 ERROR_CALLBACK: thread=glide-jni-callback-1 error_code=2 msg=timed out    
[2026-03-16 16:19:45.065] !!! DEL STUCK after 3s | thread=pool-1-thread-15 | key0=2881100000...
[2m2026-03-16T16:19:45.085753Z[0m [33m WARN[0m [2mlogger_core[0m[2m:[0m run_with_timeout - request timed out after 50ms
[2026-03-16 16:19:45.103] !!! DEL FAILED after 3897ms | thread=pool-1-thread-53 | error=timed out
[2026-03-16 16:19:45.103] [SLOW DEL] took 3897ms
[2026-03-16 16:19:45.116] !!! DEL STUCK after 3s | thread=pool-1-thread-6 | key0=1957400000...
[2m2026-03-16T16:19:45.120298Z[0m [33m WARN[0m [2mlogger_core[0m[2m:[0m send_command - DIAG TIMEOUT: cmd=DEL(7699900000000000000000000000000000000000...) timeout=50ms
[2026-03-16 16:19:45.148] !!! DEL STUCK after 3s | thread=pool-1-thread-51 | key0=3930200000...
[2026-03-16 16:19:45.183] !!! DEL STUCK after 3s | thread=pool-1-thread-23 | key0=1011300000...
[2026-03-16 16:19:45.223] !!! DEL STUCK after 3s | thread=pool-1-thread-32 | key0=2207900000...
[2m2026-03-16T16:19:45.192305Z[0m [33m WARN[0m [2mglide_rs::jni_client[0m[2m:[0m DIAG cb=1379594 ERROR_CALLBACK: thread=glide-jni-callback-0 error_code=2 msg=timed out    
[2m2026-03-16T16:19:45.220767Z[0m [33m WARN[0m [2mlogger_core[0m[2m:[0m run_with_timeout - request timed out after 50ms
[2026-03-16 16:19:45.255] !!! DEL FAILED after 4027ms | thread=pool-1-thread-37 | error=timed out
[2026-03-16 16:19:45.255] [SLOW DEL] took 4027ms
[2026-03-16 16:19:45.266] !!! DEL STUCK after 3s | thread=pool-1-thread-5 | key0=6099600000...
[2m2026-03-16T16:19:45.257554Z[0m [33m WARN[0m [2mlogger_core[0m[2m:[0m send_command - DIAG TIMEOUT: cmd=DEL(4474900000000000000000000000000000000000...) timeout=50ms
[2026-03-16 16:19:45.302] !!! DEL STUCK after 3s | thread=pool-1-thread-12 | key0=2786800000...
[2m2026-03-16T16:19:45.320541Z[0m [33m WARN[0m [2mglide_rs::jni_client[0m[2m:[0m DIAG cb=1379595 ERROR_CALLBACK: thread=glide-jni-callback-1 error_code=2 msg=timed out    
[2026-03-16 16:19:45.376] !!! DEL STUCK after 3s | thread=pool-1-thread-2 | key0=1485100000...
[2m2026-03-16T16:19:45.357430Z[0m [33m WARN[0m [2mlogger_core[0m[2m:[0m run_with_timeout - request timed out after 50ms
[2026-03-16 16:19:45.395] !!! DEL FAILED after 4125ms | thread=pool-1-thread-25 | error=timed out
[2026-03-16 16:19:45.396] [SLOW DEL] took 4126ms
[2026-03-16 16:19:45.408] !!! DEL STUCK after 3s | thread=pool-1-thread-44 | key0=2088900000...
[2026-03-16 16:19:45.432] !!! DEL STUCK after 3s | thread=pool-1-thread-3 | key0=7433400000...
[2m2026-03-16T16:19:45.400391Z[0m [33m WARN[0m [2mlogger_core[0m[2m:[0m send_command - DIAG TIMEOUT: cmd=DEL(5868100000000000000000000000000000000000...) timeout=50ms
[2026-03-16 16:19:45.482] !!! DEL STUCK after 3s | thread=pool-1-thread-9 | key0=7956200000...
[2m2026-03-16T16:19:45.473896Z[0m [33m WARN[0m [2mglide_rs::jni_client[0m[2m:[0m DIAG cb=1379596 ERROR_CALLBACK: thread=glide-jni-callback-0 error_code=2 msg=timed out    
[2026-03-16 16:19:45.517] !!! DEL STUCK after 3s | thread=pool-1-thread-58 | key0=1992000000...
[2026-03-16 16:19:45.527] !!! DEL FAILED after 4219ms | thread=pool-1-thread-29 | error=timed out
[2026-03-16 16:19:45.527] [SLOW DEL] took 4219ms
[2m2026-03-16T16:19:45.519057Z[0m [33m WARN[0m [2mlogger_core[0m[2m:[0m run_with_timeout - request timed out after 50ms
[2m2026-03-16T16:19:45.550605Z[0m [33m WARN[0m [2mlogger_core[0m[2m:[0m send_command - DIAG TIMEOUT: cmd=DEL(3775500000000000000000000000000000000000...) timeout=50ms
[2026-03-16 16:19:45.581] !!! DEL STUCK after 3s | thread=pool-1-thread-16 | key0=3030500000...
[2m2026-03-16T16:19:45.595052Z[0m [33m WARN[0m [2mglide_rs::jni_client[0m[2m:[0m DIAG cb=1379597 ERROR_CALLBACK: thread=glide-jni-callback-1 error_code=2 msg=timed out    
[2026-03-16 16:19:45.646] !!! DEL STUCK after 3s | thread=pool-1-thread-4 | key0=9925300000...
[2026-03-16 16:19:45.667] !!! DEL FAILED after 4315ms | thread=pool-1-thread-57 | error=timed out
[2026-03-16 16:19:45.667] [SLOW DEL] took 4315ms
[2m2026-03-16T16:19:45.667125Z[0m [33m WARN[0m [2mlogger_core[0m[2m:[0m run_with_timeout - request timed out after 50ms
[2026-03-16 16:19:45.698] !!! DEL STUCK after 3s | thread=pool-1-thread-52 | key0=7261900000...
[2m2026-03-16T16:19:45.711751Z[0m [33m WARN[0m [2mlogger_core[0m[2m:[0m send_command - DIAG TIMEOUT: cmd=DEL(5132800000000000000000000000000000000000...) timeout=50ms
[2026-03-16 16:19:45.749] !!! DEL STUCK after 3s | thread=pool-1-thread-27 | key0=8770000000...
[2m2026-03-16T16:19:45.764935Z[0m [33m WARN[0m [2mglide_rs::jni_client[0m[2m:[0m DIAG cb=1379598 ERROR_CALLBACK: thread=glide-jni-callback-0 error_code=2 msg=timed out    
[2026-03-16 16:19:45.786] !!! DEL STUCK after 3s | thread=pool-1-thread-19 | key0=7866800000...
[2026-03-16 16:19:45.798] !!! DEL FAILED after 4402ms | thread=pool-1-thread-17 | error=timed out
[2026-03-16 16:19:45.798] [SLOW DEL] took 4403ms
[2m2026-03-16T16:19:45.798251Z[0m [33m WARN[0m [2mlogger_core[0m[2m:[0m run_with_timeout - request timed out after 50ms
[2026-03-16 16:19:45.841] !!! DEL STUCK after 3s | thread=pool-1-thread-36 | key0=1329000000...
[2m2026-03-16T16:19:45.856646Z[0m [33m WARN[0m [2mlogger_core[0m[2m:[0m send_command - DIAG TIMEOUT: cmd=DEL(9822300000000000000000000000000000000000...) timeout=50ms
[2026-03-16 16:19:45.887] !!! DEL STUCK after 3s | thread=pool-1-thread-40 | key0=7555700000...
[2026-03-16 16:19:45.948] !!! DEL STUCK after 3s | thread=pool-1-thread-1 | key0=7427200000...
[2m2026-03-16T16:19:45.913240Z[0m [33m WARN[0m [2mglide_rs::jni_client[0m[2m:[0m DIAG cb=1379599 ERROR_CALLBACK: thread=glide-jni-callback-1 error_code=2 msg=timed out    
[2m2026-03-16T16:19:45.964984Z[0m [33m WARN[0m [2mlogger_core[0m[2m:[0m run_with_timeout - request timed out after 50ms
[2026-03-16 16:19:45.981] !!! DEL FAILED after 4554ms | thread=pool-1-thread-28 | error=timed out
[2026-03-16 16:19:45.981] [SLOW DEL] took 4554ms
[2m2026-03-16T16:19:45.996812Z[0m [33m WARN[0m [2mlogger_core[0m[2m:[0m send_command - DIAG TIMEOUT: cmd=DEL(9575800000000000000000000000000000000000...) timeout=50ms
[2m2026-03-16T16:19:46.005440Z[0m [33m WARN[0m [2mlogger_core[0m[2m:[0m AsyncRegistry - DIAG AsyncRegistry: pending=59 done_but_pending=0 total_registered=1379660 completed=456584 errors=923017 rejected=0 already_done=0
[2026-03-16 16:19:46.020] !!! DEL STUCK after 3s | thread=pool-1-thread-21 | key0=4350100000...
[2m2026-03-16T16:19:46.060543Z[0m [33m WARN[0m [2mglide_rs::jni_client[0m[2m:[0m DIAG cb=1379600 ERROR_CALLBACK: thread=glide-jni-callback-0 error_code=2 msg=timed out    
[2026-03-16 16:19:46.084] !!! DEL STUCK after 3s | thread=pool-1-thread-45 | key0=8245900000...
[2026-03-16 16:19:46.112] !!! DEL FAILED after 4652ms | thread=pool-1-thread-42 | error=timed out
[2026-03-16 16:19:46.112] [SLOW DEL] took 4652ms
[2m2026-03-16T16:19:46.109763Z[0m [33m WARN[0m [2mlogger_core[0m[2m:[0m run_with_timeout - request timed out after 50ms
[2026-03-16 16:19:46.141] !!! DEL STUCK after 3s | thread=pool-1-thread-38 | key0=8811100000...
[2m2026-03-16T16:19:46.150963Z[0m [33m WARN[0m [2mlogger_core[0m[2m:[0m send_command - DIAG TIMEOUT: cmd=DEL(5560800000000000000000000000000000000000...) timeout=50ms
[2026-03-16 16:19:46.197] !!! DEL STUCK after 3s | thread=pool-1-thread-18 | key0=1559600000...
[2m2026-03-16T16:19:46.206120Z[0m [33m WARN[0m [2mglide_rs::jni_client[0m[2m:[0m DIAG cb=1379601 ERROR_CALLBACK: thread=glide-jni-callback-1 error_code=2 msg=timed out    
[2m2026-03-16T16:19:46.261684Z[0m [33m WARN[0m [2mlogger_core[0m[2m:[0m run_with_timeout - request timed out after 50ms
[2026-03-16 16:19:46.280] !!! DEL FAILED after 4777ms | thread=pool-1-thread-22 | error=timed out
[2026-03-16 16:19:46.280] [SLOW DEL] took 4777ms
[2026-03-16 16:19:46.296] !!! DEL STUCK after 3s | thread=pool-1-thread-20 | key0=6997300000...
[2m2026-03-16T16:19:46.312025Z[0m [33m WARN[0m [2mlogger_core[0m[2m:[0m send_command - DIAG TIMEOUT: cmd=DEL(2930500000000000000000000000000000000000...) timeout=50ms
[2026-03-16 16:19:46.338] !!! DEL STUCK after 3s | thread=pool-1-thread-14 | key0=6692800000...
[2026-03-16 16:19:46.412] !!! DEL STUCK after 3s | thread=pool-1-thread-31 | key0=9974300000...
[2m2026-03-16T16:19:46.389075Z[0m [33m WARN[0m [2mglide_rs::jni_client[0m[2m:[0m DIAG cb=1379602 ERROR_CALLBACK: thread=glide-jni-callback-0 error_code=2 msg=timed out    
[2m2026-03-16T16:19:46.443759Z[0m [33m WARN[0m [2mlogger_core[0m[2m:[0m run_with_timeout - request timed out after 50ms
[2026-03-16 16:19:46.490] !!! DEL FAILED after 4951ms | thread=pool-1-thread-60 | error=timed out
[2026-03-16 16:19:46.490] [SLOW DEL] took 4951ms
[2m2026-03-16T16:19:46.486026Z[0m [33m WARN[0m [2mlogger_core[0m[2m:[0m send_command - DIAG TIMEOUT: cmd=DEL(7782100000000000000000000000000000000000...) timeout=50ms
[2026-03-16 16:19:46.558] !!! DEL STUCK after 3s | thread=pool-1-thread-46 | key0=3195200000...
[2m2026-03-16T16:19:46.552217Z[0m [33m WARN[0m [2mglide_rs::jni_client[0m[2m:[0m DIAG cb=1379603 ERROR_CALLBACK: thread=glide-jni-callback-1 error_code=2 msg=timed out    
[2m2026-03-16T16:19:46.602172Z[0m [33m WARN[0m [2mlogger_core[0m[2m:[0m run_with_timeout - request timed out after 50ms
[2026-03-16 16:19:46.635] !!! DEL FAILED after 5049ms | thread=pool-1-thread-7 | error=timed out
[2026-03-16 16:19:46.636] [SLOW DEL] took 5050ms
[2m2026-03-16T16:19:46.664538Z[0m [33m WARN[0m [2mlogger_core[0m[2m:[0m send_command - DIAG TIMEOUT: cmd=DEL(5682300000000000000000000000000000000000...) timeout=50ms
[2m2026-03-16T16:19:46.729914Z[0m [33m WARN[0m [2mglide_rs::jni_client[0m[2m:[0m DIAG cb=1379604 ERROR_CALLBACK: thread=glide-jni-callback-0 error_code=2 msg=timed out    
[2026-03-16 16:19:46.804] !!! DEL FAILED after 5178ms | thread=pool-1-thread-55 | error=timed out
[2026-03-16 16:19:46.804] [SLOW DEL] took 5178ms
[2m2026-03-16T16:19:46.776663Z[0m [33m WARN[0m [2mlogger_core[0m[2m:[0m run_with_timeout - request timed out after 50ms
[2m2026-03-16T16:19:46.846681Z[0m [33m WARN[0m [2mlogger_core[0m[2m:[0m send_command - DIAG TIMEOUT: cmd=DEL(1205300000000000000000000000000000000000...) timeout=50ms
[2m2026-03-16T16:19:46.907238Z[0m [33m WARN[0m [2mglide_rs::jni_client[0m[2m:[0m DIAG cb=1379605 ERROR_CALLBACK: thread=glide-jni-callback-1 error_code=2 msg=timed out    
[2026-03-16 16:19:46.955] !!! DEL FAILED after 5289ms | thread=pool-1-thread-11 | error=timed out
[2026-03-16 16:19:46.955] [SLOW DEL] took 5289ms
[2026-03-16 16:19:46.960] !!! DEL STUCK after 3s | thread=pool-1-thread-54 | key0=3177600000...
[2m2026-03-16T16:19:46.945903Z[0m [33m WARN[0m [2mlogger_core[0m[2m:[0m run_with_timeout - request timed out after 50ms
[2m2026-03-16T16:19:46.995600Z[0m [33m WARN[0m [2mlogger_core[0m[2m:[0m send_command - DIAG TIMEOUT: cmd=DEL(4775600000000000000000000000000000000000...) timeout=50ms
[2026-03-16 16:19:47.075] !!! DEL STUCK after 3s | thread=pool-1-thread-48 | key0=1572900000...
[2m2026-03-16T16:19:47.047940Z[0m [33m WARN[0m [2mglide_rs::jni_client[0m[2m:[0m DIAG cb=1379606 ERROR_CALLBACK: thread=glide-jni-callback-0 error_code=2 msg=timed out    
[2026-03-16 16:19:47.171] !!! DEL STUCK after 3s | thread=pool-1-thread-34 | key0=4581700000...
[2026-03-16 16:19:47.207] !!! DEL FAILED after 5492ms | thread=pool-1-thread-8 | error=timed out
[2026-03-16 16:19:47.207] [SLOW DEL] took 5492ms
[2m2026-03-16T16:19:47.253531Z[0m [33m WARN[0m [2mlogger_core[0m[2m:[0m run_with_timeout - request timed out after 50ms
[2026-03-16 16:19:47.290] !!! DEL STUCK after 3s | thread=pool-1-thread-47 | key0=8563600000...
[2m2026-03-16T16:19:47.285839Z[0m [33m WARN[0m [2mlogger_core[0m[2m:[0m send_command - DIAG TIMEOUT: cmd=DEL(6512500000000000000000000000000000000000...) timeout=50ms
[2026-03-16 16:19:47.345] !!! DEL STUCK after 3s | thread=pool-1-thread-35 | key0=1283100000...
[2m2026-03-16T16:19:47.335512Z[0m [33m WARN[0m [2mglide_rs::jni_client[0m[2m:[0m DIAG cb=1379607 ERROR_CALLBACK: thread=glide-jni-callback-1 error_code=2 msg=timed out    
[2026-03-16 16:19:47.379] !!! DEL FAILED after 5629ms | thread=pool-1-thread-26 | error=timed out
[2026-03-16 16:19:47.380] [SLOW DEL] took 5630ms
[2m2026-03-16T16:19:47.381550Z[0m [33m WARN[0m [2mlogger_core[0m[2m:[0m run_with_timeout - request timed out after 50ms
[2026-03-16 16:19:47.416] !!! DEL STUCK after 3s | thread=pool-1-thread-49 | key0=8320000000...
[2m2026-03-16T16:19:47.414284Z[0m [33m WARN[0m [2mlogger_core[0m[2m:[0m send_command - DIAG TIMEOUT: cmd=DEL(6746200000000000000000000000000000000000...) timeout=50ms
[2m2026-03-16T16:19:47.467917Z[0m [33m WARN[0m [2mglide_rs::jni_client[0m[2m:[0m DIAG cb=1379608 ERROR_CALLBACK: thread=glide-jni-callback-0 error_code=2 msg=timed out    
[2026-03-16 16:19:47.515] !!! DEL STUCK after 3s | thread=pool-1-thread-39 | key0=5768900000...
[2m2026-03-16T16:19:47.518539Z[0m [33m WARN[0m [2mlogger_core[0m[2m:[0m run_with_timeout - request timed out after 50ms
[2026-03-16 16:19:47.555] !!! DEL FAILED after 5761ms | thread=pool-1-thread-56 | error=timed out
[2026-03-16 16:19:47.555] [SLOW DEL] took 5761ms
[2026-03-16 16:19:47.601] !!! DEL STUCK after 3s | thread=pool-1-thread-43 | key0=6575600000...
[2m2026-03-16T16:19:47.590680Z[0m [33m WARN[0m [2mlogger_core[0m[2m:[0m send_command - DIAG TIMEOUT: cmd=DEL(9408900000000000000000000000000000000000...) timeout=50ms
[2m2026-03-16T16:19:47.650228Z[0m [33m WARN[0m [2mglide_rs::jni_client[0m[2m:[0m DIAG cb=1379609 ERROR_CALLBACK: thread=glide-jni-callback-1 error_code=2 msg=timed out    
[2026-03-16 16:19:47.696] !!! DEL STUCK after 3s | thread=pool-1-thread-33 | key0=8757900000...
[2026-03-16 16:19:47.705] !!! DEL FAILED after 5865ms | thread=pool-1-thread-59 | error=timed out
[2026-03-16 16:19:47.706] [SLOW DEL] took 5866ms
[2m2026-03-16T16:19:47.712592Z[0m [33m WARN[0m [2mredis::cluster_async[0m[2m:[0m DIAG event_loop: poll_flush=17 recover(ready=17,pending=0) complete(ready=0,pending=17) in_flight=294927 connections=9 pending_queue=199
[2m2026-03-16T16:19:47.765735Z[0m [33m WARN[0m [2mredis::aio::multiplexed_connection[0m[2m:[0m DIAG send_recv: pipeline channel send took 43990ms (backpressure from slow TCP)
[2026-03-16 16:19:47.792] !!! DEL STUCK after 3s | thread=pool-1-thread-41 | key0=9054300000...
[2m2026-03-16T16:19:47.809961Z[0m [33m WARN[0m [2mredis::aio::multiplexed_connection[0m[2m:[0m DIAG send_recv: pipeline channel send took 44034ms (backpressure from slow TCP)
[2m2026-03-16T16:19:47.838972Z[0m [33m WARN[0m [2mredis::aio::multiplexed_connection[0m[2m:[0m DIAG send_recv: pipeline channel send took 44061ms (backpressure from slow TCP)
[2m2026-03-16T16:19:47.872512Z[0m [33m WARN[0m [2mredis::aio::multiplexed_connection[0m[2m:[0m DIAG send_recv: pipeline channel send took 44094ms (backpressure from slow TCP)
[2026-03-16 16:19:47.884] !!! DEL STUCK after 3s | thread=pool-1-thread-24 | key0=9566400000...
[2m2026-03-16T16:19:47.903154Z[0m [33m WARN[0m [2mredis::aio::multiplexed_connection[0m[2m:[0m DIAG send_recv: pipeline channel send took 44125ms (backpressure from slow TCP)
[2m2026-03-16T16:19:47.928393Z[0m [33m WARN[0m [2mredis::aio::multiplexed_connection[0m[2m:[0m DIAG send_recv: pipeline channel send took 44151ms (backpressure from slow TCP)
[2m2026-03-16T16:19:47.956738Z[0m [33m WARN[0m [2mredis::aio::multiplexed_connection[0m[2m:[0m DIAG send_recv: pipeline channel send took 44179ms (backpressure from slow TCP)
[2026-03-16 16:19:47.994] !!! DEL STUCK after 3s | thread=pool-1-thread-30 | key0=7436300000...
[2m2026-03-16T16:19:47.988935Z[0m [33m WARN[0m [2mredis::aio::multiplexed_connection[0m[2m:[0m DIAG send_recv: pipeline channel send took 44212ms (backpressure from slow TCP)
[2m2026-03-16T16:19:48.014992Z[0m [33m WARN[0m [2mredis::aio::multiplexed_connection[0m[2m:[0m DIAG send_recv: pipeline channel send took 44238ms (backpressure from slow TCP)
[2m2026-03-16T16:19:48.040334Z[0m [33m WARN[0m [2mredis::aio::multiplexed_connection[0m[2m:[0m DIAG send_recv: pipeline channel send took 44262ms (backpressure from slow TCP)
[2m2026-03-16T16:19:48.071010Z[0m [33m WARN[0m [2mredis::aio::multiplexed_connection[0m[2m:[0m DIAG send_recv: pipeline channel send took 44268ms (backpressure from slow TCP)
[2m2026-03-16T16:19:48.107405Z[0m [33m WARN[0m [2mredis::aio::multiplexed_connection[0m[2m:[0m DIAG send_recv: pipeline channel send took 44307ms (backpressure from slow TCP)
[2026-03-16 16:19:48.137] !!! DEL STUCK after 3s | thread=pool-1-thread-53 | key0=1161000000...
[2m2026-03-16T16:19:48.141379Z[0m [33m WARN[0m [2mredis::aio::multiplexed_connection[0m[2m:[0m DIAG send_recv: pipeline channel send took 44334ms (backpressure from slow TCP)
[2m2026-03-16T16:19:48.173092Z[0m [33m WARN[0m [2mredis::aio::multiplexed_connection[0m[2m:[0m DIAG send_recv: pipeline channel send took 44369ms (backpressure from slow TCP)
[2m2026-03-16T16:19:48.219804Z[0m [33m WARN[0m [2mredis::aio::multiplexed_connection[0m[2m:[0m DIAG send_recv: pipeline channel send took 44411ms (backpressure from slow TCP)
[2m2026-03-16T16:19:48.246098Z[0m [33m WARN[0m [2mredis::aio::multiplexed_connection[0m[2m:[0m DIAG send_recv: pipeline channel send took 44441ms (backpressure from slow TCP)
[2026-03-16 16:19:48.280] !!! DEL STUCK after 3s | thread=pool-1-thread-37 | key0=1990700000...
[2m2026-03-16T16:19:48.290700Z[0m [33m WARN[0m [2mredis::aio::multiplexed_connection[0m[2m:[0m DIAG send_recv: pipeline channel send took 44482ms (backpressure from slow TCP)
[2m2026-03-16T16:19:48.334882Z[0m [33m WARN[0m [2mredis::aio::multiplexed_connection[0m[2m:[0m DIAG send_recv: pipeline channel send took 44527ms (backpressure from slow TCP)
[2m2026-03-16T16:19:48.361177Z[0m [33m WARN[0m [2mredis::aio::multiplexed_connection[0m[2m:[0m DIAG send_recv: pipeline channel send took 44556ms (backpressure from slow TCP)
[2m2026-03-16T16:19:48.392048Z[0m [33m WARN[0m [2mredis::aio::multiplexed_connection[0m[2m:[0m DIAG send_recv: pipeline channel send took 44583ms (backpressure from slow TCP)
[2026-03-16 16:19:48.425] !!! DEL STUCK after 3s | thread=pool-1-thread-25 | key0=9652500000...
[2m2026-03-16T16:19:48.435564Z[0m [33m WARN[0m [2mredis::aio::multiplexed_connection[0m[2m:[0m DIAG send_recv: pipeline channel send took 44622ms (backpressure from slow TCP)
[2m2026-03-16T16:19:48.475421Z[0m [33m WARN[0m [2mredis::aio::multiplexed_connection[0m[2m:[0m DIAG send_recv: pipeline channel send took 44664ms (backpressure from slow TCP)
[2m2026-03-16T16:19:48.509047Z[0m [33m WARN[0m [2mredis::aio::multiplexed_connection[0m[2m:[0m DIAG send_recv: pipeline channel send took 44696ms (backpressure from slow TCP)
[2026-03-16 16:19:48.547] !!! DEL STUCK after 3s | thread=pool-1-thread-29 | key0=1219100000...
[2m2026-03-16T16:19:48.562403Z[0m [33m WARN[0m [2mredis::aio::multiplexed_connection[0m[2m:[0m DIAG send_recv: pipeline channel send took 44748ms (backpressure from slow TCP)
[2m2026-03-16T16:19:48.588492Z[0m [33m WARN[0m [2mredis::aio::multiplexed_connection[0m[2m:[0m DIAG send_recv: pipeline channel send took 44778ms (backpressure from slow TCP)
[2m2026-03-16T16:19:48.611537Z[0m [33m WARN[0m [2mredis::aio::multiplexed_connection[0m[2m:[0m DIAG send_recv: pipeline channel send took 44800ms (backpressure from slow TCP)
[2m2026-03-16T16:19:48.637098Z[0m [33m WARN[0m [2mredis::aio::multiplexed_connection[0m[2m:[0m DIAG send_recv: pipeline channel send took 44825ms (backpressure from slow TCP)
[2m2026-03-16T16:19:48.661517Z[0m [33m WARN[0m [2mredis::aio::multiplexed_connection[0m[2m:[0m DIAG send_recv: pipeline channel send took 44848ms (backpressure from slow TCP)
[2026-03-16 16:19:48.688] !!! DEL STUCK after 3s | thread=pool-1-thread-57 | key0=9744100000...
[2m2026-03-16T16:19:48.702064Z[0m [33m WARN[0m [2mredis::aio::multiplexed_connection[0m[2m:[0m DIAG send_recv: pipeline channel send took 44889ms (backpressure from slow TCP)
[2m2026-03-16T16:19:48.735989Z[0m [33m WARN[0m [2mredis::aio::multiplexed_connection[0m[2m:[0m DIAG send_recv: pipeline channel send took 44923ms (backpressure from slow TCP)
[2m2026-03-16T16:19:48.764965Z[0m [33m WARN[0m [2mredis::aio::multiplexed_connection[0m[2m:[0m DIAG send_recv: pipeline channel send took 44951ms (backpressure from slow TCP)
[2026-03-16 16:19:48.830] !!! DEL STUCK after 3s | thread=pool-1-thread-17 | key0=1992400000...
[2m2026-03-16T16:19:48.806701Z[0m [33m WARN[0m [2mredis::aio::multiplexed_connection[0m[2m:[0m DIAG send_recv: pipeline channel send took 44991ms (backpressure from slow TCP)
[2m2026-03-16T16:19:48.851728Z[0m [33m WARN[0m [2mredis::aio::multiplexed_connection[0m[2m:[0m DIAG send_recv: pipeline channel send took 45037ms (backpressure from slow TCP)
[2m2026-03-16T16:19:48.896054Z[0m [33m WARN[0m [2mredis::aio::multiplexed_connection[0m[2m:[0m DIAG send_recv: pipeline channel send took 45081ms (backpressure from slow TCP)
[2m2026-03-16T16:19:48.938966Z[0m [33m WARN[0m [2mredis::aio::multiplexed_connection[0m[2m:[0m DIAG send_recv: pipeline channel send took 45116ms (backpressure from slow TCP)
[2m2026-03-16T16:19:49.001569Z[0m [33m WARN[0m [2mredis::aio::multiplexed_connection[0m[2m:[0m DIAG send_recv: pipeline channel send took 45188ms (backpressure from slow TCP)
[2026-03-16 16:19:49.051] !!! DEL STUCK after 3s | thread=pool-1-thread-28 | key0=1634500000...
[2m2026-03-16T16:19:49.048954Z[0m [33m WARN[0m [2mredis::aio::multiplexed_connection[0m[2m:[0m DIAG send_recv: pipeline channel send took 45233ms (backpressure from slow TCP)
[2m2026-03-16T16:19:49.088723Z[0m [33m WARN[0m [2mredis::aio::multiplexed_connection[0m[2m:[0m DIAG send_recv: pipeline channel send took 45274ms (backpressure from slow TCP)
[2026-03-16 16:19:49.138] !!! DEL STUCK after 3s | thread=pool-1-thread-42 | key0=2597000000...
[2m2026-03-16T16:19:49.121526Z[0m [33m WARN[0m [2mredis::aio::multiplexed_connection[0m[2m:[0m DIAG send_recv: pipeline channel send took 45303ms (backpressure from slow TCP)
[2m2026-03-16T16:19:49.155845Z[0m [33m WARN[0m [2mredis::aio::multiplexed_connection[0m[2m:[0m DIAG send_recv: pipeline channel send took 45338ms (backpressure from slow TCP)
[2m2026-03-16T16:19:49.189005Z[0m [33m WARN[0m [2mredis::aio::multiplexed_connection[0m[2m:[0m DIAG send_recv: pipeline channel send took 45371ms (backpressure from slow TCP)
[2m2026-03-16T16:19:49.225335Z[0m [33m WARN[0m [2mredis::aio::multiplexed_connection[0m[2m:[0m DIAG send_recv: pipeline channel send took 45408ms (backpressure from slow TCP)
[2m2026-03-16T16:19:49.264448Z[0m [33m WARN[0m [2mredis::aio::multiplexed_connection[0m[2m:[0m DIAG send_recv: pipeline channel send took 45444ms (backpressure from slow TCP)
[2026-03-16 16:19:49.318] !!! DEL STUCK after 3s | thread=pool-1-thread-22 | key0=5153000000...
[2m2026-03-16T16:19:49.317144Z[0m [33m WARN[0m [2mredis::aio::multiplexed_connection[0m[2m:[0m DIAG send_recv: pipeline channel send took 45497ms (backpressure from slow TCP)
[2m2026-03-16T16:19:49.345683Z[0m [33m WARN[0m [2mredis::aio::multiplexed_connection[0m[2m:[0m DIAG send_recv: pipeline channel send took 45527ms (backpressure from slow TCP)
[2m2026-03-16T16:19:49.385314Z[0m [33m WARN[0m [2mredis::aio::multiplexed_connection[0m[2m:[0m DIAG send_recv: pipeline channel send took 45563ms (backpressure from slow TCP)
[2m2026-03-16T16:19:49.433065Z[0m [33m WARN[0m [2mredis::aio::multiplexed_connection[0m[2m:[0m DIAG send_recv: pipeline channel send took 45611ms (backpressure from slow TCP)
[2m2026-03-16T16:19:49.489653Z[0m [33m WARN[0m [2mredis::aio::multiplexed_connection[0m[2m:[0m DIAG send_recv: pipeline channel send took 45662ms (backpressure from slow TCP)
[2026-03-16 16:19:49.528] !!! DEL STUCK after 3s | thread=pool-1-thread-60 | key0=3153200000...
[2m2026-03-16T16:19:49.524994Z[0m [33m WARN[0m [2mredis::aio::multiplexed_connection[0m[2m:[0m DIAG send_recv: pipeline channel send took 45701ms (backpressure from slow TCP)
[2m2026-03-16T16:19:49.563031Z[0m [33m WARN[0m [2mredis::aio::multiplexed_connection[0m[2m:[0m DIAG send_recv: pipeline channel send took 45741ms (backpressure from slow TCP)
[2m2026-03-16T16:19:49.596477Z[0m [33m WARN[0m [2mredis::cluster_async[0m[2m:[0m DIAG try_cmd_request: node=shohame-global-data-store-iad-0003-001.shohame-global-data-store-iad.ime4qh.use1.cache.amazonaws.com:6379 elapsed=45886ms ok=true
[2026-03-16 16:19:49.670] !!! DEL STUCK after 3s | thread=pool-1-thread-7 | key0=3792200000...
[2m2026-03-16T16:19:49.653727Z[0m [33m WARN[0m [2mredis::cluster_async[0m[2m:[0m DIAG try_cmd_request: node=shohame-global-data-store-iad-0003-001.shohame-global-data-store-iad.ime4qh.use1.cache.amazonaws.com:6379 elapsed=45939ms ok=true
[2m2026-03-16T16:19:49.720799Z[0m [33m WARN[0m [2mredis::cluster_async[0m[2m:[0m DIAG try_cmd_request: node=shohame-global-data-store-iad-0003-001.shohame-global-data-store-iad.ime4qh.use1.cache.amazonaws.com:6379 elapsed=46007ms ok=true
[2m2026-03-16T16:19:49.775309Z[0m [33m WARN[0m [2mredis::cluster_async[0m[2m:[0m DIAG try_cmd_request: node=shohame-global-data-store-iad-0003-001.shohame-global-data-store-iad.ime4qh.use1.cache.amazonaws.com:6379 elapsed=46062ms ok=true
[2026-03-16 16:19:49.849] !!! DEL STUCK after 3s | thread=pool-1-thread-55 | key0=5807800000...
[2m2026-03-16T16:19:49.847151Z[0m [33m WARN[0m [2mredis::cluster_async[0m[2m:[0m DIAG try_cmd_request: node=shohame-global-data-store-iad-0003-001.shohame-global-data-store-iad.ime4qh.use1.cache.amazonaws.com:6379 elapsed=46132ms ok=true
[2m2026-03-16T16:19:49.906862Z[0m [33m WARN[0m [2mredis::cluster_async[0m[2m:[0m DIAG try_cmd_request: node=shohame-global-data-store-iad-0003-001.shohame-global-data-store-iad.ime4qh.use1.cache.amazonaws.com:6379 elapsed=46191ms ok=true
[2026-03-16 16:19:49.988] !!! DEL STUCK after 3s | thread=pool-1-thread-11 | key0=2912900000...
[2m2026-03-16T16:19:49.965585Z[0m [33m WARN[0m [2mredis::cluster_async[0m[2m:[0m DIAG try_cmd_request: node=shohame-global-data-store-iad-0003-001.shohame-global-data-store-iad.ime4qh.use1.cache.amazonaws.com:6379 elapsed=46247ms ok=true
[2m2026-03-16T16:19:50.022746Z[0m [33m WARN[0m [2mredis::cluster_async[0m[2m:[0m DIAG try_cmd_request: node=shohame-global-data-store-iad-0003-001.shohame-global-data-store-iad.ime4qh.use1.cache.amazonaws.com:6379 elapsed=46307ms ok=true
[2m2026-03-16T16:19:50.101050Z[0m [33m WARN[0m [2mredis::cluster_async[0m[2m:[0m DIAG try_cmd_request: node=shohame-global-data-store-iad-0003-001.shohame-global-data-store-iad.ime4qh.use1.cache.amazonaws.com:6379 elapsed=46386ms ok=true
[2m2026-03-16T16:19:50.154756Z[0m [33m WARN[0m [2mredis::cluster_async[0m[2m:[0m DIAG try_cmd_request: node=shohame-global-data-store-iad-0003-001.shohame-global-data-store-iad.ime4qh.use1.cache.amazonaws.com:6379 elapsed=46439ms ok=true
[2m2026-03-16T16:19:50.219343Z[0m [33m WARN[0m [2mredis::cluster_async[0m[2m:[0m DIAG try_cmd_request: node=shohame-global-data-store-iad-0003-001.shohame-global-data-store-iad.ime4qh.use1.cache.amazonaws.com:6379 elapsed=46503ms ok=true
[2026-03-16 16:19:50.245] !!! DEL STUCK after 3s | thread=pool-1-thread-8 | key0=8716000000...
[2m2026-03-16T16:19:50.279749Z[0m [33m WARN[0m [2mredis::cluster_async[0m[2m:[0m DIAG try_cmd_request: node=shohame-global-data-store-iad-0003-001.shohame-global-data-store-iad.ime4qh.use1.cache.amazonaws.com:6379 elapsed=46565ms ok=true
[2m2026-03-16T16:19:50.337278Z[0m [33m WARN[0m [2mredis::cluster_async[0m[2m:[0m DIAG try_cmd_request: node=shohame-global-data-store-iad-0003-001.shohame-global-data-store-iad.ime4qh.use1.cache.amazonaws.com:6379 elapsed=46621ms ok=true
[2026-03-16 16:19:50.412] !!! DEL STUCK after 3s | thread=pool-1-thread-26 | key0=8289000000...
[2m2026-03-16T16:19:50.395942Z[0m [33m WARN[0m [2mredis::cluster_async[0m[2m:[0m DIAG try_cmd_request: node=shohame-global-data-store-iad-0003-001.shohame-global-data-store-iad.ime4qh.use1.cache.amazonaws.com:6379 elapsed=46678ms ok=true
[2m2026-03-16T16:19:50.458344Z[0m [33m WARN[0m [2mredis::cluster_async[0m[2m:[0m DIAG try_cmd_request: node=shohame-global-data-store-iad-0003-001.shohame-global-data-store-iad.ime4qh.use1.cache.amazonaws.com:6379 elapsed=46741ms ok=true
[2m2026-03-16T16:19:50.520361Z[0m [33m WARN[0m [2mredis::cluster_async[0m[2m:[0m DIAG try_cmd_request: node=shohame-global-data-store-iad-0003-001.shohame-global-data-store-iad.ime4qh.use1.cache.amazonaws.com:6379 elapsed=46804ms ok=true
[2m2026-03-16T16:19:50.580802Z[0m [33m WARN[0m [2mredis::cluster_async[0m[2m:[0m DIAG try_cmd_request: node=shohame-global-data-store-iad-0003-001.shohame-global-data-store-iad.ime4qh.use1.cache.amazonaws.com:6379 elapsed=46861ms ok=true
[2026-03-16 16:19:50.611] !!! DEL STUCK after 3s | thread=pool-1-thread-56 | key0=3937600000...
[2m2026-03-16T16:19:50.637378Z[0m [33m WARN[0m [2mredis::cluster_async[0m[2m:[0m DIAG try_cmd_request: node=shohame-global-data-store-iad-0003-001.shohame-global-data-store-iad.ime4qh.use1.cache.amazonaws.com:6379 elapsed=46915ms ok=true
[2m2026-03-16T16:19:50.703883Z[0m [33m WARN[0m [2mredis::cluster_async[0m[2m:[0m DIAG try_cmd_request: node=shohame-global-data-store-iad-0003-001.shohame-global-data-store-iad.ime4qh.use1.cache.amazonaws.com:6379 elapsed=46984ms ok=true
[2026-03-16 16:19:50.740] !!! DEL STUCK after 3s | thread=pool-1-thread-59 | key0=9660000000...
[2m2026-03-16T16:19:50.777027Z[0m [33m WARN[0m [2mredis::cluster_async[0m[2m:[0m DIAG try_cmd_request: node=shohame-global-data-store-iad-0003-001.shohame-global-data-store-iad.ime4qh.use1.cache.amazonaws.com:6379 elapsed=47052ms ok=true
[2m2026-03-16T16:19:50.851838Z[0m [33m WARN[0m [2mredis::cluster_async[0m[2m:[0m DIAG try_cmd_request: node=shohame-global-data-store-iad-0003-001.shohame-global-data-store-iad.ime4qh.use1.cache.amazonaws.com:6379 elapsed=47122ms ok=true
[2m2026-03-16T16:19:50.946306Z[0m [33m WARN[0m [2mredis::cluster_async[0m[2m:[0m DIAG try_cmd_request: node=shohame-global-data-store-iad-0003-001.shohame-global-data-store-iad.ime4qh.use1.cache.amazonaws.com:6379 elapsed=47219ms ok=true
[2m2026-03-16T16:19:51.006106Z[0m [33m WARN[0m [2mredis::cluster_async[0m[2m:[0m DIAG try_cmd_request: node=shohame-global-data-store-iad-0003-001.shohame-global-data-store-iad.ime4qh.use1.cache.amazonaws.com:6379 elapsed=47283ms ok=true
[2m2026-03-16T16:19:51.062767Z[0m [33m WARN[0m [2mredis::cluster_async[0m[2m:[0m DIAG try_cmd_request: node=shohame-global-data-store-iad-0003-001.shohame-global-data-store-iad.ime4qh.use1.cache.amazonaws.com:6379 elapsed=47338ms ok=true
[2m2026-03-16T16:19:51.135533Z[0m [33m WARN[0m [2mredis::cluster_async[0m[2m:[0m DIAG try_cmd_request: node=shohame-global-data-store-iad-0003-001.shohame-global-data-store-iad.ime4qh.use1.cache.amazonaws.com:6379 elapsed=47407ms ok=true
[2m2026-03-16T16:19:51.199580Z[0m [33m WARN[0m [2mredis::cluster_async[0m[2m:[0m DIAG try_cmd_request: node=shohame-global-data-store-iad-0003-001.shohame-global-data-store-iad.ime4qh.use1.cache.amazonaws.com:6379 elapsed=47475ms ok=true
[2m2026-03-16T16:19:51.254519Z[0m [33m WARN[0m [2mredis::cluster_async[0m[2m:[0m DIAG try_cmd_request: node=shohame-global-data-store-iad-0003-001.shohame-global-data-store-iad.ime4qh.use1.cache.amazonaws.com:6379 elapsed=47534ms ok=true
[2m2026-03-16T16:19:51.313143Z[0m [33m WARN[0m [2mredis::cluster_async[0m[2m:[0m DIAG try_cmd_request: node=shohame-global-data-store-iad-0003-001.shohame-global-data-store-iad.ime4qh.use1.cache.amazonaws.com:6379 elapsed=47590ms ok=true
[2m2026-03-16T16:19:51.377625Z[0m [33m WARN[0m [2mredis::cluster_async[0m[2m:[0m DIAG try_cmd_request: node=shohame-global-data-store-iad-0003-001.shohame-global-data-store-iad.ime4qh.use1.cache.amazonaws.com:6379 elapsed=47650ms ok=true
[2m2026-03-16T16:19:51.448025Z[0m [33m WARN[0m [2mredis::cluster_async[0m[2m:[0m DIAG try_cmd_request: node=shohame-global-data-store-iad-0003-001.shohame-global-data-store-iad.ime4qh.use1.cache.amazonaws.com:6379 elapsed=47721ms ok=true
[2m2026-03-16T16:19:51.514665Z[0m [33m WARN[0m [2mredis::cluster_async[0m[2m:[0m DIAG try_cmd_request: node=shohame-global-data-store-iad-0003-001.shohame-global-data-store-iad.ime4qh.use1.cache.amazonaws.com:6379 elapsed=47794ms ok=true
[2m2026-03-16T16:19:51.560671Z[0m [33m WARN[0m [2mredis::cluster_async[0m[2m:[0m DIAG try_cmd_request: node=shohame-global-data-store-iad-0003-001.shohame-global-data-store-iad.ime4qh.use1.cache.amazonaws.com:6379 elapsed=47836ms ok=true
[2m2026-03-16T16:19:51.632706Z[0m [33m WARN[0m [2mredis::cluster_async[0m[2m:[0m DIAG try_cmd_request: node=shohame-global-data-store-iad-0003-001.shohame-global-data-store-iad.ime4qh.use1.cache.amazonaws.com:6379 elapsed=47909ms ok=true
[2m2026-03-16T16:19:51.696227Z[0m [33m WARN[0m [2mredis::cluster_async[0m[2m:[0m DIAG try_cmd_request: node=shohame-global-data-store-iad-0003-001.shohame-global-data-store-iad.ime4qh.use1.cache.amazonaws.com:6379 elapsed=47967ms ok=true
[2m2026-03-16T16:19:51.751776Z[0m [33m WARN[0m [2mredis::cluster_async[0m[2m:[0m DIAG try_cmd_request: node=shohame-global-data-store-iad-0003-001.shohame-global-data-store-iad.ime4qh.use1.cache.amazonaws.com:6379 elapsed=48023ms ok=true
[2m2026-03-16T16:19:51.811490Z[0m [33m WARN[0m [2mredis::cluster_async[0m[2m:[0m DIAG try_cmd_request: node=shohame-global-data-store-iad-0003-001.shohame-global-data-store-iad.ime4qh.use1.cache.amazonaws.com:6379 elapsed=48079ms ok=true
[2m2026-03-16T16:19:51.869363Z[0m [33m WARN[0m [2mredis::cluster_async[0m[2m:[0m DIAG try_cmd_request: node=shohame-global-data-store-iad-0003-001.shohame-global-data-store-iad.ime4qh.use1.cache.amazonaws.com:6379 elapsed=48138ms ok=true
[2m2026-03-16T16:19:51.925268Z[0m [33m WARN[0m [2mredis::cluster_async[0m[2m:[0m DIAG try_cmd_request: node=shohame-global-data-store-iad-0003-001.shohame-global-data-store-iad.ime4qh.use1.cache.amazonaws.com:6379 elapsed=48194ms ok=true
[2m2026-03-16T16:19:51.987722Z[0m [33m WARN[0m [2mredis::cluster_async[0m[2m:[0m DIAG try_cmd_request: node=shohame-global-data-store-iad-0003-001.shohame-global-data-store-iad.ime4qh.use1.cache.amazonaws.com:6379 elapsed=48257ms ok=true
[2m2026-03-16T16:19:52.047062Z[0m [33m WARN[0m [2mredis::cluster_async[0m[2m:[0m DIAG try_cmd_request: node=shohame-global-data-store-iad-0003-001.shohame-global-data-store-iad.ime4qh.use1.cache.amazonaws.com:6379 elapsed=48313ms ok=true
[2m2026-03-16T16:19:52.102543Z[0m [33m WARN[0m [2mredis::cluster_async[0m[2m:[0m DIAG try_cmd_request: node=shohame-global-data-store-iad-0003-001.shohame-global-data-store-iad.ime4qh.use1.cache.amazonaws.com:6379 elapsed=48371ms ok=true
[2m2026-03-16T16:19:52.157611Z[0m [33m WARN[0m [2mredis::cluster_async[0m[2m:[0m DIAG try_cmd_request: node=shohame-global-data-store-iad-0003-001.shohame-global-data-store-iad.ime4qh.use1.cache.amazonaws.com:6379 elapsed=48428ms ok=true
[2m2026-03-16T16:19:52.226747Z[0m [33m WARN[0m [2mredis::cluster_async[0m[2m:[0m DIAG try_cmd_request: node=shohame-global-data-store-iad-0003-001.shohame-global-data-store-iad.ime4qh.use1.cache.amazonaws.com:6379 elapsed=48491ms ok=true
[2m2026-03-16T16:19:52.289909Z[0m [33m WARN[0m [2mredis::cluster_async[0m[2m:[0m DIAG try_cmd_request: node=shohame-global-data-store-iad-0003-001.shohame-global-data-store-iad.ime4qh.use1.cache.amazonaws.com:6379 elapsed=48533ms ok=true
[2m2026-03-16T16:19:52.351452Z[0m [33m WARN[0m [2mredis::cluster_async[0m[2m:[0m DIAG try_cmd_request: node=shohame-global-data-store-iad-0003-001.shohame-global-data-store-iad.ime4qh.use1.cache.amazonaws.com:6379 elapsed=48594ms ok=true
[2m2026-03-16T16:19:52.409081Z[0m [33m WARN[0m [2mredis::cluster_async[0m[2m:[0m DIAG try_cmd_request: node=shohame-global-data-store-iad-0003-001.shohame-global-data-store-iad.ime4qh.use1.cache.amazonaws.com:6379 elapsed=48654ms ok=true
[2m2026-03-16T16:19:52.464445Z[0m [33m WARN[0m [2mredis::cluster_async[0m[2m:[0m DIAG try_cmd_request: node=shohame-global-data-store-iad-0003-001.shohame-global-data-store-iad.ime4qh.use1.cache.amazonaws.com:6379 elapsed=48707ms ok=true
[2m2026-03-16T16:19:55.404995Z[0m [33m WARN[0m [2mredis::cluster_async[0m[2m:[0m DIAG poll_complete: pending_queue=199 in_flight=294934 shed=1 new=198 done=47 cancelled=144 retry=0 refresh=0 reconnect=0
[2m2026-03-16T16:19:56.104647Z[0m [33m WARN[0m [2mlogger_core[0m[2m:[0m run_with_timeout - request timed out after 50ms
[2m2026-03-16T16:19:56.155701Z[0m [33m WARN[0m [2mlogger_core[0m[2m:[0m send_command - DIAG TIMEOUT: cmd=DEL(2753000000000000000000000000000000000000...) timeout=50ms
[2m2026-03-16T16:19:56.254868Z[0m [33m WARN[0m [2mlogger_core[0m[2m:[0m run_with_timeout - request timed out after 50ms
[2m2026-03-16T16:19:56.243376Z[0m [33m WARN[0m [2mglide_rs::jni_client[0m[2m:[0m DIAG cb=1379611 ERROR_CALLBACK: thread=glide-jni-callback-0 error_code=2 msg=timed out    
[2m2026-03-16T16:19:56.309188Z[0m [33m WARN[0m [2mlogger_core[0m[2m:[0m send_command - DIAG TIMEOUT: cmd=DEL(9660000000000000000000000000000000000000...) timeout=50ms
[2026-03-16 16:19:56.341] !!! DEL FAILED after 14421ms | thread=pool-1-thread-13 | error=timed out
[2026-03-16 16:19:56.342] [SLOW DEL] took 14422ms
[2m2026-03-16T16:19:56.436226Z[0m [33m WARN[0m [2mlogger_core[0m[2m:[0m AsyncRegistry - DIAG AsyncRegistry: pending=59 done_but_pending=0 total_registered=1379671 completed=456584 errors=923028 rejected=0 already_done=0
[2m2026-03-16T16:19:56.436220Z[0m [33m WARN[0m [2mlogger_core[0m[2m:[0m run_with_timeout - request timed out after 50ms
[2m2026-03-16T16:19:56.418535Z[0m [33m WARN[0m [2mglide_rs::jni_client[0m[2m:[0m DIAG cb=1379671 ERROR_CALLBACK: thread=glide-jni-callback-1 error_code=2 msg=timed out    
[2026-03-16 16:19:56.563] !!! DEL FAILED after 8857ms | thread=pool-1-thread-59 | error=timed out
[2026-03-16 16:19:56.563] [SLOW DEL] took 8857ms
[2m2026-03-16T16:19:56.534334Z[0m [33m WARN[0m [2mlogger_core[0m[2m:[0m send_command - DIAG TIMEOUT: cmd=DEL(5255200000000000000000000000000000000000...) timeout=50ms
[2m2026-03-16T16:19:56.726788Z[0m [33m WARN[0m [2mglide_rs::jni_client[0m[2m:[0m DIAG cb=1379612 ERROR_CALLBACK: thread=glide-jni-callback-0 error_code=2 msg=timed out    
[2026-03-16 16:19:56.857] !!! DEL FAILED after 14883ms | thread=pool-1-thread-50 | error=timed out
[2026-03-16 16:19:56.857] [SLOW DEL] took 14883ms
[2m2026-03-16T16:19:56.840008Z[0m [33m WARN[0m [2mlogger_core[0m[2m:[0m run_with_timeout - request timed out after 50ms
[2m2026-03-16T16:19:56.934941Z[0m [33m WARN[0m [2mlogger_core[0m[2m:[0m send_command - DIAG TIMEOUT: cmd=DEL(6485300000000000000000000000000000000000...) timeout=50ms
[2m2026-03-16T16:19:57.038638Z[0m [33m WARN[0m [2mglide_rs::jni_client[0m[2m:[0m DIAG cb=1379613 ERROR_CALLBACK: thread=glide-jni-callback-1 error_code=2 msg=timed out    
[2m2026-03-16T16:19:57.144618Z[0m [33m WARN[0m [2mlogger_core[0m[2m:[0m run_with_timeout - request timed out after 50ms
[2026-03-16 16:19:57.219] !!! DEL FAILED after 15200ms | thread=pool-1-thread-10 | error=timed out
[2026-03-16 16:19:57.219] [SLOW DEL] took 15200ms
[2m2026-03-16T16:19:57.280791Z[0m [33m WARN[0m [2mlogger_core[0m[2m:[0m send_command - DIAG TIMEOUT: cmd=DEL(2881100000000000000000000000000000000000...) timeout=50ms
[2m2026-03-16T16:19:57.411471Z[0m [33m WARN[0m [2mglide_rs::jni_client[0m[2m:[0m DIAG cb=1379614 ERROR_CALLBACK: thread=glide-jni-callback-0 error_code=2 msg=timed out    
[2m2026-03-16T16:19:57.480518Z[0m [33m WARN[0m [2mlogger_core[0m[2m:[0m run_with_timeout - request timed out after 50ms
[2026-03-16 16:19:57.553] !!! DEL FAILED after 15500ms | thread=pool-1-thread-15 | error=timed out
[2026-03-16 16:19:57.553] [SLOW DEL] took 15500ms
[2m2026-03-16T16:19:57.566763Z[0m [33m WARN[0m [2mlogger_core[0m[2m:[0m send_command - DIAG TIMEOUT: cmd=DEL(1957400000000000000000000000000000000000...) timeout=50ms
[2m2026-03-16T16:19:57.727564Z[0m [33m WARN[0m [2mglide_rs::jni_client[0m[2m:[0m DIAG cb=1379615 ERROR_CALLBACK: thread=glide-jni-callback-1 error_code=2 msg=timed out    
[2m2026-03-16T16:19:57.794125Z[0m [33m WARN[0m [2mlogger_core[0m[2m:[0m run_with_timeout - request timed out after 50ms
[2026-03-16 16:19:57.880] !!! DEL FAILED after 15776ms | thread=pool-1-thread-6 | error=timed out
[2026-03-16 16:19:57.880] [SLOW DEL] took 15776ms
[2m2026-03-16T16:19:57.854076Z[0m [33m WARN[0m [2mlogger_core[0m[2m:[0m send_command - DIAG TIMEOUT: cmd=DEL(3930200000000000000000000000000000000000...) timeout=50ms
[2m2026-03-16T16:19:57.992517Z[0m [33m WARN[0m [2mglide_rs::jni_client[0m[2m:[0m DIAG cb=1379616 ERROR_CALLBACK: thread=glide-jni-callback-0 error_code=2 msg=timed out    
[2m2026-03-16T16:19:58.076493Z[0m [33m WARN[0m [2mlogger_core[0m[2m:[0m run_with_timeout - request timed out after 50ms
[2026-03-16 16:19:58.198] !!! DEL FAILED after 16061ms | thread=pool-1-thread-51 | error=timed out
[2026-03-16 16:19:58.198] [SLOW DEL] took 16061ms
[2m2026-03-16T16:19:58.179228Z[0m [33m WARN[0m [2mlogger_core[0m[2m:[0m send_command - DIAG TIMEOUT: cmd=DEL(1011300000000000000000000000000000000000...) timeout=50ms
[2m2026-03-16T16:19:58.340688Z[0m [33m WARN[0m [2mglide_rs::jni_client[0m[2m:[0m DIAG cb=1379617 ERROR_CALLBACK: thread=glide-jni-callback-1 error_code=2 msg=timed out    
[2m2026-03-16T16:19:58.415175Z[0m [33m WARN[0m [2mlogger_core[0m[2m:[0m run_with_timeout - request timed out after 50ms
[2026-03-16 16:19:58.514] !!! DEL FAILED after 16337ms | thread=pool-1-thread-23 | error=timed out
[2026-03-16 16:19:58.514] [SLOW DEL] took 16337ms
[2m2026-03-16T16:19:58.486192Z[0m [33m WARN[0m [2mlogger_core[0m[2m:[0m send_command - DIAG TIMEOUT: cmd=DEL(2207900000000000000000000000000000000000...) timeout=50ms
[2m2026-03-16T16:19:58.603790Z[0m [33m WARN[0m [2mglide_rs::jni_client[0m[2m:[0m DIAG cb=1379618 ERROR_CALLBACK: thread=glide-jni-callback-0 error_code=2 msg=timed out    
[2026-03-16 16:19:58.736] !!! DEL FAILED after 16528ms | thread=pool-1-thread-32 | error=timed out
[2026-03-16 16:19:58.736] [SLOW DEL] took 16528ms
[2m2026-03-16T16:19:58.690536Z[0m [33m WARN[0m [2mlogger_core[0m[2m:[0m run_with_timeout - request timed out after 50ms
[2m2026-03-16T16:19:58.799819Z[0m [33m WARN[0m [2mlogger_core[0m[2m:[0m send_command - DIAG TIMEOUT: cmd=DEL(6099600000000000000000000000000000000000...) timeout=50ms
[2m2026-03-16T16:19:58.872983Z[0m [33m WARN[0m [2mglide_rs::jni_client[0m[2m:[0m DIAG cb=1379619 ERROR_CALLBACK: thread=glide-jni-callback-1 error_code=2 msg=timed out    
[2026-03-16 16:19:59.040] !!! DEL FAILED after 16782ms | thread=pool-1-thread-5 | error=timed out
[2026-03-16 16:19:59.040] [SLOW DEL] took 16782ms
[2m2026-03-16T16:19:58.993141Z[0m [33m WARN[0m [2mlogger_core[0m[2m:[0m run_with_timeout - request timed out after 50ms
[2m2026-03-16T16:19:59.086711Z[0m [33m WARN[0m [2mlogger_core[0m[2m:[0m send_command - DIAG TIMEOUT: cmd=DEL(2786800000000000000000000000000000000000...) timeout=50ms
[2m2026-03-16T16:19:59.193390Z[0m [33m WARN[0m [2mglide_rs::jni_client[0m[2m:[0m DIAG cb=1379620 ERROR_CALLBACK: thread=glide-jni-callback-0 error_code=2 msg=timed out    
[2m2026-03-16T16:19:59.267892Z[0m [33m WARN[0m [2mlogger_core[0m[2m:[0m run_with_timeout - request timed out after 50ms
[2m2026-03-16T16:19:59.332984Z[0m [33m WARN[0m [2mlogger_core[0m[2m:[0m send_command - DIAG TIMEOUT: cmd=DEL(1485100000000000000000000000000000000000...) timeout=50ms
[2026-03-16 16:19:59.368] !!! DEL FAILED after 17075ms | thread=pool-1-thread-12 | error=timed out
[2026-03-16 16:19:59.368] [SLOW DEL] took 17075ms
[2m2026-03-16T16:19:59.446694Z[0m [33m WARN[0m [2mglide_rs::jni_client[0m[2m:[0m DIAG cb=1379621 ERROR_CALLBACK: thread=glide-jni-callback-1 error_code=2 msg=timed out    
[2026-03-16 16:19:59.571] !!! DEL STUCK after 3s | thread=pool-1-thread-13 | key0=9868000000...
[2026-03-16 16:19:59.580] !!! DEL FAILED after 17225ms | thread=pool-1-thread-2 | error=timed out
[2026-03-16 16:19:59.580] [SLOW DEL] took 17225ms
[2m2026-03-16T16:19:59.550421Z[0m [33m WARN[0m [2mlogger_core[0m[2m:[0m run_with_timeout - request timed out after 50ms
[2026-03-16 16:19:59.638] !!! DEL STUCK after 3s | thread=pool-1-thread-59 | key0=5631700000...
[2m2026-03-16T16:19:59.644725Z[0m [33m WARN[0m [2mlogger_core[0m[2m:[0m send_command - DIAG TIMEOUT: cmd=DEL(2088900000000000000000000000000000000000...) timeout=50ms
[2m2026-03-16T16:19:59.738591Z[0m [33m WARN[0m [2mglide_rs::jni_client[0m[2m:[0m DIAG cb=1379622 ERROR_CALLBACK: thread=glide-jni-callback-0 error_code=2 msg=timed out    
[2m2026-03-16T16:19:59.812151Z[0m [33m WARN[0m [2mlogger_core[0m[2m:[0m run_with_timeout - request timed out after 50ms
[2026-03-16 16:19:59.870] !!! DEL FAILED after 17474ms | thread=pool-1-thread-44 | error=timed out
[2026-03-16 16:19:59.871] [SLOW DEL] took 17475ms
[2m2026-03-16T16:19:59.896076Z[0m [33m WARN[0m [2mlogger_core[0m[2m:[0m send_command - DIAG TIMEOUT: cmd=DEL(7433400000000000000000000000000000000000...) timeout=50ms
[2026-03-16 16:19:59.963] !!! DEL STUCK after 3s | thread=pool-1-thread-50 | key0=5714300000...
[2m2026-03-16T16:19:59.975080Z[0m [33m WARN[0m [2mglide_rs::jni_client[0m[2m:[0m DIAG cb=1379623 ERROR_CALLBACK: thread=glide-jni-callback-1 error_code=2 msg=timed out    
[2m2026-03-16T16:20:00.046421Z[0m [33m WARN[0m [2mlogger_core[0m[2m:[0m run_with_timeout - request timed out after 50ms
[2m2026-03-16T16:20:00.099261Z[0m [33m WARN[0m [2mlogger_core[0m[2m:[0m send_command - DIAG TIMEOUT: cmd=DEL(7956200000000000000000000000000000000000...) timeout=50ms
[2026-03-16 16:20:00.192] !!! DEL FAILED after 17769ms | thread=pool-1-thread-3 | error=timed out
[2026-03-16 16:20:00.193] [SLOW DEL] took 17770ms
[2026-03-16 16:20:00.313] !!! DEL STUCK after 3s | thread=pool-1-thread-10 | key0=8583000000...
[2026-03-16 16:20:00.667] !!! DEL STUCK after 3s | thread=pool-1-thread-15 | key0=8006300000...
[2m2026-03-16T16:20:00.322894Z[0m [33m WARN[0m [2mglide_rs::jni_client[0m[2m:[0m DIAG cb=1379624 ERROR_CALLBACK: thread=glide-jni-callback-0 error_code=2 msg=timed out    
[2m2026-03-16T16:20:00.608302Z[0m [33m WARN[0m [2mlogger_core[0m[2m:[0m run_with_timeout - request timed out after 50ms
[2026-03-16 16:20:00.803] !!! DEL FAILED after 18334ms | thread=pool-1-thread-9 | error=timed out
[2026-03-16 16:20:00.803] [SLOW DEL] took 18334ms
[2m2026-03-16T16:20:00.759052Z[0m [33m WARN[0m [2mlogger_core[0m[2m:[0m send_command - DIAG TIMEOUT: cmd=DEL(1992000000000000000000000000000000000000...) timeout=50ms
[2026-03-16 16:20:00.982] !!! DEL STUCK after 3s | thread=pool-1-thread-6 | key0=4037800000...
[2m2026-03-16T16:20:00.987620Z[0m [33m WARN[0m [2mglide_rs::jni_client[0m[2m:[0m DIAG cb=1379625 ERROR_CALLBACK: thread=glide-jni-callback-1 error_code=2 msg=timed out    
[2m2026-03-16T16:20:01.126118Z[0m [33m WARN[0m [2mlogger_core[0m[2m:[0m run_with_timeout - request timed out after 50ms
[2026-03-16 16:20:01.252] !!! DEL FAILED after 18742ms | thread=pool-1-thread-58 | error=timed out
[2026-03-16 16:20:01.252] [SLOW DEL] took 18742ms
[2026-03-16 16:20:01.323] !!! DEL STUCK after 3s | thread=pool-1-thread-51 | key0=6620400000...
[2m2026-03-16T16:20:01.252767Z[0m [33m WARN[0m [2mlogger_core[0m[2m:[0m send_command - DIAG TIMEOUT: cmd=DEL(3030500000000000000000000000000000000000...) timeout=50ms
[2026-03-16 16:20:01.597] !!! DEL STUCK after 3s | thread=pool-1-thread-23 | key0=4633800000...
[2m2026-03-16T16:20:01.556619Z[0m [33m WARN[0m [2mglide_rs::jni_client[0m[2m:[0m DIAG cb=1379626 ERROR_CALLBACK: thread=glide-jni-callback-0 error_code=2 msg=timed out    
[2m2026-03-16T16:20:01.694290Z[0m [33m WARN[0m [2mlogger_core[0m[2m:[0m run_with_timeout - request timed out after 50ms
[2026-03-16 16:20:01.791] !!! DEL STUCK after 3s | thread=pool-1-thread-32 | key0=1978600000...
[2026-03-16 16:20:01.795] !!! DEL FAILED after 19228ms | thread=pool-1-thread-16 | error=timed out
[2026-03-16 16:20:01.795] [SLOW DEL] took 19228ms
[2m2026-03-16T16:20:01.798411Z[0m [33m WARN[0m [2mlogger_core[0m[2m:[0m send_command - DIAG TIMEOUT: cmd=DEL(9925300000000000000000000000000000000000...) timeout=50ms
[2026-03-16 16:20:02.106] !!! DEL STUCK after 3s | thread=pool-1-thread-5 | key0=7610000000...
[2m2026-03-16T16:20:01.918431Z[0m [33m WARN[0m [2mlogger_core[0m[2m:[0m AsyncRegistry - DIAG AsyncRegistry: pending=59 done_but_pending=0 total_registered=1379687 completed=456584 errors=923044 rejected=0 already_done=0
[2m2026-03-16T16:20:02.126629Z[0m [33m WARN[0m [2mglide_rs::jni_client[0m[2m:[0m DIAG cb=1379627 ERROR_CALLBACK: thread=glide-jni-callback-1 error_code=2 msg=timed out    
[2026-03-16 16:20:02.467] !!! DEL STUCK after 3s | thread=pool-1-thread-12 | key0=2381000000...
[2m2026-03-16T16:20:02.384104Z[0m [33m WARN[0m [2mlogger_core[0m[2m:[0m run_with_timeout - request timed out after 50ms
[2026-03-16 16:20:02.545] !!! DEL FAILED after 19908ms | thread=pool-1-thread-4 | error=timed out
[2026-03-16 16:20:02.545] [SLOW DEL] took 19908ms
[2026-03-16 16:20:02.680] !!! DEL STUCK after 3s | thread=pool-1-thread-2 | key0=8291100000...
[2m2026-03-16T16:20:02.568218Z[0m [33m WARN[0m [2mlogger_core[0m[2m:[0m send_command - DIAG TIMEOUT: cmd=DEL(7261900000000000000000000000000000000000...) timeout=50ms
[2026-03-16 16:20:02.916] !!! DEL STUCK after 3s | thread=pool-1-thread-44 | key0=4458900000...
[2m2026-03-16T16:20:02.812471Z[0m [33m WARN[0m [2mglide_rs::jni_client[0m[2m:[0m DIAG cb=1379628 ERROR_CALLBACK: thread=glide-jni-callback-0 error_code=2 msg=timed out    
[2m2026-03-16T16:20:02.959164Z[0m [33m WARN[0m [2mlogger_core[0m[2m:[0m run_with_timeout - request timed out after 50ms
[2026-03-16 16:20:03.145] !!! DEL FAILED after 20457ms | thread=pool-1-thread-52 | error=timed out
[2026-03-16 16:20:03.145] [SLOW DEL] took 20457ms
[2m2026-03-16T16:20:03.101606Z[0m [33m WARN[0m [2mlogger_core[0m[2m:[0m send_command - DIAG TIMEOUT: cmd=DEL(8770000000000000000000000000000000000000...) timeout=50ms
[2026-03-16 16:20:03.585] !!! DEL STUCK after 3s | thread=pool-1-thread-3 | key0=9419000000...
[2m2026-03-16T16:20:03.509423Z[0m [33m WARN[0m [2mglide_rs::jni_client[0m[2m:[0m DIAG cb=1379629 ERROR_CALLBACK: thread=glide-jni-callback-1 error_code=2 msg=timed out    
[2m2026-03-16T16:20:03.648783Z[0m [33m WARN[0m [2mlogger_core[0m[2m:[0m run_with_timeout - request timed out after 50ms
[2026-03-16 16:20:03.784] !!! DEL FAILED after 21049ms | thread=pool-1-thread-27 | error=timed out
[2026-03-16 16:20:03.784] [SLOW DEL] took 21049ms
[2026-03-16 16:20:03.900] !!! DEL STUCK after 3s | thread=pool-1-thread-9 | key0=1190800000...
[2m2026-03-16T16:20:03.854947Z[0m [33m WARN[0m [2mlogger_core[0m[2m:[0m send_command - DIAG TIMEOUT: cmd=DEL(7866800000000000000000000000000000000000...) timeout=50ms
[2m2026-03-16T16:20:04.110983Z[0m [33m WARN[0m [2mglide_rs::jni_client[0m[2m:[0m DIAG cb=1379630 ERROR_CALLBACK: thread=glide-jni-callback-0 error_code=2 msg=timed out    
[2m2026-03-16T16:20:04.327799Z[0m [33m WARN[0m [2mlogger_core[0m[2m:[0m run_with_timeout - request timed out after 50ms
[2026-03-16 16:20:04.469] !!! DEL FAILED after 21691ms | thread=pool-1-thread-19 | error=timed out
[2026-03-16 16:20:04.469] [SLOW DEL] took 21691ms
[2026-03-16 16:20:04.470] !!! DEL STUCK after 3s | thread=pool-1-thread-58 | key0=4974400000...
[2m2026-03-16T16:20:04.459486Z[0m [33m WARN[0m [2mlogger_core[0m[2m:[0m send_command - DIAG TIMEOUT: cmd=DEL(1329000000000000000000000000000000000000...) timeout=50ms
[2m2026-03-16T16:20:04.765667Z[0m [33m WARN[0m [2mglide_rs::jni_client[0m[2m:[0m DIAG cb=1379631 ERROR_CALLBACK: thread=glide-jni-callback-1 error_code=2 msg=timed out    
[2m2026-03-16T16:20:04.878746Z[0m [33m WARN[0m [2mlogger_core[0m[2m:[0m run_with_timeout - request timed out after 50ms
[2m2026-03-16T16:20:04.995560Z[0m [33m WARN[0m [2mlogger_core[0m[2m:[0m send_command - DIAG TIMEOUT: cmd=DEL(7555700000000000000000000000000000000000...) timeout=50ms
[2026-03-16 16:20:05.112] !!! DEL FAILED after 22287ms | thread=pool-1-thread-36 | error=timed out
[2026-03-16 16:20:05.112] [SLOW DEL] took 22287ms
[2026-03-16 16:20:05.335] !!! DEL STUCK after 3s | thread=pool-1-thread-16 | key0=3297900000...
[2m2026-03-16T16:20:05.409823Z[0m [33m WARN[0m [2mglide_rs::jni_client[0m[2m:[0m DIAG cb=1379632 ERROR_CALLBACK: thread=glide-jni-callback-0 error_code=2 msg=timed out    
[2026-03-16 16:20:05.694] !!! DEL STUCK after 3s | thread=pool-1-thread-4 | key0=7834500000...
[2m2026-03-16T16:20:05.661598Z[0m [33m WARN[0m [2mlogger_core[0m[2m:[0m run_with_timeout - request timed out after 50ms
[2026-03-16 16:20:05.845] !!! DEL FAILED after 22970ms | thread=pool-1-thread-40 | error=timed out
[2026-03-16 16:20:05.845] [SLOW DEL] took 22970ms
[2m2026-03-16T16:20:05.797610Z[0m [33m WARN[0m [2mlogger_core[0m[2m:[0m send_command - DIAG TIMEOUT: cmd=DEL(7427200000000000000000000000000000000000...) timeout=50ms
[2m2026-03-16T16:20:06.170885Z[0m [33m WARN[0m [2mglide_rs::jni_client[0m[2m:[0m DIAG cb=1379633 ERROR_CALLBACK: thread=glide-jni-callback-1 error_code=2 msg=timed out    
[2m2026-03-16T16:20:06.300020Z[0m [33m WARN[0m [2mlogger_core[0m[2m:[0m run_with_timeout - request timed out after 50ms
[2026-03-16 16:20:06.465] !!! DEL STUCK after 3s | thread=pool-1-thread-52 | key0=2341800000...
[2m2026-03-16T16:20:06.415673Z[0m [33m WARN[0m [2mlogger_core[0m[2m:[0m send_command - DIAG TIMEOUT: cmd=DEL(4350100000000000000000000000000000000000...) timeout=50ms
[2026-03-16 16:20:06.524] !!! DEL FAILED after 23597ms | thread=pool-1-thread-1 | error=timed out
[2026-03-16 16:20:06.524] [SLOW DEL] took 23597ms
[2026-03-16 16:20:07.030] !!! DEL STUCK after 3s | thread=pool-1-thread-27 | key0=8375000000...
[2m2026-03-16T16:20:06.872399Z[0m [33m WARN[0m [2mglide_rs::jni_client[0m[2m:[0m DIAG cb=1379634 ERROR_CALLBACK: thread=glide-jni-callback-0 error_code=2 msg=timed out    
[2m2026-03-16T16:20:07.100444Z[0m [33m WARN[0m [2mlogger_core[0m[2m:[0m run_with_timeout - request timed out after 50ms
[2026-03-16 16:20:07.334] !!! DEL FAILED after 24330ms | thread=pool-1-thread-21 | error=timed out
[2026-03-16 16:20:07.334] [SLOW DEL] took 24330ms
[2m2026-03-16T16:20:07.316311Z[0m [33m WARN[0m [2mlogger_core[0m[2m:[0m send_command - DIAG TIMEOUT: cmd=DEL(8245900000000000000000000000000000000000...) timeout=50ms
[2026-03-16 16:20:07.640] !!! DEL STUCK after 3s | thread=pool-1-thread-19 | key0=6344700000...
[2m2026-03-16T16:20:07.591006Z[0m [33m WARN[0m [2mlogger_core[0m[2m:[0m AsyncRegistry - DIAG AsyncRegistry: pending=59 done_but_pending=0 total_registered=1379695 completed=456584 errors=923052 rejected=0 already_done=0
[2m2026-03-16T16:20:07.723963Z[0m [33m WARN[0m [2mglide_rs::jni_client[0m[2m:[0m DIAG cb=1379635 ERROR_CALLBACK: thread=glide-jni-callback-1 error_code=2 msg=timed out    
[2m2026-03-16T16:20:08.009793Z[0m [33m WARN[0m [2mlogger_core[0m[2m:[0m run_with_timeout - request timed out after 50ms
[2026-03-16 16:20:08.285] !!! DEL FAILED after 25215ms | thread=pool-1-thread-45 | error=timed out
[2026-03-16 16:20:08.285] [SLOW DEL] took 25215ms
[2m2026-03-16T16:20:08.210241Z[0m [33m WARN[0m [2mlogger_core[0m[2m:[0m send_command - DIAG TIMEOUT: cmd=DEL(8811100000000000000000000000000000000000...) timeout=50ms
[2026-03-16 16:20:08.577] !!! DEL STUCK after 3s | thread=pool-1-thread-36 | key0=3323300000...
[2m2026-03-16T16:20:08.505650Z[0m [33m WARN[0m [2mglide_rs::jni_client[0m[2m:[0m DIAG cb=1379636 ERROR_CALLBACK: thread=glide-jni-callback-0 error_code=2 msg=timed out    
[2m2026-03-16T16:20:08.673342Z[0m [33m WARN[0m [2mlogger_core[0m[2m:[0m run_with_timeout - request timed out after 50ms
[2026-03-16 16:20:08.841] !!! DEL FAILED after 25713ms | thread=pool-1-thread-38 | error=timed out
[2026-03-16 16:20:08.841] [SLOW DEL] took 25713ms
[2m2026-03-16T16:20:08.859331Z[0m [33m WARN[0m [2mlogger_core[0m[2m:[0m send_command - DIAG TIMEOUT: cmd=DEL(1559600000000000000000000000000000000000...) timeout=50ms
[2026-03-16 16:20:08.985] !!! DEL STUCK after 3s | thread=pool-1-thread-40 | key0=1250600000...
[2m2026-03-16T16:20:09.187675Z[0m [33m WARN[0m [2mglide_rs::jni_client[0m[2m:[0m DIAG cb=1379637 ERROR_CALLBACK: thread=glide-jni-callback-1 error_code=2 msg=timed out    
[2m2026-03-16T16:20:09.308921Z[0m [33m WARN[0m [2mlogger_core[0m[2m:[0m run_with_timeout - request timed out after 50ms
[2026-03-16 16:20:09.537] !!! DEL FAILED after 26358ms | thread=pool-1-thread-18 | error=timed out
[2026-03-16 16:20:09.537] [SLOW DEL] took 26358ms
[2m2026-03-16T16:20:09.452301Z[0m [33m WARN[0m [2mlogger_core[0m[2m:[0m send_command - DIAG TIMEOUT: cmd=DEL(6997300000000000000000000000000000000000...) timeout=50ms
[2026-03-16 16:20:09.986] !!! DEL STUCK after 3s | thread=pool-1-thread-1 | key0=7721200000...
[2m2026-03-16T16:20:09.825383Z[0m [33m WARN[0m [2mglide_rs::jni_client[0m[2m:[0m DIAG cb=1379638 ERROR_CALLBACK: thread=glide-jni-callback-0 error_code=2 msg=timed out    
[2m2026-03-16T16:20:10.052375Z[0m [33m WARN[0m [2mlogger_core[0m[2m:[0m run_with_timeout - request timed out after 50ms
[2026-03-16 16:20:10.187] !!! DEL FAILED after 26917ms | thread=pool-1-thread-20 | error=timed out
[2026-03-16 16:20:10.187] [SLOW DEL] took 26917ms
[2m2026-03-16T16:20:10.183816Z[0m [33m WARN[0m [2mlogger_core[0m[2m:[0m send_command - DIAG TIMEOUT: cmd=DEL(6692800000000000000000000000000000000000...) timeout=50ms
[2m2026-03-16T16:20:10.492637Z[0m [33m WARN[0m [2mglide_rs::jni_client[0m[2m:[0m DIAG cb=1379639 ERROR_CALLBACK: thread=glide-jni-callback-1 error_code=2 msg=timed out    
[2m2026-03-16T16:20:10.618380Z[0m [33m WARN[0m [2mlogger_core[0m[2m:[0m run_with_timeout - request timed out after 50ms
[2026-03-16 16:20:10.832] !!! DEL FAILED after 27513ms | thread=pool-1-thread-14 | error=timed out
[2026-03-16 16:20:10.832] [SLOW DEL] took 27513ms
[2m2026-03-16T16:20:10.772751Z[0m [33m WARN[0m [2mlogger_core[0m[2m:[0m send_command - DIAG TIMEOUT: cmd=DEL(9974300000000000000000000000000000000000...) timeout=50ms
[2026-03-16 16:20:11.081] !!! DEL STUCK after 3s | thread=pool-1-thread-21 | key0=6907400000...
[2m2026-03-16T16:20:11.132999Z[0m [33m WARN[0m [2mglide_rs::jni_client[0m[2m:[0m DIAG cb=1379640 ERROR_CALLBACK: thread=glide-jni-callback-0 error_code=2 msg=timed out    
[2m2026-03-16T16:20:11.255549Z[0m [33m WARN[0m [2mredis::cluster_async[0m[2m:[0m DIAG start_send: pending_requests lock took 1698us (contention!)
[2026-03-16 16:20:11.388] !!! DEL STUCK after 3s | thread=pool-1-thread-45 | key0=3255500000...
[2026-03-16 16:20:11.467] !!! DEL FAILED after 28075ms | thread=pool-1-thread-31 | error=timed out
[2026-03-16 16:20:11.467] [SLOW DEL] took 28075ms
[2m2026-03-16T16:20:11.405709Z[0m [33m WARN[0m [2mredis::cluster_async[0m[2m:[0m DIAG event_loop: poll_flush=1 recover(ready=1,pending=0) complete(ready=0,pending=1) in_flight=294934 connections=9 pending_queue=121
[2m2026-03-16T16:20:11.592431Z[0m [33m WARN[0m [2mredis::cluster_async[0m[2m:[0m DIAG poll_complete: pending_requests lock took 3849us (contention!)
[2m2026-03-16T16:20:11.653668Z[0m [33m WARN[0m [2mredis::aio::multiplexed_connection[0m[2m:[0m DIAG send_recv: pipeline channel send took 67827ms (backpressure from slow TCP)
[2m2026-03-16T16:20:11.714233Z[0m [33m WARN[0m [2mredis::aio::multiplexed_connection[0m[2m:[0m DIAG send_recv: pipeline channel send took 67886ms (backpressure from slow TCP)
[2m2026-03-16T16:20:11.754863Z[0m [33m WARN[0m [2mredis::aio::multiplexed_connection[0m[2m:[0m DIAG send_recv: pipeline channel send took 67927ms (backpressure from slow TCP)
[2m2026-03-16T16:20:11.805844Z[0m [33m WARN[0m [2mredis::aio::multiplexed_connection[0m[2m:[0m DIAG send_recv: pipeline channel send took 67972ms (backpressure from slow TCP)
[2m2026-03-16T16:20:11.847247Z[0m [33m WARN[0m [2mredis::aio::multiplexed_connection[0m[2m:[0m DIAG send_recv: pipeline channel send took 68021ms (backpressure from slow TCP)
[2m2026-03-16T16:20:11.897747Z[0m [33m WARN[0m [2mredis::aio::multiplexed_connection[0m[2m:[0m DIAG send_recv: pipeline channel send took 68065ms (backpressure from slow TCP)
[2m2026-03-16T16:20:11.937041Z[0m [33m WARN[0m [2mredis::aio::multiplexed_connection[0m[2m:[0m DIAG send_recv: pipeline channel send took 68103ms (backpressure from slow TCP)
[2m2026-03-16T16:20:11.976696Z[0m [33m WARN[0m [2mredis::aio::multiplexed_connection[0m[2m:[0m DIAG send_recv: pipeline channel send took 68143ms (backpressure from slow TCP)
[2m2026-03-16T16:20:12.025451Z[0m [33m WARN[0m [2mredis::aio::multiplexed_connection[0m[2m:[0m DIAG send_recv: pipeline channel send took 68195ms (backpressure from slow TCP)
[2m2026-03-16T16:20:12.078820Z[0m [33m WARN[0m [2mredis::aio::multiplexed_connection[0m[2m:[0m DIAG send_recv: pipeline channel send took 68239ms (backpressure from slow TCP)
[2026-03-16 16:20:12.132] !!! DEL STUCK after 3s | thread=pool-1-thread-38 | key0=8878000000...
[2m2026-03-16T16:20:12.123034Z[0m [33m WARN[0m [2mredis::aio::multiplexed_connection[0m[2m:[0m DIAG send_recv: pipeline channel send took 68291ms (backpressure from slow TCP)
[2m2026-03-16T16:20:12.167668Z[0m [33m WARN[0m [2mredis::aio::multiplexed_connection[0m[2m:[0m DIAG send_recv: pipeline channel send took 68331ms (backpressure from slow TCP)
[2m2026-03-16T16:20:12.231640Z[0m [33m WARN[0m [2mredis::aio::multiplexed_connection[0m[2m:[0m DIAG send_recv: pipeline channel send took 68390ms (backpressure from slow TCP)
[2m2026-03-16T16:20:12.291703Z[0m [33m WARN[0m [2mredis::aio::multiplexed_connection[0m[2m:[0m DIAG send_recv: pipeline channel send took 68426ms (backpressure from slow TCP)
[2m2026-03-16T16:20:12.353578Z[0m [33m WARN[0m [2mredis::aio::multiplexed_connection[0m[2m:[0m DIAG send_recv: pipeline channel send took 68487ms (backpressure from slow TCP)
[2m2026-03-16T16:20:12.397282Z[0m [33m WARN[0m [2mredis::aio::multiplexed_connection[0m[2m:[0m DIAG send_recv: pipeline channel send took 68540ms (backpressure from slow TCP)
[2m2026-03-16T16:20:12.440672Z[0m [33m WARN[0m [2mredis::aio::multiplexed_connection[0m[2m:[0m DIAG send_recv: pipeline channel send took 68583ms (backpressure from slow TCP)
[2m2026-03-16T16:20:12.494554Z[0m [33m WARN[0m [2mredis::aio::multiplexed_connection[0m[2m:[0m DIAG send_recv: pipeline channel send took 68634ms (backpressure from slow TCP)
[2m2026-03-16T16:20:12.545852Z[0m [33m WARN[0m [2mredis::aio::multiplexed_connection[0m[2m:[0m DIAG send_recv: pipeline channel send took 68684ms (backpressure from slow TCP)
[2m2026-03-16T16:20:12.586233Z[0m [33m WARN[0m [2mredis::aio::multiplexed_connection[0m[2m:[0m DIAG send_recv: pipeline channel send took 68727ms (backpressure from slow TCP)
[2m2026-03-16T16:20:12.630624Z[0m [33m WARN[0m [2mredis::aio::multiplexed_connection[0m[2m:[0m DIAG send_recv: pipeline channel send took 68769ms (backpressure from slow TCP)
[2m2026-03-16T16:20:12.689217Z[0m [33m WARN[0m [2mredis::aio::multiplexed_connection[0m[2m:[0m DIAG send_recv: pipeline channel send took 68823ms (backpressure from slow TCP)
[2m2026-03-16T16:20:12.735238Z[0m [33m WARN[0m [2mredis::aio::multiplexed_connection[0m[2m:[0m DIAG send_recv: pipeline channel send took 68870ms (backpressure from slow TCP)
[2m2026-03-16T16:20:12.789640Z[0m [33m WARN[0m [2mredis::aio::multiplexed_connection[0m[2m:[0m DIAG send_recv: pipeline channel send took 68922ms (backpressure from slow TCP)
[2m2026-03-16T16:20:12.841367Z[0m [33m WARN[0m [2mredis::aio::multiplexed_connection[0m[2m:[0m DIAG send_recv: pipeline channel send took 68975ms (backpressure from slow TCP)
[2026-03-16 16:20:12.901] !!! DEL STUCK after 3s | thread=pool-1-thread-18 | key0=6338000000...
[2m2026-03-16T16:20:12.895552Z[0m [33m WARN[0m [2mredis::aio::multiplexed_connection[0m[2m:[0m DIAG send_recv: pipeline channel send took 69032ms (backpressure from slow TCP)
[2m2026-03-16T16:20:12.955838Z[0m [33m WARN[0m [2mredis::aio::multiplexed_connection[0m[2m:[0m DIAG send_recv: pipeline channel send took 69086ms (backpressure from slow TCP)
[2m2026-03-16T16:20:13.012051Z[0m [33m WARN[0m [2mredis::aio::multiplexed_connection[0m[2m:[0m DIAG send_recv: pipeline channel send took 69144ms (backpressure from slow TCP)
[2m2026-03-16T16:20:13.055198Z[0m [33m WARN[0m [2mredis::aio::multiplexed_connection[0m[2m:[0m DIAG send_recv: pipeline channel send took 69194ms (backpressure from slow TCP)
[2m2026-03-16T16:20:13.097972Z[0m [33m WARN[0m [2mredis::aio::multiplexed_connection[0m[2m:[0m DIAG send_recv: pipeline channel send took 69234ms (backpressure from slow TCP)
[2m2026-03-16T16:20:13.148379Z[0m [33m WARN[0m [2mredis::aio::multiplexed_connection[0m[2m:[0m DIAG send_recv: pipeline channel send took 69276ms (backpressure from slow TCP)
[2m2026-03-16T16:20:13.190582Z[0m [33m WARN[0m [2mredis::aio::multiplexed_connection[0m[2m:[0m DIAG send_recv: pipeline channel send took 69322ms (backpressure from slow TCP)
[2m2026-03-16T16:20:13.253943Z[0m [33m WARN[0m [2mredis::aio::multiplexed_connection[0m[2m:[0m DIAG send_recv: pipeline channel send took 69382ms (backpressure from slow TCP)
[2m2026-03-16T16:20:13.299384Z[0m [33m WARN[0m [2mredis::aio::multiplexed_connection[0m[2m:[0m DIAG send_recv: pipeline channel send took 69426ms (backpressure from slow TCP)
[2m2026-03-16T16:20:13.359194Z[0m [33m WARN[0m [2mredis::aio::multiplexed_connection[0m[2m:[0m DIAG send_recv: pipeline channel send took 69485ms (backpressure from slow TCP)
[2026-03-16 16:20:13.403] !!! DEL STUCK after 3s | thread=pool-1-thread-20 | key0=5971300000...
[2m2026-03-16T16:20:13.421917Z[0m [33m WARN[0m [2mredis::aio::multiplexed_connection[0m[2m:[0m DIAG send_recv: pipeline channel send took 69551ms (backpressure from slow TCP)
[2m2026-03-16T16:20:13.475060Z[0m [33m WARN[0m [2mredis::aio::multiplexed_connection[0m[2m:[0m DIAG send_recv: pipeline channel send took 69599ms (backpressure from slow TCP)
[2m2026-03-16T16:20:13.535161Z[0m [33m WARN[0m [2mredis::aio::multiplexed_connection[0m[2m:[0m DIAG send_recv: pipeline channel send took 69664ms (backpressure from slow TCP)
[2m2026-03-16T16:20:13.589250Z[0m [33m WARN[0m [2mredis::aio::multiplexed_connection[0m[2m:[0m DIAG send_recv: pipeline channel send took 69721ms (backpressure from slow TCP)
[2m2026-03-16T16:20:13.642339Z[0m [33m WARN[0m [2mredis::aio::multiplexed_connection[0m[2m:[0m DIAG send_recv: pipeline channel send took 69772ms (backpressure from slow TCP)
[2m2026-03-16T16:20:13.685964Z[0m [33m WARN[0m [2mredis::aio::multiplexed_connection[0m[2m:[0m DIAG send_recv: pipeline channel send took 69816ms (backpressure from slow TCP)
[2m2026-03-16T16:20:13.735823Z[0m [33m WARN[0m [2mredis::aio::multiplexed_connection[0m[2m:[0m DIAG send_recv: pipeline channel send took 69864ms (backpressure from slow TCP)
[2m2026-03-16T16:20:13.793397Z[0m [33m WARN[0m [2mredis::aio::multiplexed_connection[0m[2m:[0m DIAG send_recv: pipeline channel send took 69922ms (backpressure from slow TCP)
[2m2026-03-16T16:20:13.852628Z[0m [33m WARN[0m [2mredis::aio::multiplexed_connection[0m[2m:[0m DIAG send_recv: pipeline channel send took 69984ms (backpressure from slow TCP)
[2m2026-03-16T16:20:13.905599Z[0m [33m WARN[0m [2mredis::aio::multiplexed_connection[0m[2m:[0m DIAG send_recv: pipeline channel send took 70035ms (backpressure from slow TCP)
[2m2026-03-16T16:20:13.962881Z[0m [33m WARN[0m [2mredis::aio::multiplexed_connection[0m[2m:[0m DIAG send_recv: pipeline channel send took 70095ms (backpressure from slow TCP)
[2m2026-03-16T16:20:14.014863Z[0m [33m WARN[0m [2mredis::aio::multiplexed_connection[0m[2m:[0m DIAG send_recv: pipeline channel send took 70145ms (backpressure from slow TCP)
[2m2026-03-16T16:20:14.076029Z[0m [33m WARN[0m [2mredis::aio::multiplexed_connection[0m[2m:[0m DIAG send_recv: pipeline channel send took 70202ms (backpressure from slow TCP)
[2026-03-16 16:20:14.122] !!! DEL STUCK after 3s | thread=pool-1-thread-14 | key0=9718800000...
[2m2026-03-16T16:20:14.141788Z[0m [33m WARN[0m [2mredis::aio::multiplexed_connection[0m[2m:[0m DIAG send_recv: pipeline channel send took 70272ms (backpressure from slow TCP)
[2m2026-03-16T16:20:14.201939Z[0m [33m WARN[0m [2mredis::aio::multiplexed_connection[0m[2m:[0m DIAG send_recv: pipeline channel send took 70326ms (backpressure from slow TCP)
[2m2026-03-16T16:20:14.269700Z[0m [33m WARN[0m [2mredis::cluster_async[0m[2m:[0m DIAG try_cmd_request: node=shohame-global-data-store-iad-0003-001.shohame-global-data-store-iad.ime4qh.use1.cache.amazonaws.com:6379 elapsed=70508ms ok=true
[2m2026-03-16T16:20:14.346303Z[0m [33m WARN[0m [2mredis::cluster_async[0m[2m:[0m DIAG try_cmd_request: node=shohame-global-data-store-iad-0003-001.shohame-global-data-store-iad.ime4qh.use1.cache.amazonaws.com:6379 elapsed=70584ms ok=true
[2m2026-03-16T16:20:14.412788Z[0m [33m WARN[0m [2mredis::cluster_async[0m[2m:[0m DIAG try_cmd_request: node=shohame-global-data-store-iad-0003-001.shohame-global-data-store-iad.ime4qh.use1.cache.amazonaws.com:6379 elapsed=70649ms ok=true
[2m2026-03-16T16:20:14.484485Z[0m [33m WARN[0m [2mredis::cluster_async[0m[2m:[0m DIAG try_cmd_request: node=shohame-global-data-store-iad-0003-001.shohame-global-data-store-iad.ime4qh.use1.cache.amazonaws.com:6379 elapsed=70721ms ok=true
[2026-03-16 16:20:14.589] !!! DEL STUCK after 3s | thread=pool-1-thread-31 | key0=9606700000...
[2m2026-03-16T16:20:14.579546Z[0m [33m WARN[0m [2mredis::cluster_async[0m[2m:[0m DIAG try_cmd_request: node=shohame-global-data-store-iad-0003-001.shohame-global-data-store-iad.ime4qh.use1.cache.amazonaws.com:6379 elapsed=70814ms ok=true
[2m2026-03-16T16:20:14.653881Z[0m [33m WARN[0m [2mredis::cluster_async[0m[2m:[0m DIAG try_cmd_request: node=shohame-global-data-store-iad-0003-001.shohame-global-data-store-iad.ime4qh.use1.cache.amazonaws.com:6379 elapsed=70890ms ok=true
[2m2026-03-16T16:20:14.727432Z[0m [33m WARN[0m [2mredis::cluster_async[0m[2m:[0m DIAG try_cmd_request: node=shohame-global-data-store-iad-0003-001.shohame-global-data-store-iad.ime4qh.use1.cache.amazonaws.com:6379 elapsed=70959ms ok=true
[2m2026-03-16T16:20:14.810919Z[0m [33m WARN[0m [2mredis::cluster_async[0m[2m:[0m DIAG try_cmd_request: node=shohame-global-data-store-iad-0003-001.shohame-global-data-store-iad.ime4qh.use1.cache.amazonaws.com:6379 elapsed=71044ms ok=true
[2m2026-03-16T16:20:14.887723Z[0m [33m WARN[0m [2mredis::cluster_async[0m[2m:[0m DIAG try_cmd_request: node=shohame-global-data-store-iad-0003-001.shohame-global-data-store-iad.ime4qh.use1.cache.amazonaws.com:6379 elapsed=71117ms ok=true
[2m2026-03-16T16:20:14.991147Z[0m [33m WARN[0m [2mredis::cluster_async[0m[2m:[0m DIAG try_cmd_request: node=shohame-global-data-store-iad-0003-001.shohame-global-data-store-iad.ime4qh.use1.cache.amazonaws.com:6379 elapsed=71224ms ok=true
[2m2026-03-16T16:20:15.067326Z[0m [33m WARN[0m [2mredis::cluster_async[0m[2m:[0m DIAG try_cmd_request: node=shohame-global-data-store-iad-0003-001.shohame-global-data-store-iad.ime4qh.use1.cache.amazonaws.com:6379 elapsed=71297ms ok=true
[2m2026-03-16T16:20:15.146546Z[0m [33m WARN[0m [2mredis::cluster_async[0m[2m:[0m DIAG try_cmd_request: node=shohame-global-data-store-iad-0003-001.shohame-global-data-store-iad.ime4qh.use1.cache.amazonaws.com:6379 elapsed=71381ms ok=true
[2m2026-03-16T16:20:15.222258Z[0m [33m WARN[0m [2mredis::cluster_async[0m[2m:[0m DIAG try_cmd_request: node=shohame-global-data-store-iad-0003-001.shohame-global-data-store-iad.ime4qh.use1.cache.amazonaws.com:6379 elapsed=71455ms ok=true
[2m2026-03-16T16:20:15.316220Z[0m [33m WARN[0m [2mredis::cluster_async[0m[2m:[0m DIAG try_cmd_request: node=shohame-global-data-store-iad-0003-001.shohame-global-data-store-iad.ime4qh.use1.cache.amazonaws.com:6379 elapsed=71545ms ok=true
[2m2026-03-16T16:20:15.401977Z[0m [33m WARN[0m [2mredis::cluster_async[0m[2m:[0m DIAG try_cmd_request: node=shohame-global-data-store-iad-0003-001.shohame-global-data-store-iad.ime4qh.use1.cache.amazonaws.com:6379 elapsed=71632ms ok=true
[2m2026-03-16T16:20:15.477944Z[0m [33m WARN[0m [2mredis::cluster_async[0m[2m:[0m DIAG try_cmd_request: node=shohame-global-data-store-iad-0003-001.shohame-global-data-store-iad.ime4qh.use1.cache.amazonaws.com:6379 elapsed=71710ms ok=true
[2m2026-03-16T16:20:15.547028Z[0m [33m WARN[0m [2mredis::cluster_async[0m[2m:[0m DIAG try_cmd_request: node=shohame-global-data-store-iad-0003-001.shohame-global-data-store-iad.ime4qh.use1.cache.amazonaws.com:6379 elapsed=71780ms ok=true
[2m2026-03-16T16:20:15.617679Z[0m [33m WARN[0m [2mredis::cluster_async[0m[2m:[0m DIAG try_cmd_request: node=shohame-global-data-store-iad-0003-001.shohame-global-data-store-iad.ime4qh.use1.cache.amazonaws.com:6379 elapsed=71852ms ok=true
[2m2026-03-16T16:20:15.700886Z[0m [33m WARN[0m [2mredis::cluster_async[0m[2m:[0m DIAG try_cmd_request: node=shohame-global-data-store-iad-0003-001.shohame-global-data-store-iad.ime4qh.use1.cache.amazonaws.com:6379 elapsed=71929ms ok=true
[2m2026-03-16T16:20:15.785122Z[0m [33m WARN[0m [2mredis::cluster_async[0m[2m:[0m DIAG try_cmd_request: node=shohame-global-data-store-iad-0003-001.shohame-global-data-store-iad.ime4qh.use1.cache.amazonaws.com:6379 elapsed=72016ms ok=true
[2m2026-03-16T16:20:15.852193Z[0m [33m WARN[0m [2mredis::cluster_async[0m[2m:[0m DIAG try_cmd_request: node=shohame-global-data-store-iad-0003-001.shohame-global-data-store-iad.ime4qh.use1.cache.amazonaws.com:6379 elapsed=72085ms ok=true
[2m2026-03-16T16:20:15.930218Z[0m [33m WARN[0m [2mredis::cluster_async[0m[2m:[0m DIAG try_cmd_request: node=shohame-global-data-store-iad-0003-001.shohame-global-data-store-iad.ime4qh.use1.cache.amazonaws.com:6379 elapsed=72161ms ok=true
[2m2026-03-16T16:20:16.004836Z[0m [33m WARN[0m [2mredis::cluster_async[0m[2m:[0m DIAG try_cmd_request: node=shohame-global-data-store-iad-0003-001.shohame-global-data-store-iad.ime4qh.use1.cache.amazonaws.com:6379 elapsed=72229ms ok=true
[2m2026-03-16T16:20:16.071449Z[0m [33m WARN[0m [2mredis::cluster_async[0m[2m:[0m DIAG try_cmd_request: node=shohame-global-data-store-iad-0003-001.shohame-global-data-store-iad.ime4qh.use1.cache.amazonaws.com:6379 elapsed=72303ms ok=true
[2m2026-03-16T16:20:16.132559Z[0m [33m WARN[0m [2mredis::cluster_async[0m[2m:[0m DIAG try_cmd_request: node=shohame-global-data-store-iad-0003-001.shohame-global-data-store-iad.ime4qh.use1.cache.amazonaws.com:6379 elapsed=72364ms ok=true
[2m2026-03-16T16:20:16.200324Z[0m [33m WARN[0m [2mredis::cluster_async[0m[2m:[0m DIAG try_cmd_request: node=shohame-global-data-store-iad-0003-001.shohame-global-data-store-iad.ime4qh.use1.cache.amazonaws.com:6379 elapsed=72432ms ok=true
[2m2026-03-16T16:20:16.271356Z[0m [33m WARN[0m [2mredis::cluster_async[0m[2m:[0m DIAG try_cmd_request: node=shohame-global-data-store-iad-0003-001.shohame-global-data-store-iad.ime4qh.use1.cache.amazonaws.com:6379 elapsed=72503ms ok=true
[2m2026-03-16T16:20:16.343522Z[0m [33m WARN[0m [2mredis::cluster_async[0m[2m:[0m DIAG try_cmd_request: node=shohame-global-data-store-iad-0003-001.shohame-global-data-store-iad.ime4qh.use1.cache.amazonaws.com:6379 elapsed=72569ms ok=true
[2m2026-03-16T16:20:16.412266Z[0m [33m WARN[0m [2mredis::cluster_async[0m[2m:[0m DIAG try_cmd_request: node=shohame-global-data-store-iad-0003-001.shohame-global-data-store-iad.ime4qh.use1.cache.amazonaws.com:6379 elapsed=72637ms ok=true
[2m2026-03-16T16:20:16.491447Z[0m [33m WARN[0m [2mredis::cluster_async[0m[2m:[0m DIAG try_cmd_request: node=shohame-global-data-store-iad-0003-001.shohame-global-data-store-iad.ime4qh.use1.cache.amazonaws.com:6379 elapsed=72718ms ok=true
[2026-03-16 16:20:16.558] !!! DEL NEVER COMPLETED after 33017ms | thread=pool-1-thread-46
[2026-03-16 16:20:16.558] [SLOW DEL] took 33017ms
