{
  "implementation": "JNI",
  "durationSec": 120.028362505,
  "finalMetrics": {
    "setCommands": 240163,
    "getCommands": 959898,
    "getHits": 767214,
    "getMisses": 192684,
    "setErrors": 0,
    "getErrors": 0,
    "setLatencies": {
      "count": 240163,
      "min": 0.163606,
      "max": 5.607212,
      "mean": 0.7575977363915376,
      "stdDev": 0.5945160688543617,
      "p50": 0.4306125,
      "p90": 1.6665923,
      "p95": 1.8626319999999996,
      "p99": 2.0391679299999996
    },
    "getHitLatencies": {
      "count": 767214,
      "min": 0.176307,
      "max": 8.39813,
      "mean": 0.808184374254131,
      "stdDev": 0.6436087205324234,
      "p50": 0.4876465,
      "p90": 1.8538468000000001,
      "p95": 2.000305149999999,
      "p99": 2.19351468
    },
    "getMissLatencies": {
      "count": 192684,
      "min": 0.074391,
      "max": 8.569947,
      "mean": 0.6908870158601647,
      "stdDev": 0.641904677665017,
      "p50": 0.34639949999999997,
      "p90": 1.7337982,
      "p95": 1.8780316499999998,
      "p99": 2.03857732
    },
    "timestamp": 1756220159325
  },
  "checkpoints": [
    {
      "setCommands": 60010,
      "getCommands": 239982,
      "getHits": 191943,
      "getMisses": 48039,
      "setErrors": 0,
      "getErrors": 0,
      "setLatencies": {
        "count": 60010,
        "min": 0.167027,
        "max": 5.258307,
        "mean": 0.7705686063989341,
        "stdDev": 0.5976426479228986,
        "p50": 0.448911,
        "p90": 1.6847686,
        "p95": 1.8960997,
        "p99": 2.1358361899999996
      },
      "getHitLatencies": {
        "count": 191957,
        "min": 0.176307,
        "max": 5.63857,
        "mean": 0.8162422296608074,
        "stdDev": 0.6469788187753969,
        "p50": 0.4798325,
        "p90": 1.8149102000000001,
        "p95": 1.9813056999999998,
        "p99": 2.1830446599999997
      },
      "getMissLatencies": {
        "count": 48050,
        "min": 0.076077,
        "max": 4.260053,
        "mean": 0.695601752216446,
        "stdDev": 0.6439660887966948,
        "p50": 0.36172950000000004,
        "p90": 1.6852360000000004,
        "p95": 1.8671856,
        "p99": 2.08140203
      },
      "timestamp": 1756220069321
    },
    {
      "setCommands": 120328,
      "getCommands": 479662,
      "getHits": 383389,
      "getMisses": 96273,
      "setErrors": 0,
      "getErrors": 0,
      "setLatencies": {
        "count": 120328,
        "min": 0.166797,
        "max": 5.486264,
        "mean": 0.7610851944518335,
        "stdDev": 0.5951531942395738,
        "p50": 0.443634,
        "p90": 1.6448734,
        "p95": 1.8424805499999999,
        "p99": 2.06766149
      },
      "getHitLatencies": {
        "count": 383390,
        "min": 0.176307,
        "max": 7.316606,
        "mean": 0.8122366291322234,
        "stdDev": 0.6457738718594167,
        "p50": 0.485475,
        "p90": 1.8469913999999998,
        "p95": 2.018634499999999,
        "p99": 2.20428185
      },
      "getMissLatencies": {
        "count": 96274,
        "min": 0.074391,
        "max": 5.378944,
        "mean": 0.6925749064960453,
        "stdDev": 0.6419087418211405,
        "p50": 0.370127,
        "p90": 1.6914759,
        "p95": 1.86263025,
        "p99": 2.0149942899999997
      },
      "timestamp": 1756220099318
    },
    {
      "setCommands": 180280,
      "getCommands": 719709,
      "getHits": 575170,
      "getMisses": 144539,
      "setErrors": 0,
      "getErrors": 0,
      "setLatencies": {
        "count": 180280,
        "min": 0.166797,
        "max": 5.607212,
        "mean": 0.7598405175061057,
        "stdDev": 0.5956413506343561,
        "p50": 0.4384315,
        "p90": 1.6401674,
        "p95": 1.8427276999999997,
        "p99": 2.0383624100000004
      },
      "getHitLatencies": {
        "count": 575173,
        "min": 0.176307,
        "max": 8.39813,
        "mean": 0.8099998180286726,
        "stdDev": 0.6448164660965758,
        "p50": 0.481319,
        "p90": 1.8446166000000002,
        "p95": 2.0080664999999995,
        "p99": 2.19351468
      },
      "getMissLatencies": {
        "count": 144542,
        "min": 0.074391,
        "max": 8.569947,
        "mean": 0.691933312504318,
        "stdDev": 0.6427970744683522,
        "p50": 0.3524475,
        "p90": 1.7049295,
        "p95": 1.86260025,
        "p99": 2.0149942899999997
      },
      "timestamp": 1756220129317
    },
    {
      "setCommands": 240152,
      "getCommands": 959840,
      "getHits": 767163,
      "getMisses": 192677,
      "setErrors": 0,
      "getErrors": 0,
      "setLatencies": {
        "count": 240152,
        "min": 0.163606,
        "max": 5.607212,
        "mean": 0.7575806302341886,
        "stdDev": 0.5945109038811619,
        "p50": 0.4306125,
        "p90": 1.6665923,
        "p95": 1.8626319999999996,
        "p99": 2.0391679299999996
      },
      "getHitLatencies": {
        "count": 767165,
        "min": 0.176307,
        "max": 8.39813,
        "mean": 0.808147934809342,
        "stdDev": 0.6435752335531403,
        "p50": 0.4876465,
        "p90": 1.8538468000000001,
        "p95": 2.000305149999999,
        "p99": 2.19351468
      },
      "getMissLatencies": {
        "count": 192678,
        "min": 0.074391,
        "max": 8.569947,
        "mean": 0.6908644240546401,
        "stdDev": 0.6418878044186916,
        "p50": 0.34639949999999997,
        "p90": 1.7337982,
        "p95": 1.8780316499999998,
        "p99": 2.03857732
      },
      "timestamp": 1756220159317
    },
    {
      "setCommands": 240163,
      "getCommands": 959898,
      "getHits": 767214,
      "getMisses": 192684,
      "setErrors": 0,
      "getErrors": 0,
      "setLatencies": {
        "count": 240163,
        "min": 0.163606,
        "max": 5.607212,
        "mean": 0.7575977363915376,
        "stdDev": 0.5945160688543617,
        "p50": 0.4306125,
        "p90": 1.6665923,
        "p95": 1.8626319999999996,
        "p99": 2.0391679299999996
      },
      "getHitLatencies": {
        "count": 767214,
        "min": 0.176307,
        "max": 8.39813,
        "mean": 0.808184374254131,
        "stdDev": 0.6436087205324234,
        "p50": 0.4876465,
        "p90": 1.8538468000000001,
        "p95": 2.000305149999999,
        "p99": 2.19351468
      },
      "getMissLatencies": {
        "count": 192684,
        "min": 0.074391,
        "max": 8.569947,
        "mean": 0.6908870158601647,
        "stdDev": 0.641904677665017,
        "p50": 0.34639949999999997,
        "p90": 1.7337982,
        "p95": 1.8780316499999998,
        "p99": 2.03857732
      },
      "timestamp": 1756220159325
    }
  ],
  "resourceCheckpoints": [
    {
      "timestamp": 1756220069323,
      "processCpuLoad": 9.80252968508002,
      "systemCpuLoad": 8.284036397272356,
      "availableProcessors": 4,
      "usedMemory": 1009,
      "totalMemory": 4096,
      "maxMemory": 4096,
      "heapUsed": 1006,
      "heapCommitted": 4096,
      "heapMax": 4096,
      "nonHeapUsed": 13,
      "usedPhysicalMemory": 49366,
      "totalPhysicalMemory": 126507
    },
    {
      "timestamp": 1756220099319,
      "processCpuLoad": 9.301174749343776,
      "systemCpuLoad": 8.160850294763113,
      "availableProcessors": 4,
      "usedMemory": 1476,
      "totalMemory": 4096,
      "maxMemory": 4096,
      "heapUsed": 1472,
      "heapCommitted": 4096,
      "heapMax": 4096,
      "nonHeapUsed": 17,
      "usedPhysicalMemory": 49401,
      "totalPhysicalMemory": 126507
    },
    {
      "timestamp": 1756220129319,
      "processCpuLoad": 9.283808212102953,
      "systemCpuLoad": 7.833516258850367,
      "availableProcessors": 4,
      "usedMemory": 1904,
      "totalMemory": 4096,
      "maxMemory": 4096,
      "heapUsed": 1900,
      "heapCommitted": 4096,
      "heapMax": 4096,
      "nonHeapUsed": 17,
      "usedPhysicalMemory": 49420,
      "totalPhysicalMemory": 126507
    },
    {
      "timestamp": 1756220159318,