{
  "implementation": "JNI",
  "durationSec": 120.077314498,
  "finalMetrics": {
    "setCommands": 2158995,
    "getCommands": 8644348,
    "getHits": 6916502,
    "getMisses": 1727846,
    "setErrors": 0,
    "getErrors": 0,
    "setLatencies": {
      "count": 2158995,
      "min": 0.088324,
      "max": 7.842944,
      "mean": 1.1044461881430707,
      "stdDev": 0.6766899840873752,
      "p50": 0.8101229999999999,
      "p90": 2.100991,
      "p95": 2.2363082,
      "p99": 2.4686470799999998
    },
    "getHitLatencies": {
      "count": 6916502,
      "min": 0.082844,
      "max": 8.200066,
      "mean": 1.0961045670850857,
      "stdDev": 0.6765807066176464,
      "p50": 0.834141,
      "p90": 2.1235197,
      "p95": 2.2523175499999994,
      "p99": 2.46744279
    },
    "getMissLatencies": {
      "count": 1727846,
      "min": 0.078073,
      "max": 7.646166,
      "mean": 1.096513618563242,
      "stdDev": 0.6768219470401539,
      "p50": 0.810002,
      "p90": 2.0994005,
      "p95": 2.2369435,
      "p99": 2.4530026099999995
    },
    "timestamp": 1756219195629
  },
  "checkpoints": [
    {
      "setCommands": 539004,
      "getCommands": 2158047,
      "getHits": 1726855,
      "getMisses": 431192,
      "setErrors": 0,
      "getErrors": 0,
      "setLatencies": {
        "count": 539004,
        "min": 0.097637,
        "max": 7.376306,
        "mean": 1.1112335814075531,
        "stdDev": 0.6793179185382546,
        "p50": 0.803633,
        "p90": 2.1028504,
        "p95": 2.2292305000000003,
        "p99": 2.51376457
      },
      "getHitLatencies": {
        "count": 1726975,
        "min": 0.082844,
        "max": 7.597703,
        "mean": 1.1033639114509532,
        "stdDev": 0.6788958043404086,
        "p50": 0.7967375,
        "p90": 2.1203304999999997,
        "p95": 2.2485245,
        "p99": 2.562872219999999
      },
      "getMissLatencies": {
        "count": 431234,
        "min": 0.084833,
        "max": 6.482326,
        "mean": 1.103195544590634,
        "stdDev": 0.6791171671703365,
        "p50": 0.8166420000000001,
        "p90": 2.0870889999999997,
        "p95": 2.2364253499999998,
        "p99": 2.49353396
      },
      "timestamp": 1756219105577
    },
    {
      "setCommands": 1077764,
      "getCommands": 4316668,
      "getHits": 3454621,
      "getMisses": 862047,
      "setErrors": 0,
      "getErrors": 0,
      "setLatencies": {
        "count": 1077764,
        "min": 0.092289,
        "max": 7.842944,
        "mean": 1.1098102739885423,
        "stdDev": 0.6781058984513821,
        "p50": 0.809618,
        "p90": 2.0845203,
        "p95": 2.2203893999999997,
        "p99": 2.48832781
      },
      "getHitLatencies": {
        "count": 3454631,
        "min": 0.082844,
        "max": 8.200066,
        "mean": 1.1016469022011357,
        "stdDev": 0.6777940117274042,
        "p50": 0.8110835000000001,
        "p90": 2.1251687,
        "p95": 2.2519896999999998,
        "p99": 2.51534668
      },
      "getMissLatencies": {
        "count": 862054,
        "min": 0.082609,
        "max": 7.646166,
        "mean": 1.1017274673164446,
        "stdDev": 0.6779056008882234,
        "p50": 0.8260645,
        "p90": 2.1144382,
        "p95": 2.2643280999999997,
        "p99": 2.46900101
      },
      "timestamp": 1756219135573
    },
    {
      "setCommands": 1618990,
      "getCommands": 6480976,
      "getHits": 5185686,
      "getMisses": 1295290,
      "setErrors": 0,
      "getErrors": 0,
      "setLatencies": {
        "count": 1618990,
        "min": 0.088324,
        "max": 7.842944,
        "mean": 1.10674916215913,
        "stdDev": 0.6770775690232013,
        "p50": 0.814285,
        "p90": 2.0880137,
        "p95": 2.20679725,
        "p99": 2.45892476
      },
      "getHitLatencies": {
        "count": 5185695,
        "min": 0.082844,
        "max": 8.200066,
        "mean": 1.0985816413919414,
        "stdDev": 0.6768392948494736,
        "p50": 0.820183,
        "p90": 2.1268703999999996,
        "p95": 2.2599285,
        "p99": 2.51534668
      },
      "getMissLatencies": {
        "count": 1295296,
        "min": 0.082601,
        "max": 7.646166,
        "mean": 1.0990257536046109,
        "stdDev": 0.6772317584097249,
        "p50": 0.8240339999999999,
        "p90": 2.1105243000000002,
        "p95": 2.24554215,
        "p99": 2.4527685999999997
      },
      "timestamp": 1756219165573
    },
    {
      "setCommands": 2158115,
      "getCommands": 8641003,
      "getHits": 6913858,
      "getMisses": 1727145,
      "setErrors": 0,
      "getErrors": 0,
      "setLatencies": {
        "count": 2158115,
        "min": 0.088324,
        "max": 7.842944,
        "mean": 1.1043672209205486,
        "stdDev": 0.6766184498814726,
        "p50": 0.8101229999999999,
        "p90": 2.100991,
        "p95": 2.2363082,
        "p99": 2.4686470799999998
      },
      "getHitLatencies": {
        "count": 6913892,
        "min": 0.082844,
        "max": 8.200066,
        "mean": 1.0960381438778826,
        "stdDev": 0.6765110920006348,
        "p50": 0.834141,
        "p90": 2.1235197,
        "p95": 2.2523175499999994,
        "p99": 2.46744279
      },
      "getMissLatencies": {
        "count": 1727163,
        "min": 0.078073,
        "max": 7.646166,
        "mean": 1.0964383592851543,
        "stdDev": 0.6767325654174984,
        "p50": 0.810002,
        "p90": 2.0994005,
        "p95": 2.2369435,
        "p99": 2.4530026099999995
      },
      "timestamp": 1756219195573
    },
    {
      "setCommands": 2158995,
      "getCommands": 8644348,
      "getHits": 6916502,
      "getMisses": 1727846,
      "setErrors": 0,
      "getErrors": 0,
      "setLatencies": {
        "count": 2158995,
        "min": 0.088324,
        "max": 7.842944,
        "mean": 1.1044461881430707,
        "stdDev": 0.6766899840873752,
        "p50": 0.8101229999999999,
        "p90": 2.100991,
        "p95": 2.2363082,
        "p99": 2.4686470799999998
      },
      "getHitLatencies": {
        "count": 6916502,
        "min": 0.082844,
        "max": 8.200066,
        "mean": 1.0961045670850857,
        "stdDev": 0.6765807066176464,
        "p50": 0.834141,
        "p90": 2.1235197,
        "p95": 2.2523175499999994,
        "p99": 2.46744279
      },
      "getMissLatencies": {
        "count": 1727846,
        "min": 0.078073,
        "max": 7.646166,
        "mean": 1.096513618563242,
        "stdDev": 0.6768219470401539,
        "p50": 0.810002,
        "p90": 2.0994005,
        "p95": 2.2369435,
        "p99": 2.4530026099999995
      },
      "timestamp": 1756219195629
    }
  ],
  "resourceCheckpoints": [
    {
      "timestamp": 1756219105579,
      "processCpuLoad": 17.264906555918124,
      "systemCpuLoad": 17.18862567275501,
      "availableProcessors": 4,
      "usedMemory": 2066,
      "totalMemory": 4096,
      "maxMemory": 4096,
      "heapUsed": 2064,
      "heapCommitted": 4096,
      "heapMax": 4096,
      "nonHeapUsed": 13,
      "usedPhysicalMemory": 48787,
      "totalPhysicalMemory": 126507
    },
    {
      "timestamp": 1756219135575,
      "processCpuLoad": 17.01617862216662,
      "systemCpuLoad": 16.937723966837005,
      "availableProcessors": 4,
      "usedMemory": 2236,
      "totalMemory": 4096,
      "maxMemory": 4096,
      "heapUsed": 2234,
      "heapCommitted": 4096,
      "heapMax": 4096,
      "nonHeapUsed": 17,
      "usedPhysicalMemory": 48793,
      "totalPhysicalMemory": 126507
    },
    {
      "timestamp": 1756219165575,
      "processCpuLoad": 17.132302989130434,
      "systemCpuLoad": 16.95221111181878,
      "availableProcessors": 4,
      "usedMemory": 2360,
      "totalMemory": 4096,
      "maxMemory": 4096,
      "heapUsed": 2356,
      "heapCommitted": 4096,
      "heapMax": 4096,
      "nonHeapUsed": 17,
      "usedPhysicalMemory": 48796,
      "totalPhysicalMemory": 126507
    },
    {
      "timestamp": 1756219195575,