{
  "implementation": "JNI",
  "durationSec": 120.064955052,
  "finalMetrics": {
    "setCommands": 1440108,
    "getCommands": 5762623,
    "getHits": 4609141,
    "getMisses": 1153482,
    "setErrors": 0,
    "getErrors": 0,
    "setLatencies": {
      "count": 1440108,
      "min": 0.079775,
      "max": 9.046128,
      "mean": 0.8778504972654657,
      "stdDev": 0.6911508969905632,
      "p50": 0.5398734999999999,
      "p90": 1.9180837,
      "p95": 2.0542508499999994,
      "p99": 2.27182349
    },
    "getHitLatencies": {
      "count": 4609141,
      "min": 0.072978,
      "max": 9.616581,
      "mean": 0.8683657286064388,
      "stdDev": 0.6911288982743486,
      "p50": 0.5209185000000001,
      "p90": 1.9651768,
      "p95": 2.07322035,
      "p99": 2.3563912399999998
    },
    "getMissLatencies": {
      "count": 1153482,
      "min": 0.072136,
      "max": 8.702292,
      "mean": 0.8710748095436354,
      "stdDev": 0.6931433437953899,
      "p50": 0.540121,
      "p90": 1.9188096000000001,
      "p95": 2.0512474000000003,
      "p99": 2.2443755100000002
    },
    "timestamp": 1756218954884
  },
  "checkpoints": [
    {
      "setCommands": 359510,
      "getCommands": 1440471,
      "getHits": 1152058,
      "getMisses": 288413,
      "setErrors": 0,
      "getErrors": 0,
      "setLatencies": {
        "count": 359510,
        "min": 0.084485,
        "max": 9.046128,
        "mean": 0.8976876694834527,
        "stdDev": 0.700688009793597,
        "p50": 0.555762,
        "p90": 1.9661186,
        "p95": 2.13084035,
        "p99": 2.42458507
      },
      "getHitLatencies": {
        "count": 1152161,
        "min": 0.076956,
        "max": 9.616581,
        "mean": 0.8895677816754757,
        "stdDev": 0.7002836930453229,
        "p50": 0.5773355,
        "p90": 2.0010001,
        "p95": 2.12862965,
        "p99": 2.4619888499999996
      },
      "getMissLatencies": {
        "count": 288457,
        "min": 0.078593,
        "max": 8.702292,
        "mean": 0.8909850476258224,
        "stdDev": 0.7034623237892292,
        "p50": 0.5555,
        "p90": 1.973296,
        "p95": 2.0931436,
        "p99": 2.4183673299999993
      },
      "timestamp": 1756218864845
    },
    {
      "setCommands": 719121,
      "getCommands": 2880952,
      "getHits": 2304433,
      "getMisses": 576519,
      "setErrors": 0,
      "getErrors": 0,
      "setLatencies": {
        "count": 719121,
        "min": 0.084485,
        "max": 9.046128,
        "mean": 0.8850137541262164,
        "stdDev": 0.6953161058753458,
        "p50": 0.5450425,
        "p90": 1.9538008,
        "p95": 2.0898022999999997,
        "p99": 2.38810494
      },
      "getHitLatencies": {
        "count": 2304445,
        "min": 0.07565,
        "max": 9.616581,
        "mean": 0.8752947714811654,
        "stdDev": 0.6948484358757295,
        "p50": 0.5473555,
        "p90": 1.970534,
        "p95": 2.0870892499999996,
        "p99": 2.39449556
      },
      "getMissLatencies": {
        "count": 576525,
        "min": 0.076044,
        "max": 8.702292,
        "mean": 0.8778791623572233,
        "stdDev": 0.6970599455803955,
        "p50": 0.5465565,
        "p90": 1.9544283,
        "p95": 2.0529569,
        "p99": 2.27611837
      },
      "timestamp": 1756218894841
    },
    {
      "setCommands": 1078844,
      "getCommands": 4321310,
      "getHits": 3456486,
      "getMisses": 864824,
      "setErrors": 0,
      "getErrors": 0,
      "setLatencies": {
        "count": 1078844,
        "min": 0.084485,
        "max": 9.046128,
        "mean": 0.8802350802015823,
        "stdDev": 0.6925079785305197,
        "p50": 0.5369335,
        "p90": 1.9469489,
        "p95": 2.0833511,
        "p99": 2.30918333
      },
      "getHitLatencies": {
        "count": 3456487,
        "min": 0.07565,
        "max": 9.616581,
        "mean": 0.8705996559616406,
        "stdDev": 0.6923262703942074,
        "p50": 0.5189954999999999,
        "p90": 1.9624278,
        "p95": 2.0785986999999997,
        "p99": 2.35742517
      },
      "getMissLatencies": {
        "count": 864829,
        "min": 0.073694,
        "max": 8.702292,
        "mean": 0.8729945839524301,
        "stdDev": 0.6943477726566462,
        "p50": 0.547026,
        "p90": 1.9472289000000003,
        "p95": 2.0529781,
        "p99": 2.24672734
      },
      "timestamp": 1756218924841
    },
    {
      "setCommands": 1439620,
      "getCommands": 5760594,
      "getHits": 4607521,
      "getMisses": 1153073,
      "setErrors": 0,
      "getErrors": 0,
      "setLatencies": {
        "count": 1439620,
        "min": 0.079775,
        "max": 9.046128,
        "mean": 0.8778473050096381,
        "stdDev": 0.6911506032758405,
        "p50": 0.5398734999999999,
        "p90": 1.9180837,
        "p95": 2.0542508499999994,
        "p99": 2.27182349
      },
      "getHitLatencies": {
        "count": 4607525,
        "min": 0.072978,
        "max": 9.616581,
        "mean": 0.8683557393895435,
        "stdDev": 0.6911266089371964,
        "p50": 0.5209185000000001,
        "p90": 1.9579575,
        "p95": 2.0713642,
        "p99": 2.3563912399999998
      },
      "getMissLatencies": {
        "count": 1153078,
        "min": 0.072136,
        "max": 8.702292,
        "mean": 0.8710860141959273,
        "stdDev": 0.693147738607217,
        "p50": 0.539736,
        "p90": 1.9215115000000003,
        "p95": 2.05177175,
        "p99": 2.2443755100000002
      },
      "timestamp": 1756218954840
    },
    {
      "setCommands": 1440108,
      "getCommands": 5762623,
      "getHits": 4609141,
      "getMisses": 1153482,
      "setErrors": 0,
      "getErrors": 0,
      "setLatencies": {
        "count": 1440108,
        "min": 0.079775,
        "max": 9.046128,
        "mean": 0.8778504972654657,
        "stdDev": 0.6911508969905632,
        "p50": 0.5398734999999999,
        "p90": 1.9180837,
        "p95": 2.0542508499999994,
        "p99": 2.27182349
      },
      "getHitLatencies": {
        "count": 4609141,
        "min": 0.072978,
        "max": 9.616581,
        "mean": 0.8683657286064388,
        "stdDev": 0.6911288982743486,
        "p50": 0.5209185000000001,
        "p90": 1.9651768,
        "p95": 2.07322035,
        "p99": 2.3563912399999998
      },
      "getMissLatencies": {
        "count": 1153482,
        "min": 0.072136,
        "max": 8.702292,
        "mean": 0.8710748095436354,
        "stdDev": 0.6931433437953899,
        "p50": 0.540121,
        "p90": 1.9188096000000001,
        "p95": 2.0512474000000003,
        "p99": 2.2443755100000002
      },
      "timestamp": 1756218954884
    }
  ],
  "resourceCheckpoints": [
    {
      "timestamp": 1756218864847,
      "processCpuLoad": 17.501668568475896,
      "systemCpuLoad": 16.408302114283252,
      "availableProcessors": 4,
      "usedMemory": 437,
      "totalMemory": 4096,
      "maxMemory": 4096,
      "heapUsed": 434,
      "heapCommitted": 4096,
      "heapMax": 4096,
      "nonHeapUsed": 13,
      "usedPhysicalMemory": 48857,
      "totalPhysicalMemory": 126507
    },
    {
      "timestamp": 1756218894844,
      "processCpuLoad": 17.115172964457585,
      "systemCpuLoad": 15.928267765812814,
      "availableProcessors": 4,
      "usedMemory": 1316,
      "totalMemory": 4096,
      "maxMemory": 4096,
      "heapUsed": 1314,
      "heapCommitted": 4096,
      "heapMax": 4096,
      "nonHeapUsed": 17,
      "usedPhysicalMemory": 48791,
      "totalPhysicalMemory": 126507
    },
    {
      "timestamp": 1756218924843,
      "processCpuLoad": 17.062746875607072,
      "systemCpuLoad": 15.855816965249298,
      "availableProcessors": 4,
      "usedMemory": 2278,
      "totalMemory": 4096,
      "maxMemory": 4096,
      "heapUsed": 2276,
      "heapCommitted": 4096,
      "heapMax": 4096,
      "nonHeapUsed": 17,
      "usedPhysicalMemory": 48787,
      "totalPhysicalMemory": 126507
    },
    {
      "timestamp": 1756218954842,