{
  "implementation": "JNI",
  "durationSec": 120.07386652,
  "finalMetrics": {
    "setCommands": 1682875,
    "getCommands": 6720893,
    "getHits": 5375958,
    "getMisses": 1344935,
    "setErrors": 0,
    "getErrors": 0,
    "setLatencies": {
      "count": 1682875,
      "min": 0.120552,
      "max": 8.97385,
      "mean": 1.347763073506405,
      "stdDev": 0.5901780268463842,
      "p50": 1.1423845,
      "p90": 2.1650858,
      "p95": 2.3168103999999996,
      "p99": 2.68856503
    },
    "getHitLatencies": {
      "count": 5375958,
      "min": 0.112434,
      "max": 9.138713,
      "mean": 1.3713052597280557,
      "stdDev": 0.6161445872851369,
      "p50": 1.1545775,
      "p90": 2.2682945,
      "p95": 2.437013349999999,
      "p99": 2.7044928599999998
    },
    "getMissLatencies": {
      "count": 1344935,
      "min": 0.099514,
      "max": 8.737544,
      "mean": 1.3578759352771739,
      "stdDev": 0.6206230412130206,
      "p50": 1.153626,
      "p90": 2.2658006,
      "p95": 2.4676543,
      "p99": 2.78464246
    },
    "timestamp": 1756219917627
  },
  "checkpoints": [
    {
      "setCommands": 420388,
      "getCommands": 1679557,
      "getHits": 1342948,
      "getMisses": 336609,
      "setErrors": 0,
      "getErrors": 0,
      "setLatencies": {
        "count": 420389,
        "min": 0.120631,
        "max": 7.458207,
        "mean": 1.3641506771466663,
        "stdDev": 0.5912647468786013,
        "p50": 1.187231,
        "p90": 2.2020329000000003,
        "p95": 2.3607954499999995,
        "p99": 2.7354183799999996
      },
      "getHitLatencies": {
        "count": 1343047,
        "min": 0.112434,
        "max": 8.048977,
        "mean": 1.3871282507521832,
        "stdDev": 0.6172075287776977,
        "p50": 1.180285,
        "p90": 2.2817173000000004,
        "p95": 2.4631742,
        "p99": 2.73864323
      },
      "getMissLatencies": {
        "count": 336653,
        "min": 0.10195,
        "max": 7.091611,
        "mean": 1.3733896669656809,
        "stdDev": 0.6213178082214641,
        "p50": 1.169829,
        "p90": 2.2875934000000004,
        "p95": 2.4816629,
        "p99": 2.7854899
      },
      "timestamp": 1756219827577
    },
    {
      "setCommands": 840387,
      "getCommands": 3359728,
      "getHits": 2687639,
      "getMisses": 672089,
      "setErrors": 0,
      "getErrors": 0,
      "setLatencies": {
        "count": 840387,
        "min": 0.120631,
        "max": 8.97385,
        "mean": 1.3615085147259505,
        "stdDev": 0.5922958651817601,
        "p50": 1.1417715,
        "p90": 2.1760031,
        "p95": 2.3479408499999996,
        "p99": 2.77905857
      },
      "getHitLatencies": {
        "count": 2687653,
        "min": 0.112434,
        "max": 9.138713,
        "mean": 1.3838314828762541,
        "stdDev": 0.617703549710432,
        "p50": 1.1508205,
        "p90": 2.2646424,
        "p95": 2.46526285,
        "p99": 2.6958680000000004
      },
      "getMissLatencies": {
        "count": 672092,
        "min": 0.10195,
        "max": 8.737544,
        "mean": 1.370174678734454,
        "stdDev": 0.6222355973952267,
        "p50": 1.157041,
        "p90": 2.2552936000000003,
        "p95": 2.43553955,
        "p99": 2.7414292
      },
      "timestamp": 1756219857572
    },
    {
      "setCommands": 1260849,
      "getCommands": 5039307,
      "getHits": 4030980,
      "getMisses": 1008327,
      "setErrors": 0,
      "getErrors": 0,
      "setLatencies": {
        "count": 1260849,
        "min": 0.120552,
        "max": 8.97385,
        "mean": 1.3512171234628736,
        "stdDev": 0.5902097769506417,
        "p50": 1.152972,
        "p90": 2.1694117,
        "p95": 2.3314677499999994,
        "p99": 2.7555710299999996
      },
      "getHitLatencies": {
        "count": 4031003,
        "min": 0.112434,
        "max": 9.138713,
        "mean": 1.3741382689947972,
        "stdDev": 0.6155009704436257,
        "p50": 1.134703,
        "p90": 2.2527457999999996,
        "p95": 2.4362855,
        "p99": 2.69928625
      },
      "getMissLatencies": {
        "count": 1008350,
        "min": 0.10195,
        "max": 8.737544,
        "mean": 1.3605070859364226,
        "stdDev": 0.6201814656054662,
        "p50": 1.1564435,
        "p90": 2.2659473,
        "p95": 2.4632414,
        "p99": 2.77311676
      },
      "timestamp": 1756219887573
    },
    {
      "setCommands": 1682226,
      "getCommands": 6718048,
      "getHits": 5373664,
      "getMisses": 1344384,
      "setErrors": 0,
      "getErrors": 0,
      "setLatencies": {
        "count": 1682226,
        "min": 0.120552,
        "max": 8.97385,
        "mean": 1.3477010447437463,
        "stdDev": 0.5901184383818275,
        "p50": 1.1423845,
        "p90": 2.1650858,
        "p95": 2.3168103999999996,
        "p99": 2.68856503
      },
      "getHitLatencies": {
        "count": 5373764,
        "min": 0.112434,
        "max": 9.138713,
        "mean": 1.3712473741165643,
        "stdDev": 0.6161064010534774,
        "p50": 1.1545775,
        "p90": 2.2682945,
        "p95": 2.437013349999999,
        "p99": 2.7044928599999998
      },
      "getMissLatencies": {
        "count": 1344414,
        "min": 0.099514,
        "max": 8.737544,
        "mean": 1.3578242153949645,
        "stdDev": 0.620592714556243,
        "p50": 1.153626,
        "p90": 2.2658006,
        "p95": 2.4676543,
        "p99": 2.78464246
      },
      "timestamp": 1756219917575
    },
    {
      "setCommands": 1682875,
      "getCommands": 6720893,
      "getHits": 5375958,
      "getMisses": 1344935,
      "setErrors": 0,
      "getErrors": 0,
      "setLatencies": {
        "count": 1682875,
        "min": 0.120552,
        "max": 8.97385,
        "mean": 1.347763073506405,
        "stdDev": 0.5901780268463842,
        "p50": 1.1423845,
        "p90": 2.1650858,
        "p95": 2.3168103999999996,
        "p99": 2.68856503
      },
      "getHitLatencies": {
        "count": 5375958,
        "min": 0.112434,
        "max": 9.138713,
        "mean": 1.3713052597280557,
        "stdDev": 0.6161445872851369,
        "p50": 1.1545775,
        "p90": 2.2682945,
        "p95": 2.437013349999999,
        "p99": 2.7044928599999998
      },
      "getMissLatencies": {
        "count": 1344935,
        "min": 0.099514,
        "max": 8.737544,
        "mean": 1.3578759352771739,
        "stdDev": 0.6206230412130206,
        "p50": 1.153626,
        "p90": 2.2658006,
        "p95": 2.4676543,
        "p99": 2.78464246
      },
      "timestamp": 1756219917627
    }
  ],
  "resourceCheckpoints": [
    {
      "timestamp": 1756219827581,
      "processCpuLoad": 18.786571562806987,
      "systemCpuLoad": 18.611852642819006,
      "availableProcessors": 4,
      "usedMemory": 1873,
      "totalMemory": 4096,
      "maxMemory": 4096,
      "heapUsed": 1870,
      "heapCommitted": 4096,
      "heapMax": 4096,
      "nonHeapUsed": 13,
      "usedPhysicalMemory": 48869,
      "totalPhysicalMemory": 126507
    },
    {
      "timestamp": 1756219857574,
      "processCpuLoad": 18.493677375256322,
      "systemCpuLoad": 18.42999038769625,
      "availableProcessors": 4,
      "usedMemory": 1568,
      "totalMemory": 4096,
      "maxMemory": 4096,
      "heapUsed": 1565,
      "heapCommitted": 4096,
      "heapMax": 4096,
      "nonHeapUsed": 17,
      "usedPhysicalMemory": 48889,
      "totalPhysicalMemory": 126507
    },
    {
      "timestamp": 1756219887576,
      "processCpuLoad": 18.91712517930163,
      "systemCpuLoad": 18.589167201883967,
      "availableProcessors": 4,
      "usedMemory": 1237,
      "totalMemory": 4096,
      "maxMemory": 4096,
      "heapUsed": 1232,
      "heapCommitted": 4096,
      "heapMax": 4096,
      "nonHeapUsed": 17,
      "usedPhysicalMemory": 48895,
      "totalPhysicalMemory": 126507
    },
    {
      "timestamp": 1756219917577,
      "processCpuLoad": 18.785842677394506,
      "systemCpuLoad": 18.381802229783226,