{
  "implementation": "JNI",
  "durationSec": 120.062988812,
  "finalMetrics": {
    "setCommands": 240629,
    "getCommands": 959774,
    "getHits": 767645,
    "getMisses": 192129,
    "setErrors": 0,
    "getErrors": 0,
    "setLatencies": {
      "count": 240629,
      "min": 0.094493,
      "max": 8.376386,
      "mean": 0.6699282022823444,
      "stdDev": 0.6524030677642777,
      "p50": 0.2803925,
      "p90": 1.6932291,
      "p95": 1.86697745,
      "p99": 1.9823811500000001
    },
    "getHitLatencies": {
      "count": 767645,
      "min": 0.083813,
      "max": 8.802377,
      "mean": 0.6587427352057232,
      "stdDev": 0.6515368906498097,
      "p50": 0.2801745,
      "p90": 1.7157240999999999,
      "p95": 1.87775465,
      "p99": 1.97927584
    },
    "getMissLatencies": {
      "count": 192129,
      "min": 0.08236,
      "max": 8.598147,
      "mean": 0.6575214904309116,
      "stdDev": 0.6528872519521386,
      "p50": 0.27829,
      "p90": 1.7332764,
      "p95": 1.8364074,
      "p99": 1.97473263
    },
    "timestamp": 1756218714442
  },
  "checkpoints": [
    {
      "setCommands": 60484,
      "getCommands": 239508,
      "getHits": 191457,
      "getMisses": 48051,
      "setErrors": 0,
      "getErrors": 0,
      "setLatencies": {
        "count": 60485,
        "min": 0.095972,
        "max": 4.248129,
        "mean": 0.6684767184921862,
        "stdDev": 0.65107822743471,
        "p50": 0.2820665,
        "p90": 1.6888191,
        "p95": 1.8743168499999998,
        "p99": 1.9952085800000001
      },
      "getHitLatencies": {
        "count": 191480,
        "min": 0.087617,
        "max": 4.878569,
        "mean": 0.6601836776216834,
        "stdDev": 0.6517901991344051,
        "p50": 0.27965700000000004,
        "p90": 1.6852740000000002,
        "p95": 1.88127335,
        "p99": 2.00740778
      },
      "getMissLatencies": {
        "count": 48056,
        "min": 0.0855,
        "max": 4.992398,
        "mean": 0.6598161541742977,
        "stdDev": 0.653457758688742,
        "p50": 0.2760095,
        "p90": 1.7167981,
        "p95": 1.83916,
        "p99": 1.9655265599999998
      },
      "timestamp": 1756218624404
    },
    {
      "setCommands": 120976,
      "getCommands": 479018,
      "getHits": 382990,
      "getMisses": 96028,
      "setErrors": 0,
      "getErrors": 0,
      "setLatencies": {
        "count": 120976,
        "min": 0.095972,
        "max": 7.124557,
        "mean": 0.6676412751620129,
        "stdDev": 0.6505364038300763,
        "p50": 0.2810005,
        "p90": 1.6487927999999998,
        "p95": 1.8505374999999997,
        "p99": 1.97579961
      },
      "getHitLatencies": {
        "count": 382994,
        "min": 0.085247,
        "max": 7.069909,
        "mean": 0.6600727127996707,
        "stdDev": 0.6518899027690516,
        "p50": 0.28638600000000003,
        "p90": 1.7176949000000001,
        "p95": 1.8796735999999998,
        "p99": 2.0070208099999998
      },
      "getMissLatencies": {
        "count": 96031,
        "min": 0.0855,
        "max": 7.185725,
        "mean": 0.6557781731836622,
        "stdDev": 0.6512917689430537,
        "p50": 0.274726,
        "p90": 1.7134194,
        "p95": 1.83681115,
        "p99": 1.97473147
      },
      "timestamp": 1756218654401
    },
    {
      "setCommands": 180785,
      "getCommands": 719202,
      "getHits": 575397,
      "getMisses": 143805,
      "setErrors": 0,
      "getErrors": 0,
      "setLatencies": {
        "count": 180785,
        "min": 0.094493,
        "max": 8.376386,
        "mean": 0.6684162437978791,
        "stdDev": 0.6517380078934417,
        "p50": 0.281817,
        "p90": 1.6984790000000003,
        "p95": 1.8717089,
        "p99": 1.99409069
      },
      "getHitLatencies": {
        "count": 575404,
        "min": 0.083813,
        "max": 7.911397,
        "mean": 0.6592554746560715,
        "stdDev": 0.6513521076243941,
        "p50": 0.28348700000000004,
        "p90": 1.7154052999999998,
        "p95": 1.8581989999999997,
        "p99": 1.9793298099999999
      },
      "getMissLatencies": {
        "count": 143807,
        "min": 0.08236,
        "max": 7.435386,
        "mean": 0.6572214251183901,
        "stdDev": 0.6515747777544477,
        "p50": 0.2753995,
        "p90": 1.7167455,
        "p95": 1.8309970999999998,
        "p99": 1.9655595899999998
      },
      "timestamp": 1756218684401
    },
    {
      "setCommands": 240543,
      "getCommands": 959447,
      "getHits": 767386,
      "getMisses": 192061,
      "setErrors": 0,
      "getErrors": 0,
      "setLatencies": {
        "count": 240543,
        "min": 0.094493,
        "max": 8.376386,
        "mean": 0.6699015495815643,
        "stdDev": 0.6523882891819571,
        "p50": 0.28033149999999996,
        "p90": 1.6932291,
        "p95": 1.86697745,
        "p99": 1.9823811500000001
      },
      "getHitLatencies": {
        "count": 767392,
        "min": 0.083813,
        "max": 8.802377,
        "mean": 0.6587119179311195,
        "stdDev": 0.6515243961923217,
        "p50": 0.2801745,
        "p90": 1.7157240999999999,
        "p95": 1.87775465,
        "p99": 1.97927584
      },
      "getMissLatencies": {
        "count": 192062,
        "min": 0.08236,
        "max": 8.598147,
        "mean": 0.6574874940227665,
        "stdDev": 0.6528775390744639,
        "p50": 0.27829,
        "p90": 1.7332764,
        "p95": 1.8364074,
        "p99": 1.97473263
      },
      "timestamp": 1756218714401
    },
    {
      "setCommands": 240629,
      "getCommands": 959774,
      "getHits": 767645,
      "getMisses": 192129,
      "setErrors": 0,
      "getErrors": 0,
      "setLatencies": {
        "count": 240629,
        "min": 0.094493,
        "max": 8.376386,
        "mean": 0.6699282022823444,
        "stdDev": 0.6524030677642777,
        "p50": 0.2803925,
        "p90": 1.6932291,
        "p95": 1.86697745,
        "p99": 1.9823811500000001
      },
      "getHitLatencies": {
        "count": 767645,
        "min": 0.083813,
        "max": 8.802377,
        "mean": 0.6587427352057232,
        "stdDev": 0.6515368906498097,
        "p50": 0.2801745,
        "p90": 1.7157240999999999,
        "p95": 1.87775465,
        "p99": 1.97927584
      },
      "getMissLatencies": {
        "count": 192129,
        "min": 0.08236,
        "max": 8.598147,
        "mean": 0.6575214904309116,
        "stdDev": 0.6528872519521386,
        "p50": 0.27829,
        "p90": 1.7332764,
        "p95": 1.8364074,
        "p99": 1.97473263
      },
      "timestamp": 1756218714442
    }
  ],
  "resourceCheckpoints": [
    {
      "timestamp": 1756218624406,
      "processCpuLoad": 5.434618454833768,
      "systemCpuLoad": 3.087511866747217,
      "availableProcessors": 4,
      "usedMemory": 86,
      "totalMemory": 4096,
      "maxMemory": 4096,
      "heapUsed": 82,
      "heapCommitted": 4096,
      "heapMax": 4096,
      "nonHeapUsed": 13,
      "usedPhysicalMemory": 46528,
      "totalPhysicalMemory": 126507
    },
    {
      "timestamp": 1756218654403,
      "processCpuLoad": 5.327435537814219,
      "systemCpuLoad": 3.025072282397618,
      "availableProcessors": 4,
      "usedMemory": 644,
      "totalMemory": 4096,
      "maxMemory": 4096,
      "heapUsed": 640,
      "heapCommitted": 4096,
      "heapMax": 4096,
      "nonHeapUsed": 17,
      "usedPhysicalMemory": 46965,
      "totalPhysicalMemory": 126507
    },
    {
      "timestamp": 1756218684403,
      "processCpuLoad": 5.288046294696839,
      "systemCpuLoad": 2.9106926930385213,
      "availableProcessors": 4,
      "usedMemory": 1204,
      "totalMemory": 4096,
      "maxMemory": 4096,
      "heapUsed": 1200,
      "heapCommitted": 4096,
      "heapMax": 4096,
      "nonHeapUsed": 17,
      "usedPhysicalMemory": 47527,
      "totalPhysicalMemory": 126507
    },
    {
      "timestamp": 1756218714403,
      "processCpuLoad": 5.295983771068476,
      "systemCpuLoad": 2.9329247237569063,