{
  "implementation": "JNI",
  "durationSec": 120.062081035,
  "finalMetrics": {
    "setCommands": 240615,
    "getCommands": 959793,
    "getHits": 767221,
    "getMisses": 192572,
    "setErrors": 0,
    "getErrors": 0,
    "setLatencies": {
      "count": 240615,
      "min": 0.097127,
      "max": 6.982564,
      "mean": 0.6784528729173147,
      "stdDev": 0.6542303656092912,
      "p50": 0.321511,
      "p90": 1.7905362000000002,
      "p95": 1.92926055,
      "p99": 2.03177414
    },
    "getHitLatencies": {
      "count": 767221,
      "min": 0.09899,
      "max": 7.637829,
      "mean": 0.6861436480714108,
      "stdDev": 0.6648876587985421,
      "p50": 0.30948,
      "p90": 1.7957372000000003,
      "p95": 1.91950835,
      "p99": 2.0251052
    },
    "getMissLatencies": {
      "count": 192572,
      "min": 0.07489,
      "max": 7.565748,
      "mean": 0.6613255412624885,
      "stdDev": 0.6669120726443438,
      "p50": 0.3170725,
      "p90": 1.7437479,
      "p95": 1.8803489,
      "p99": 2.00253663
    },
    "timestamp": 1756219436521
  },
  "checkpoints": [
    {
      "setCommands": 59911,
      "getCommands": 240084,
      "getHits": 191851,
      "getMisses": 48233,
      "setErrors": 0,
      "getErrors": 0,
      "setLatencies": {
        "count": 59911,
        "min": 0.09926,
        "max": 3.617557,
        "mean": 0.6847231502895973,
        "stdDev": 0.6521922002344723,
        "p50": 0.325983,
        "p90": 1.8006414000000002,
        "p95": 1.9182676499999998,
        "p99": 2.03996343
      },
      "getHitLatencies": {
        "count": 191867,
        "min": 0.102699,
        "max": 4.706457,
        "mean": 0.6909319796317248,
        "stdDev": 0.6642251734736292,
        "p50": 0.31251,
        "p90": 1.7772503000000002,
        "p95": 1.9026507499999998,
        "p99": 2.0309259799999997
      },
      "getMissLatencies": {
        "count": 48239,
        "min": 0.076556,
        "max": 4.036759,
        "mean": 0.6632515246792023,
        "stdDev": 0.6655092126855737,
        "p50": 0.2863485,
        "p90": 1.7504859,
        "p95": 1.89202355,
        "p99": 2.00256019
      },
      "timestamp": 1756219346483
    },
    {
      "setCommands": 119902,
      "getCommands": 480087,
      "getHits": 383775,
      "getMisses": 96312,
      "setErrors": 0,
      "getErrors": 0,
      "setLatencies": {
        "count": 119902,
        "min": 0.09926,
        "max": 6.982564,
        "mean": 0.6823417091875066,
        "stdDev": 0.6550447319727877,
        "p50": 0.319328,
        "p90": 1.7785133,
        "p95": 1.9242392499999998,
        "p99": 2.03182466
      },
      "getHitLatencies": {
        "count": 383779,
        "min": 0.102441,
        "max": 7.413788,
        "mean": 0.6880320425635567,
        "stdDev": 0.6658533280430976,
        "p50": 0.31601250000000003,
        "p90": 1.8035065,
        "p95": 1.9235629,
        "p99": 2.0292390200000003
      },
      "getMissLatencies": {
        "count": 96315,
        "min": 0.07489,
        "max": 7.565748,
        "mean": 0.659007192399935,
        "stdDev": 0.6660742840182645,
        "p50": 0.28577600000000003,
        "p90": 1.7629938,
        "p95": 1.8775875499999999,
        "p99": 1.99901826
      },
      "timestamp": 1756219376479
    },
    {
      "setCommands": 180092,
      "getCommands": 719900,
      "getHits": 575483,
      "getMisses": 144417,
      "setErrors": 0,
      "getErrors": 0,
      "setLatencies": {
        "count": 180092,
        "min": 0.099033,
        "max": 6.982564,
        "mean": 0.6800890943573289,
        "stdDev": 0.6546050847848139,
        "p50": 0.331852,
        "p90": 1.8060298,
        "p95": 1.93446295,
        "p99": 2.0419285
      },
      "getHitLatencies": {
        "count": 575484,
        "min": 0.100184,
        "max": 7.413788,
        "mean": 0.686428575664991,
        "stdDev": 0.6646695296429018,
        "p50": 0.315168,
        "p90": 1.7873326,
        "p95": 1.9102434499999998,
        "p99": 2.0280004899999997
      },
      "getMissLatencies": {
        "count": 144419,
        "min": 0.07489,
        "max": 7.565748,
        "mean": 0.6593195801868178,
        "stdDev": 0.6653836196733162,
        "p50": 0.299156,
        "p90": 1.7651379,
        "p95": 1.8827829499999997,
        "p99": 2.00073215
      },
      "timestamp": 1756219406479
    },
    {
      "setCommands": 240535,
      "getCommands": 959456,
      "getHits": 766940,
      "getMisses": 192516,
      "setErrors": 0,
      "getErrors": 0,
      "setLatencies": {
        "count": 240535,
        "min": 0.097127,
        "max": 6.982564,
        "mean": 0.678434076529402,
        "stdDev": 0.6542188258130263,
        "p50": 0.321948,
        "p90": 1.7905362000000002,
        "p95": 1.92926055,
        "p99": 2.03177414
      },
      "getHitLatencies": {
        "count": 766943,
        "min": 0.09899,
        "max": 7.637829,
        "mean": 0.6861549589161069,
        "stdDev": 0.664898182392764,
        "p50": 0.30948,
        "p90": 1.7957372000000003,
        "p95": 1.91950835,
        "p99": 2.0251052
      },
      "getMissLatencies": {
        "count": 192517,
        "min": 0.07489,
        "max": 7.565748,
        "mean": 0.6613075853560981,
        "stdDev": 0.666911530523376,
        "p50": 0.3170725,
        "p90": 1.7437479,
        "p95": 1.8803489,
        "p99": 2.00253663
      },
      "timestamp": 1756219436479
    },
    {
      "setCommands": 240615,
      "getCommands": 959793,
      "getHits": 767221,
      "getMisses": 192572,
      "setErrors": 0,
      "getErrors": 0,
      "setLatencies": {
        "count": 240615,
        "min": 0.097127,
        "max": 6.982564,
        "mean": 0.6784528729173147,
        "stdDev": 0.6542303656092912,
        "p50": 0.321511,
        "p90": 1.7905362000000002,
        "p95": 1.92926055,
        "p99": 2.03177414
      },
      "getHitLatencies": {
        "count": 767221,
        "min": 0.09899,
        "max": 7.637829,
        "mean": 0.6861436480714108,
        "stdDev": 0.6648876587985421,
        "p50": 0.30948,
        "p90": 1.7957372000000003,
        "p95": 1.91950835,
        "p99": 2.0251052
      },
      "getMissLatencies": {
        "count": 192572,
        "min": 0.07489,
        "max": 7.565748,
        "mean": 0.6613255412624885,
        "stdDev": 0.6669120726443438,
        "p50": 0.3170725,
        "p90": 1.7437479,
        "p95": 1.8803489,
        "p99": 2.00253663
      },
      "timestamp": 1756219436521
    }
  ],
  "resourceCheckpoints": [
    {
      "timestamp": 1756219346484,
      "processCpuLoad": 6.009214994916611,
      "systemCpuLoad": 3.4199312120097773,
      "availableProcessors": 4,
      "usedMemory": 2044,
      "totalMemory": 4096,
      "maxMemory": 4096,
      "heapUsed": 2040,
      "heapCommitted": 4096,
      "heapMax": 4096,
      "nonHeapUsed": 13,
      "usedPhysicalMemory": 48397,
      "totalPhysicalMemory": 126507
    },
    {
      "timestamp": 1756219376480,
      "processCpuLoad": 5.63919532770928,
      "systemCpuLoad": 3.1106015704427956,
      "availableProcessors": 4,
      "usedMemory": 2043,
      "totalMemory": 4096,
      "maxMemory": 4096,
      "heapUsed": 2040,
      "heapCommitted": 4096,
      "heapMax": 4096,
      "nonHeapUsed": 17,
      "usedPhysicalMemory": 48817,
      "totalPhysicalMemory": 126507
    },
    {
      "timestamp": 1756219406480,
      "processCpuLoad": 5.555195436572244,
      "systemCpuLoad": 3.137356582614896,
      "availableProcessors": 4,
      "usedMemory": 2038,
      "totalMemory": 4096,
      "maxMemory": 4096,
      "heapUsed": 2036,
      "heapCommitted": 4096,
      "heapMax": 4096,
      "nonHeapUsed": 17,
      "usedPhysicalMemory": 48821,
      "totalPhysicalMemory": 126507
    },
    {
      "timestamp": 1756219436480,
      "processCpuLoad": 5.6113178160422255,
      "systemCpuLoad": 3.5821670380064465,
      "availableProcessors": 4,
      "usedMemory": 2026,